region,ym,confirmed,deaths,raw_deaths,days,dim,month,lat,south,season,epoch,pop,deaths_pm,cases_pm,cfr,temp_c,amplitude,lag
Alabama,2020-02-01,0.0,0.0,0.0,29,29,2,33.06935820714117,False,cold,E2019,4903185,0.0,0.0,,9.986206896551725,20.993548387096773,21
Alabama,2020-03-01,1063.0,183.0,23.0,31,31,3,33.06935820714117,False,cold,E2019,4903185,37.32267903413801,216.797856903217,0.17215428033866415,16.69677419354839,20.993548387096773,21
Alabama,2020-04-01,6124.0,346.0,249.0,30,30,4,33.06935820714117,False,transition,E2019,4903185,70.56637675306969,1248.9840787161813,0.05649902024820379,16.096666666666668,20.993548387096773,21
Alabama,2020-05-01,11013.0,310.0,358.0,31,31,5,33.06935820714117,False,warm,E2019,4903185,63.22421038569828,2246.091061218371,0.028148551711613547,20.4,20.993548387096773,21
Alabama,2020-06-01,20277.0,464.0,320.0,30,30,6,33.06935820714117,False,warm,E2019,4903185,94.6323665127871,4135.475206421948,0.022883069487596785,24.65666666666667,20.993548387096773,21
Alabama,2020-07-01,49789.0,693.0,630.0,31,31,7,33.06935820714117,False,warm,E2019,4903185,141.3367025718997,10154.420035140423,0.013918737070437245,26.83225806451613,20.993548387096773,21
Alabama,2020-08-01,38234.0,443.0,602.0,31,31,8,33.06935820714117,False,warm,E2019,4903185,90.34943613182044,7797.788580279961,0.011586546006172517,26.33225806451613,20.993548387096773,21
Alabama,2020-09-01,28272.0,389.0,358.0,30,30,9,33.06935820714117,False,warm,E2020,4903185,79.33618658076333,5766.0479871756825,0.013759196378041879,23.21333333333333,20.993548387096773,21
Alabama,2020-10-01,38841.0,629.0,427.0,31,31,10,33.06935820714117,False,transition,E2020,4903185,128.2839623632394,7921.585663196473,0.016194227749028088,19.05483870967742,20.993548387096773,21
Alabama,2020-11-01,55911.0,932.0,611.0,30,30,11,33.06935820714117,False,cold,E2020,4903185,190.08052928861545,11402.996215725085,0.016669349501886928,14.270000000000001,20.993548387096773,21
Alabama,2020-12-01,111702.0,1990.0,1249.0,31,31,12,33.06935820714117,False,cold,E2020,4903185,405.85864086303087,22781.51854355893,0.017815258455533473,7.380645161290323,20.993548387096773,21
Alabama,2021-01-01,98413.0,3213.0,2861.0,31,31,1,33.06935820714117,False,cold,E2020,4903185,655.2883482878985,20071.239408670077,0.032648125755743655,7.583870967741936,20.993548387096773,21
Alabama,2021-02-01,33613.0,844.0,2241.0,28,28,2,33.06935820714117,False,cold,E2020,4903185,172.13301150170756,6855.339947401536,0.025109332698658258,7.814285714285715,20.993548387096773,21
Alabama,2021-03-01,22136.0,371.0,624.0,31,31,3,33.06935820714117,False,cold,E2020,4903185,75.66510339707762,4514.616519670378,0.016760028912179255,14.693548387096774,20.993548387096773,21
Alabama,2021-04-01,12534.0,273.0,343.0,30,30,4,33.06935820714117,False,transition,E2020,4903185,55.678094952566546,2556.2975902398134,0.021780756342747728,15.876666666666667,20.993548387096773,21
Alabama,2021-05-01,15483.0,231.0,250.0,31,31,5,33.06935820714117,False,warm,E2020,4903185,47.11223419063323,3157.7433851669884,0.014919589226894013,20.625806451612902,20.993548387096773,21
Alabama,2021-06-01,7578.0,151.0,206.0,30,30,6,33.06935820714117,False,warm,E2020,4903185,30.79630892980787,1545.5260203316823,0.01992610187384534,24.259999999999998,20.993548387096773,21
Alabama,2021-07-01,34624.0,538.0,184.0,31,31,7,33.06935820714117,False,warm,E2020,4903185,109.72459737905055,7061.532452885216,0.015538354898336415,25.361290322580647,20.993548387096773,21
Alabama,2021-08-01,114122.0,1460.0,747.0,31,31,8,33.06935820714117,False,warm,E2020,4903185,297.76563601006285,23275.075282698897,0.01279332644012548,25.88064516129032,20.993548387096773,21
Alabama,2021-09-01,96746.0,1860.0,2016.0,30,30,9,33.06935820714117,False,warm,E2021,4903185,379.34526231418965,19731.25631604763,0.019225601058441694,22.62,20.993548387096773,21
Alabama,2021-10-01,35572.0,753.0,1274.0,31,31,10,33.06935820714117,False,transition,E2021,4903185,153.5736465175187,7254.876167225997,0.021168334645226584,19.02258064516129,20.993548387096773,21
Alabama,2021-11-01,13714.0,295.0,546.0,30,30,11,33.06935820714117,False,cold,E2021,4903185,60.16497439929352,2796.9574878369876,0.021510864809683537,10.9,20.993548387096773,21
Alabama,2021-12-01,50853.0,456.0,336.0,31,31,12,33.06935820714117,False,cold,E2021,4903185,93.00077398670456,10371.4218411094,0.008967022594537195,13.506451612903225,20.993548387096773,21
Alabama,2022-01-01,321643.0,1109.0,631.0,31,31,1,33.06935820714117,False,cold,E2021,4903185,226.17951392819157,65598.78935834565,0.0034479220750956805,5.838709677419355,20.993548387096773,21
Alabama,2022-02-01,61308.0,1160.0,1139.0,28,28,2,33.06935820714117,False,cold,E2021,4903185,236.58091628196775,12503.709323633515,0.018920858615515103,9.603571428571428,20.993548387096773,21
Alabama,2022-03-01,15762.0,436.0,1065.0,31,31,3,33.06935820714117,False,cold,E2021,4903185,88.92179267149822,3214.6451745141167,0.02766146428118259,13.180645161290323,20.993548387096773,21
Alabama,2022-04-01,5406.0,116.0,277.0,30,30,4,33.06935820714117,False,transition,E2021,4903185,23.658091628196775,1102.5486495002738,0.02145763965963744,16.686666666666667,20.993548387096773,21
Alabama,2022-05-01,14230.0,52.0,97.0,31,31,5,33.06935820714117,False,warm,E2021,4903185,10.605351419536484,2902.195205769311,0.0036542515811665496,22.738709677419354,20.993548387096773,21
Alabama,2022-06-01,42303.0,162.0,91.0,30,30,6,33.06935820714117,False,warm,E2021,4903185,33.03974865317136,8627.657328858691,0.003829515637188852,26.246666666666666,20.993548387096773,21
Alabama,2022-07-01,67145.0,182.0,136.0,31,31,7,33.06935820714117,False,warm,E2021,4903185,37.1187299683777,13694.160020476485,0.0027105517909002904,26.83225806451613,20.993548387096773,21
Alabama,2022-08-01,55194.0,281.0,157.0,31,31,8,33.06935820714117,False,warm,E2021,4903185,57.30968747864908,11256.764735574938,0.0050911330941769035,25.674193548387095,20.993548387096773,21
Alabama,2022-09-01,42530.0,211.0,374.0,30,30,9,33.06935820714117,False,warm,E2022,4903185,43.03325287542689,8673.953766786282,0.004961203856101575,23.186666666666667,20.993548387096773,21
Alabama,2022-10-01,12152.0,84.0,136.0,31,31,10,33.06935820714117,False,transition,E2022,4903185,17.13172152386663,2478.389047119372,0.0069124423963133645,16.383870967741935,20.993548387096773,21
Alabama,2022-11-01,14998.0,120.0,94.0,30,30,11,33.06935820714117,False,cold,E2022,4903185,24.473887891238043,3058.8280882732347,0.008001066808907855,12.873333333333333,20.993548387096773,21
Alabama,2022-12-01,19649.0,109.0,85.0,31,31,12,33.06935820714117,False,cold,E2022,4903185,22.230448167874556,4007.395193124469,0.005547356099547051,9.474193548387097,20.993548387096773,21
Alabama,2023-01-01,41601.0,53.0,133.0,31,31,1,33.06935820714117,False,cold,E2022,4903185,10.809300485296802,8484.485084694948,0.0012740078363500877,10.55483870967742,20.993548387096773,21
Alaska,2020-02-01,0.0,0.0,0.0,29,29,2,61.5692043399056,False,cold,E2019,740995,0.0,0.0,,-7.493103448275862,26.589999999999996,21
Alaska,2020-03-01,129.0,9.0,3.0,31,31,3,61.5692043399056,False,cold,E2019,740995,12.145830943528633,174.09024352391043,,-6.035483870967742,26.589999999999996,21
Alaska,2020-04-01,231.0,1.0,6.0,30,30,4,61.5692043399056,False,transition,E2019,740995,1.3495367715031816,311.7429942172349,,2.0566666666666666,26.589999999999996,21
Alaska,2020-05-01,124.0,2.0,1.0,31,31,5,61.5692043399056,False,warm,E2019,740995,2.6990735430063633,167.34255966639452,,10.519354838709678,26.589999999999996,21
Alaska,2020-06-01,658.0,6.0,4.0,30,30,6,61.5692043399056,False,warm,E2019,740995,8.09722062901909,887.9951956490935,0.00911854103343465,12.986666666666668,26.589999999999996,21
Alaska,2020-07-01,2574.0,12.0,9.0,31,31,7,61.5692043399056,False,warm,E2019,740995,16.19444125803818,3473.7076498491892,0.004662004662004662,16.096774193548388,26.589999999999996,21
Alaska,2020-08-01,2456.0,15.0,14.0,31,31,8,61.5692043399056,False,warm,E2019,740995,20.243051572547724,3314.462310811814,0.0061074918566775245,14.667741935483871,26.589999999999996,21
Alaska,2020-09-01,2674.0,23.0,19.0,30,30,9,61.5692043399056,False,warm,E2020,740995,31.039345744573176,3608.6613269995073,0.008601346297681375,9.826666666666666,26.589999999999996,21
Alaska,2020-10-01,7519.0,36.0,26.0,31,31,10,61.5692043399056,False,transition,E2020,740995,48.58332377411453,10147.166984932423,0.0047878707274903575,2.5903225806451613,26.589999999999996,21
Alaska,2020-11-01,16233.0,80.0,40.0,30,30,11,61.5692043399056,False,cold,E2020,740995,107.96294172025452,21907.030411811145,0.004928232612579314,-4.17,26.589999999999996,21
Alaska,2020-12-01,14416.0,70.0,84.0,31,31,12,61.5692043399056,False,cold,E2020,740995,94.4675740052227,19454.922097989864,0.004855715871254162,-4.622580645161291,26.589999999999996,21
Alaska,2021-01-01,7336.0,35.0,56.0,31,31,1,61.5692043399056,False,cold,E2020,740995,47.23378700261135,9900.20175574734,0.004770992366412214,-4.203225806451614,26.589999999999996,21
Alaska,2021-02-01,3946.0,21.0,28.0,28,28,2,61.5692043399056,False,cold,E2020,740995,28.340272201566812,5325.272100351554,0.0053218449062341616,-9.546428571428573,26.589999999999996,21
Alaska,2021-03-01,4605.0,24.0,23.0,31,31,3,61.5692043399056,False,cold,E2020,740995,32.38888251607636,6214.616832772151,0.005211726384364821,-7.487096774193549,26.589999999999996,21
Alaska,2021-04-01,5247.0,35.0,34.0,30,30,4,61.5692043399056,False,transition,E2020,740995,47.23378700261135,7081.019440077193,0.006670478368591576,1.1700000000000002,26.589999999999996,21
Alaska,2021-05-01,2060.0,4.0,22.0,31,31,5,61.5692043399056,False,warm,E2020,740995,5.3981470860127265,2780.045749296554,0.001941747572815534,8.90967741935484,26.589999999999996,21
Alaska,2021-06-01,1067.0,9.0,8.0,30,30,6,61.5692043399056,False,warm,E2020,740995,12.145830943528633,1439.9557351938947,0.008434864104967198,13.563333333333333,26.589999999999996,21
Alaska,2021-07-01,4211.0,32.0,12.0,31,31,7,61.5692043399056,False,warm,E2020,740995,43.18517668810181,5682.899344799897,0.00759914509617668,14.951612903225806,26.589999999999996,21
Alaska,2021-08-01,13061.0,66.0,55.0,31,31,8,61.5692043399056,False,warm,E2020,740995,89.06942691920999,17626.299772603055,0.005053211852078707,13.258064516129032,26.589999999999996,21
Alaska,2021-09-01,26118.0,212.0,133.0,30,30,9,61.5692043399056,False,warm,E2021,740995,286.1017955586745,35247.201398120094,0.008117007427827552,7.786666666666666,26.589999999999996,21
Alaska,2021-10-01,23222.0,170.0,148.0,31,31,10,61.5692043399056,False,transition,E2021,740995,229.42125115554086,31338.942907846882,0.007320644216691069,2.1322580645161286,26.589999999999996,21
Alaska,2021-11-01,13109.0,84.0,155.0,30,30,11,61.5692043399056,False,cold,E2021,740995,113.36108880626725,17691.077537635207,0.006407811427263712,-9.979999999999999,26.589999999999996,21
Alaska,2021-12-01,6173.0,105.0,98.0,31,31,12,61.5692043399056,False,cold,E2021,740995,141.70136100783407,8330.69049048914,0.017009557751498462,-9.161290322580646,26.589999999999996,21
Alaska,2022-01-01,59770.0,90.0,107.0,31,31,1,61.5692043399056,False,cold,E2021,740995,121.45830943528634,80661.81283274516,0.0015057721264848587,-7.358064516129032,26.589999999999996,21
Alaska,2022-02-01,22555.0,61.0,78.0,28,28,2,61.5692043399056,False,cold,E2021,740995,82.32174306169408,30438.801881254258,0.0027045001108401685,-2.9071428571428575,26.589999999999996,21
Alaska,2022-03-01,7717.0,46.0,65.0,31,31,3,61.5692043399056,False,cold,E2021,740995,62.07869148914635,10414.375265690052,0.005960865621355449,-0.5096774193548387,26.589999999999996,21
Alaska,2022-04-01,5791.0,37.0,24.0,30,30,4,61.5692043399056,False,transition,E2021,740995,49.932860545617714,7815.167443774924,0.006389224658953549,2.3733333333333335,26.589999999999996,21
Alaska,2022-05-01,7057.0,0.0,33.0,31,31,5,61.5692043399056,False,warm,E2021,740995,0.0,9523.680996497953,0.0,10.183870967741935,26.589999999999996,21
Alaska,2022-06-01,12356.0,24.0,0.0,30,30,6,61.5692043399056,False,warm,E2021,740995,32.38888251607636,16674.87634869331,0.0019423761735189381,16.61,26.589999999999996,21
Alaska,2022-07-01,11228.0,21.0,24.0,31,31,7,61.5692043399056,False,warm,E2021,740995,28.340272201566812,15152.598870437721,0.0018703241895261845,15.406451612903224,26.589999999999996,21
Alaska,2022-08-01,10855.0,34.0,29.0,31,31,8,61.5692043399056,False,warm,E2021,740995,45.88425023110817,14649.221654667035,0.0031321971441731922,12.8,26.589999999999996,21
Alaska,2022-09-01,3680.0,29.0,26.0,30,30,9,61.5692043399056,False,warm,E2022,740995,39.13656637359227,4966.295319131708,0.007880434782608695,8.82,26.589999999999996,21
Alaska,2022-10-01,473.0,43.0,49.0,31,31,10,61.5692043399056,False,transition,E2022,740995,58.030081174636805,638.3308929210049,,2.083870967741935,26.589999999999996,21
Alaska,2022-11-01,1218.0,19.0,23.0,30,30,11,61.5692043399056,False,cold,E2022,740995,25.641198658560448,1643.7357876908752,0.015599343185550082,-5.216666666666667,26.589999999999996,21
Alaska,2022-12-01,1563.0,0.0,19.0,31,31,12,61.5692043399056,False,cold,E2022,740995,0.0,2109.325973859473,0.0,-9.290322580645162,26.589999999999996,21
Alaska,2023-01-01,2936.0,31.0,18.0,31,31,1,61.5692043399056,False,cold,E2022,740995,41.83563991659863,3962.239961133341,0.01055858310626703,-4.1,26.589999999999996,21
Arizona,2020-02-01,0.0,1.0,0.0,29,29,2,33.32551393530557,False,cold,E2019,7278717,0.1373868499077516,0.0,,13.675862068965518,26.1741935483871,21
Arizona,2020-03-01,1288.0,207.0,25.0,31,31,3,33.32551393530557,False,cold,E2019,7278717,28.43907793090458,176.95426268118405,0.16071428571428573,16.44516129032258,26.1741935483871,21
Arizona,2020-04-01,6366.0,556.0,295.0,30,30,4,33.32551393530557,False,transition,E2019,7278717,76.38708854870988,874.6046865127466,0.08733898837574615,22.509999999999998,26.1741935483871,21
Arizona,2020-05-01,12281.0,585.0,587.0,31,31,5,33.32551393530557,False,warm,E2019,7278717,80.37130719603469,1687.2479037170974,0.047634557446462014,29.84193548387097,26.1741935483871,21
Arizona,2020-06-01,59292.0,1569.0,738.0,30,30,6,33.32551393530557,False,warm,E2019,7278717,215.55996750526225,8145.9411047304075,0.026462254604331107,32.68333333333333,26.1741935483871,21
Arizona,2020-07-01,94782.0,1770.0,2049.0,31,31,7,33.32551393530557,False,warm,E2019,7278717,243.17472433672035,13021.800407956513,0.018674431854149524,36.20322580645161,26.1741935483871,21
Arizona,2020-08-01,27825.0,790.0,1335.0,31,31,8,33.32551393530557,False,warm,E2019,7278717,108.53561142712377,3822.789098683188,0.02839173405211141,36.690322580645166,26.1741935483871,21
Arizona,2020-09-01,16672.0,376.0,621.0,30,30,9,33.32551393530557,False,warm,E2020,7278717,51.6574555653146,2290.5135616620346,0.022552783109404992,32.74666666666666,26.1741935483871,21
Arizona,2020-10-01,27439.0,603.0,329.0,31,31,10,33.32551393530557,False,transition,E2020,7278717,82.84427049437421,3769.7577746187962,0.021976019534239586,26.68064516129032,26.1741935483871,21
Arizona,2020-11-01,80871.0,1515.0,660.0,30,30,11,33.32551393530557,False,cold,E2020,7278717,208.14107761024368,11110.61193888978,0.018733538598508737,19.216666666666665,26.1741935483871,21
Arizona,2020-12-01,193390.0,3800.0,2225.0,31,31,12,33.32551393530557,False,cold,E2020,7278717,522.070029649456,26569.24290366008,0.019649413103056002,12.370967741935484,26.1741935483871,21
Arizona,2021-01-01,238197.0,3730.0,4256.0,31,31,1,33.32551393530557,False,cold,E2020,7278717,512.4529501559134,32725.13548747671,0.01565930721209755,12.438709677419356,26.1741935483871,21
Arizona,2021-02-01,58378.0,1243.0,2859.0,28,28,2,33.32551393530557,False,cold,E2020,7278717,170.77185443533523,8020.369523914723,0.021292267635068005,15.257142857142856,26.1741935483871,21
Arizona,2021-03-01,25029.0,454.0,988.0,31,31,3,33.32551393530557,False,cold,E2020,7278717,62.37362985811922,3438.655466341115,0.018138958807782973,16.700000000000003,26.1741935483871,21
Arizona,2021-04-01,20686.0,332.0,357.0,30,30,4,33.32551393530557,False,transition,E2020,7278717,45.61243416937353,2841.9843771917494,0.01604950207870057,24.256666666666668,26.1741935483871,21
Arizona,2021-05-01,18953.0,312.0,304.0,31,31,5,33.32551393530557,False,warm,E2020,7278717,42.8646971712185,2603.892966301616,0.016461773861657786,27.89032258064516,26.1741935483871,21
Arizona,2021-06-01,13425.0,284.0,308.0,30,30,6,33.32551393530557,False,warm,E2020,7278717,39.017865373801456,1844.4184600115652,0.021154562383612664,34.65333333333333,26.1741935483871,21
Arizona,2021-07-01,32360.0,470.0,310.0,31,31,7,33.32551393530557,False,warm,E2020,7278717,64.57181945664325,4445.838463014842,0.014524103831891224,33.012903225806454,26.1741935483871,21
Arizona,2021-08-01,84688.0,987.0,540.0,31,31,8,33.32551393530557,False,warm,E2020,7278717,135.60082085895084,11635.017544987668,0.011654543737011146,32.42580645161291,26.1741935483871,21
Arizona,2021-09-01,81660.0,1186.0,1198.0,30,30,9,33.32551393530557,False,warm,E2021,7278717,162.9408039905934,11219.010163466995,0.014523634582414891,30.956666666666667,26.1741935483871,21
Arizona,2021-10-01,75317.0,1170.0,1170.0,31,31,10,33.32551393530557,False,transition,E2021,7278717,160.74261439206938,10347.565374502126,0.015534341516523494,23.01290322580645,26.1741935483871,21
Arizona,2021-11-01,100880.0,1802.0,1153.0,30,30,11,33.32551393530557,False,cold,E2021,7278717,247.5711035337684,13859.585418693981,0.017862807295796986,20.436666666666667,26.1741935483871,21
Arizona,2021-12-01,111708.0,1760.0,1922.0,31,31,12,33.32551393530557,False,cold,E2021,7278717,241.8008558376428,15347.210229495116,0.01575536219429226,13.964516129032257,26.1741935483871,21
Arizona,2022-01-01,489156.0,2120.0,1976.0,31,31,1,33.32551393530557,False,cold,E2021,7278717,291.26012180443337,67203.60195347614,0.0043339956987137026,12.82258064516129,26.1741935483871,21
Arizona,2022-02-01,106246.0,925.0,1503.0,28,28,2,33.32551393530557,False,cold,E2021,7278717,127.08283616467023,14596.803255298977,0.008706210116145549,13.685714285714285,26.1741935483871,21
Arizona,2022-03-01,30290.0,1305.0,1560.0,31,31,3,33.32551393530557,False,cold,E2021,7278717,179.28983912961584,4161.4476837057955,0.04308352591614394,18.451612903225808,26.1741935483871,21
Arizona,2022-04-01,14344.0,407.0,683.0,30,30,4,33.32551393530557,False,transition,E2021,7278717,55.9164479124549,1970.676975076789,0.028374233128834355,24.053333333333335,26.1741935483871,21
Arizona,2022-05-01,28103.0,141.0,348.0,31,31,5,33.32551393530557,False,warm,E2021,7278717,19.371545836992976,3860.9826429575432,0.005017257943991745,28.280645161290323,26.1741935483871,21
Arizona,2022-06-01,75940.0,298.0,216.0,30,30,6,33.32551393530557,False,warm,E2021,7278717,40.941281272509976,10433.157381994657,0.0039241506452462474,33.806666666666665,26.1741935483871,21
Arizona,2022-07-01,70862.0,284.0,253.0,31,31,7,33.32551393530557,False,warm,E2021,7278717,39.017865373801456,9735.506958163094,0.0040077897886032,34.62580645161291,26.1741935483871,21
Arizona,2022-08-01,57945.0,344.0,346.0,31,31,8,33.32551393530557,False,warm,E2021,7278717,47.26107636826655,7960.881017904667,0.005936664078005005,32.483870967741936,26.1741935483871,21
Arizona,2022-09-01,17186.0,188.0,256.0,30,30,9,33.32551393530557,False,warm,E2022,7278717,25.8287277826573,2361.130402514619,0.010939136506458745,31.123333333333335,26.1741935483871,21
Arizona,2022-10-01,16326.0,133.0,178.0,31,31,10,33.32551393530557,False,transition,E2022,7278717,18.272451037730963,2242.977711593953,0.008146514761729756,23.583870967741937,26.1741935483871,21
Arizona,2022-11-01,49661.0,391.0,203.0,30,30,11,33.32551393530557,False,cold,E2022,7278717,53.718258313930875,6822.7683532688525,0.007873381526751374,14.270000000000001,26.1741935483871,21
Arizona,2022-12-01,40787.0,593.0,431.0,31,31,12,33.32551393530557,False,cold,E2022,7278717,81.4704019952967,5603.597447187464,0.014538946232868315,11.35483870967742,26.1741935483871,21
Arizona,2023-01-01,19866.0,372.0,593.0,31,31,1,33.32551393530557,False,cold,E2022,7278717,51.1079081656836,2729.327160267393,0.018725460585925703,10.516129032258064,26.1741935483871,21
Arkansas,2020-02-01,0.0,0.0,0.0,29,29,2,34.01505580790345,False,cold,E2019,3017804,0.0,0.0,,8.724137931034482,23.510253456221196,21
Arkansas,2020-03-01,523.0,42.0,8.0,31,31,3,34.01505580790345,False,cold,E2019,3017804,13.91740484140123,173.30482695363915,0.08030592734225621,15.603225806451613,23.510253456221196,21
Arkansas,2020-04-01,2758.0,68.0,53.0,30,30,4,34.01505580790345,False,transition,E2019,3017804,22.53294117179247,913.9095845853475,0.024655547498187092,15.73,23.510253456221196,21
Arkansas,2020-05-01,3972.0,115.0,72.0,31,31,5,34.01505580790345,False,warm,E2019,3017804,38.10717992288432,1316.1888578582307,0.028952668680765358,20.296774193548387,23.510253456221196,21
Arkansas,2020-06-01,13524.0,149.0,137.0,30,30,6,34.01505580790345,False,warm,E2019,3017804,49.37365050878056,4481.404358931196,0.011017450458444248,24.996666666666666,23.510253456221196,21
Arkansas,2020-07-01,21734.0,289.0,183.0,31,31,7,34.01505580790345,False,warm,E2019,3017804,95.76499998011799,7201.925638643199,0.013297138124597405,27.44193548387097,23.510253456221196,21
Arkansas,2020-08-01,18713.0,534.0,344.0,31,31,8,34.01505580790345,False,warm,E2019,3017804,176.94986155495852,6200.8665904081245,0.0285363116549992,26.24516129032258,23.510253456221196,21
Arkansas,2020-09-01,22473.0,554.0,572.0,30,30,9,34.01505580790345,False,warm,E2020,3017804,183.577197193721,7446.805690495473,0.02465180438748721,23.613333333333333,23.510253456221196,21
Arkansas,2020-10-01,28493.0,586.0,556.0,31,31,10,34.01505580790345,False,transition,E2020,3017804,194.180934215741,9441.633717762983,0.020566454918751975,17.567741935483873,23.510253456221196,21
Arkansas,2020-11-01,45169.0,958.0,577.0,30,30,11,34.01505580790345,False,cold,E2020,3017804,317.4493770967233,14967.506173363148,0.02120923642321061,13.553333333333335,23.510253456221196,21
Arkansas,2020-12-01,67779.0,1201.0,1174.0,31,31,12,34.01505580790345,False,cold,E2020,3017804,397.97150510768756,22459.709112984143,0.017719352601838326,7.074193548387097,23.510253456221196,21
Arkansas,2021-01-01,70130.0,747.0,1192.0,31,31,1,34.01505580790345,False,cold,E2020,3017804,247.53098610777903,23238.752417320673,0.010651646941394553,6.783870967741936,23.510253456221196,21
Arkansas,2021-02-01,27147.0,296.0,375.0,28,28,2,34.01505580790345,False,cold,E2020,3017804,98.08456745368487,8995.614029274268,0.0109035989243747,4.660714285714286,23.510253456221196,21
Arkansas,2021-03-01,7983.0,169.0,383.0,31,31,3,34.01505580790345,False,cold,E2020,3017804,56.000986147543045,2645.301020212048,0.021169986220719028,14.33548387096774,23.510253456221196,21
Arkansas,2021-04-01,5327.0,103.0,113.0,30,30,4,34.01505580790345,False,transition,E2020,3017804,34.13077853962683,1765.1908473843894,0.01933546085977098,15.633333333333333,23.510253456221196,21
Arkansas,2021-05-01,5656.0,65.0,94.0,31,31,5,34.01505580790345,False,warm,E2020,3017804,21.538840825978095,1874.2105186420324,0.011492220650636492,20.348387096774193,23.510253456221196,21
Arkansas,2021-06-01,8004.0,144.0,76.0,30,30,6,34.01505580790345,False,warm,E2020,3017804,47.71681659908993,2652.259722632749,0.017991004497751123,24.886666666666667,23.510253456221196,21
Arkansas,2021-07-01,37067.0,625.0,232.0,31,31,7,34.01505580790345,False,warm,E2020,3017804,207.10423871132784,12282.772506100462,0.016861359160439203,26.406451612903226,23.510253456221196,21
Arkansas,2021-08-01,66439.0,854.0,793.0,31,31,8,34.01505580790345,False,warm,E2020,3017804,282.98723177515836,22015.677625187058,0.01285389605502792,26.351612903225806,23.510253456221196,21
Arkansas,2021-09-01,43186.0,738.0,757.0,30,30,9,34.01505580790345,False,warm,E2021,3017804,244.54868507033592,14310.405844779847,0.017088871393507156,22.983333333333334,23.510253456221196,21
Arkansas,2021-10-01,17138.0,378.0,685.0,31,31,10,34.01505580790345,False,transition,E2021,3017804,125.25664357261108,5678.963908855579,0.022056249270626677,19.251612903225805,23.510253456221196,21
Arkansas,2021-11-01,15623.0,382.0,291.0,30,30,11,34.01505580790345,False,cold,E2021,3017804,126.58211070036357,5176.9432342193195,0.02445112974460731,10.533333333333333,23.510253456221196,21
Arkansas,2021-12-01,37648.0,487.0,481.0,31,31,12,34.01505580790345,False,cold,E2021,3017804,161.37562280386666,12475.296606406513,0.012935614109647258,13.635483870967741,23.510253456221196,21
Arkansas,2022-01-01,210273.0,808.0,480.0,31,31,1,34.01505580790345,False,cold,E2021,3017804,267.74435980600464,69677.48733847526,0.0038426236368910892,5.006451612903225,23.510253456221196,21
Arkansas,2022-02-01,43225.0,822.0,896.0,28,28,2,34.01505580790345,False,cold,E2021,3017804,272.3834947531384,14323.329149275434,0.019016772700983228,7.621428571428572,23.510253456221196,21
Arkansas,2022-03-01,12938.0,252.0,706.0,31,31,3,34.01505580790345,False,cold,E2021,3017804,83.50442904840739,4287.223424715456,0.019477508115628383,12.480645161290322,23.510253456221196,21
Arkansas,2022-04-01,2935.0,72.0,159.0,30,30,4,34.01505580790345,False,transition,E2021,3017804,23.858408299544966,972.5615049883955,0.02453151618398637,16.563333333333333,23.510253456221196,21
Arkansas,2022-05-01,7505.0,112.0,95.0,31,31,5,34.01505580790345,False,warm,E2021,3017804,37.113079577069946,2486.9076984456246,0.014923384410393072,23.09032258064516,23.510253456221196,21
Arkansas,2022-06-01,22230.0,110.0,97.0,30,30,6,34.01505580790345,False,warm,E2021,3017804,36.4503460131937,7366.283562484508,0.004948268106162843,27.220000000000002,23.510253456221196,21
Arkansas,2022-07-01,38339.0,201.0,138.0,31,31,7,34.01505580790345,False,warm,E2021,3017804,66.60472316956303,12704.271052725757,0.005242703252562665,28.17096774193548,23.510253456221196,21
Arkansas,2022-08-01,28708.0,167.0,199.0,31,31,8,34.01505580790345,False,warm,E2021,3017804,55.3382525836668,9512.87757587968,0.00581719381357113,26.26451612903226,23.510253456221196,21
Arkansas,2022-09-01,19005.0,388.0,247.0,30,30,9,34.01505580790345,False,warm,E2022,3017804,128.57031139199233,6297.625690734057,0.02041568008418837,23.94333333333333,23.510253456221196,21
Arkansas,2022-10-01,8211.0,119.0,324.0,31,31,10,34.01505580790345,False,transition,E2022,3017804,39.432647050636824,2720.8526464939405,0.014492753623188406,17.322580645161292,23.510253456221196,21
Arkansas,2022-11-01,9016.0,137.0,75.0,30,30,11,34.01505580790345,False,cold,E2022,3017804,45.39724912552306,2987.602905954131,0.015195208518189885,11.860000000000001,23.510253456221196,21
Arkansas,2022-12-01,16622.0,116.0,131.0,31,31,12,34.01505580790345,False,cold,E2022,3017804,38.43854670482245,5507.978649375506,0.00697870292383588,8.648387096774194,23.510253456221196,21
Arkansas,2023-01-01,11265.0,164.0,157.0,31,31,1,34.01505580790345,False,cold,E2022,3017804,54.34415223785243,3732.846798532973,0.014558366622281403,10.009677419354839,23.510253456221196,21
California,2020-02-01,10.0,26.0,0.0,29,29,2,35.366595098919404,False,cold,E2019,39512223,0.6580242270853756,0.25308624118668294,,13.289655172413791,25.283870967741937,21
California,2020-03-01,7998.0,1263.0,170.0,31,31,3,35.366595098919404,False,cold,E2019,39512223,31.964792261878053,202.418375701109,0.1579144786196549,13.993548387096775,25.283870967741937,21
California,2020-04-01,42700.0,2268.0,1831.0,30,30,4,35.366595098919404,False,transition,E2019,39512223,57.39995950113968,1080.678249867136,0.05311475409836065,18.240000000000002,25.283870967741937,21
California,2020-05-01,63154.0,1890.0,2112.0,31,31,5,35.366595098919404,False,warm,E2019,39512223,47.83329958428307,1598.3408475903773,0.029926845488805143,24.45483870967742,25.283870967741937,21
California,2020-06-01,126937.0,2369.0,1877.0,30,30,6,35.366595098919404,False,warm,E2019,39512223,59.95613053712518,3212.600819751397,0.018662801232107267,28.25,25.283870967741937,21
California,2020-07-01,266125.0,3990.0,3134.0,31,31,7,35.366595098919404,False,warm,E2019,39512223,100.98141023348649,6735.257593580599,0.014992954438703616,31.57741935483871,25.283870967741937,21
California,2020-08-01,206717.0,3136.0,3737.0,31,31,8,35.366595098919404,False,warm,E2019,39512223,79.36784523614376,5231.722851938754,0.015170498797873421,32.68709677419355,25.283870967741937,21
California,2020-09-01,107829.0,2195.0,2923.0,30,30,9,35.366595098919404,False,warm,E2020,39512223,55.5524299404769,2729.003630091883,0.020356304890150147,29.133333333333333,25.283870967741937,21
California,2020-10-01,118789.0,1605.0,1852.0,31,31,10,35.366595098919404,False,transition,E2020,39512223,40.62034171046261,3006.3861504324877,0.01351135206121779,22.858064516129033,25.283870967741937,21
California,2020-11-01,318864.0,4141.0,1616.0,30,30,11,35.366595098919404,False,cold,E2020,39512223,104.8030124754054,8070.009120975046,0.012986727883988159,12.84,25.283870967741937,21
California,2020-12-01,1125597.0,12319.0,6632.0,31,31,12,35.366595098919404,False,cold,E2020,39512223,311.77694051787466,28487.311382100674,0.010944414386321214,9.883870967741935,25.283870967741937,21
California,2021-01-01,999035.0,14007.0,14535.0,31,31,1,35.366595098919404,False,cold,E2020,39512223,354.4978980301868,25284.201296393778,0.014020529811267873,10.370967741935484,25.283870967741937,21
California,2021-02-01,242871.0,7512.0,11760.0,28,28,2,35.366595098919404,False,cold,E2020,39512223,190.1183843794362,6146.730848325086,0.030929999876477637,11.757142857142856,25.283870967741937,21
California,2021-03-01,100624.0,3532.0,6198.0,31,31,3,35.366595098919404,False,cold,E2020,39512223,89.3900603871364,2546.654993316878,0.03510096994752743,14.061290322580644,25.283870967741937,21
California,2021-04-01,76783.0,1541.0,2498.0,30,30,4,35.366595098919404,False,transition,E2020,39512223,39.00058976686784,1943.2720857037075,0.020069546644439523,20.123333333333335,25.283870967741937,21
California,2021-05-01,49462.0,949.0,1260.0,31,31,5,35.366595098919404,False,warm,E2020,39512223,24.01788428861621,1251.815166157571,0.019186446160689014,24.848387096774193,25.283870967741937,21
California,2021-06-01,29493.0,988.0,1003.0,30,30,6,35.366595098919404,False,warm,E2020,39512223,25.00492062924427,746.427251131884,0.03349947445156478,30.19,25.283870967741937,21
California,2021-07-01,147806.0,992.0,845.0,31,31,7,35.366595098919404,False,warm,E2020,39512223,25.106155125718946,3740.7664964838855,0.006711500209734381,34.061290322580646,25.283870967741937,21
California,2021-08-01,436912.0,3212.0,1534.0,31,31,8,35.366595098919404,False,warm,E2020,39512223,81.29130066916255,11057.6415809356,0.0073515948291646835,31.770967741935483,25.283870967741937,21
California,2021-09-01,274118.0,3219.0,3446.0,30,30,9,35.366595098919404,False,warm,E2021,39512223,81.46846103799324,6937.549426161115,0.011743117927315973,28.196666666666665,25.283870967741937,21
California,2021-10-01,181066.0,2512.0,2950.0,31,31,10,35.366595098919404,False,transition,E2021,39512223,63.57526378609475,4582.531334670793,0.013873394231937525,18.703225806451613,25.283870967741937,21
California,2021-11-01,158297.0,2133.0,2500.0,30,30,11,35.366595098919404,False,cold,E2021,39512223,53.983295245119464,4006.2792721128344,0.013474671029773148,14.0,25.283870967741937,21
California,2021-12-01,436808.0,2599.0,2027.0,31,31,12,35.366595098919404,False,cold,E2021,39512223,65.77711408441888,11055.00948402726,0.005949982601051263,9.412903225806453,25.283870967741937,21
California,2022-01-01,2922730.0,5587.0,3546.0,31,31,1,35.366595098919404,False,cold,E2021,39512223,141.39928295099975,73970.27497035537,0.0019115689783182161,9.803225806451612,25.283870967741937,21
California,2022-02-01,541406.0,4135.0,5411.0,28,28,2,35.366595098919404,False,cold,E2021,39512223,104.65116073069339,13702.240949591725,0.007637521564223522,11.950000000000001,25.283870967741937,21
California,2022-03-01,123877.0,1551.0,3396.0,31,31,3,35.366595098919404,False,cold,E2021,39512223,39.25367600805452,3135.156429948272,0.012520484028512153,15.548387096774194,25.283870967741937,21
California,2022-04-01,127527.0,1282.0,1354.0,30,30,4,35.366595098919404,False,transition,E2021,39512223,32.44565612013275,3227.5329079814114,0.010052773138237393,18.203333333333333,25.283870967741937,21
California,2022-05-01,387176.0,952.0,1147.0,31,31,5,35.366595098919404,False,warm,E2021,39512223,24.093810160972215,9798.891851769515,0.0024588300927743455,23.51290322580645,25.283870967741937,21
California,2022-06-01,517022.0,1087.0,869.0,30,30,6,35.366595098919404,False,warm,E2021,39512223,27.510474416992434,13085.115459082117,0.002102425041874427,29.209999999999997,25.283870967741937,21
California,2022-07-01,572126.0,1361.0,1246.0,31,31,7,35.366595098919404,False,warm,E2021,39512223,34.44503742550754,14479.721882517215,0.0023788466177030935,32.51935483870968,25.283870967741937,21
California,2022-08-01,391100.0,1180.0,1385.0,31,31,8,35.366595098919404,False,warm,E2021,39512223,29.864176460028585,9898.202892811169,0.003017131168499105,32.9,25.283870967741937,21
California,2022-09-01,168846.0,1060.0,1069.0,30,30,9,35.366595098919404,False,warm,E2022,39512223,26.827141565788388,4273.259947940666,0.006277910048209611,29.17,25.283870967741937,21
California,2022-10-01,103380.0,622.0,930.0,31,31,10,35.366595098919404,False,transition,E2022,39512223,15.741964201811678,2616.405561387928,0.006016637647514026,22.58709677419355,25.283870967741937,21
California,2022-11-01,168467.0,857.0,642.0,30,30,11,35.366595098919404,False,cold,E2022,39512223,21.689490869698727,4263.667979399691,0.00508704968925665,10.993333333333334,25.283870967741937,21
California,2022-12-01,293439.0,1523.0,1109.0,31,31,12,35.366595098919404,False,cold,E2022,39512223,38.545034532731805,7426.537352757905,0.005190175811667842,8.77741935483871,25.283870967741937,21
California,2023-01-01,166764.0,896.0,1399.0,31,31,1,35.366595098919404,False,cold,E2022,39512223,22.67652721032679,4220.567392525599,0.005372862248446907,9.612903225806452,25.283870967741937,21
Colorado,2020-02-01,0.0,6.0,0.0,29,29,2,39.51493622068787,False,cold,E2019,5758736,1.0418953048029984,0.0,,-4.586206896551724,30.39677419354839,21
Colorado,2020-03-01,2966.0,1053.0,69.0,31,31,3,39.51493622068787,False,cold,E2019,5758736,182.85262599292622,515.0435790076156,0.3550236008091706,3.5677419354838706,30.39677419354839,21
Colorado,2020-04-01,16801.0,477.0,1182.0,30,30,4,39.51493622068787,False,transition,E2019,5758736,82.83067673183838,2917.480502665863,0.028391167192429023,6.55,30.39677419354839,21
Colorado,2020-05-01,9248.0,159.0,361.0,31,31,5,39.51493622068787,False,warm,E2019,5758736,27.610225577279458,1605.907963136355,0.017192906574394463,15.212903225806452,30.39677419354839,21
Colorado,2020-06-01,7266.0,145.0,112.0,30,30,6,39.51493622068787,False,warm,E2019,5758736,25.17913653273913,1261.735214116431,0.019955959262317642,21.28666666666667,30.39677419354839,21
Colorado,2020-07-01,15259.0,85.0,143.0,31,31,7,39.51493622068787,False,warm,E2019,5758736,14.760183484709145,2649.713409331492,0.005570482993643096,24.425806451612903,30.39677419354839,21
Colorado,2020-08-01,9398.0,124.0,98.0,31,31,8,39.51493622068787,False,warm,E2019,5758736,21.532502965928636,1631.9553457564298,0.013194296658863588,24.532258064516128,30.39677419354839,21
Colorado,2020-09-01,15782.0,271.0,130.0,30,30,9,39.51493622068787,False,warm,E2020,5758736,47.058937933602095,2740.53195006682,0.017171461158281588,17.476666666666667,30.39677419354839,21
Colorado,2020-10-01,48289.0,1329.0,511.0,31,31,10,39.51493622068787,False,transition,E2020,5758736,230.77981001386416,8385.347062271998,0.02752179585412827,9.754838709677419,30.39677419354839,21
Colorado,2020-11-01,145650.0,1542.0,1652.0,30,30,11,39.51493622068787,False,cold,E2020,5758736,267.7670933343706,25292.008524092787,0.0105870236869207,5.5600000000000005,30.39677419354839,21
Colorado,2020-12-01,90362.0,609.0,1162.0,31,31,12,39.51493622068787,False,cold,E2020,5758736,105.75237343750435,15691.29058876809,0.006739558664040194,-1.0806451612903225,30.39677419354839,21
Colorado,2021-01-01,52950.0,238.0,475.0,31,31,1,39.51493622068787,False,cold,E2020,5758736,41.328513757185604,9194.726064886461,0.00449480642115203,-0.13548387096774195,30.39677419354839,21
Colorado,2021-02-01,30287.0,125.0,179.0,28,28,2,39.51493622068787,False,cold,E2020,5758736,21.7061521833958,5259.313849428069,0.004127183279955096,-3.257142857142857,30.39677419354839,21
Colorado,2021-03-01,33916.0,222.0,137.0,31,31,3,39.51493622068787,False,cold,E2020,5758736,38.550126277710945,5889.486859616416,0.0065455832055666945,1.096774193548387,30.39677419354839,21
Colorado,2021-04-01,48534.0,272.0,271.0,30,30,4,39.51493622068787,False,transition,E2020,5758736,47.23258715106926,8427.891120551454,0.005604318621996951,5.016666666666667,30.39677419354839,21
Colorado,2021-05-01,26370.0,182.0,245.0,31,31,5,39.51493622068787,False,warm,E2020,5758736,31.604157579024285,4579.129864609178,0.006901782328403489,12.100000000000001,30.39677419354839,21
Colorado,2021-06-01,10215.0,150.0,160.0,30,30,6,39.51493622068787,False,warm,E2020,5758736,26.04738262007496,1773.8267564271048,0.014684287812041116,20.923333333333336,30.39677419354839,21
Colorado,2021-07-01,18298.0,292.0,172.0,31,31,7,39.51493622068787,False,warm,E2020,5758736,50.70557150041259,3177.433381214211,0.015958028199803256,23.503225806451614,30.39677419354839,21
Colorado,2021-08-01,45689.0,516.0,362.0,31,31,8,39.51493622068787,False,warm,E2020,5758736,89.60299621305786,7933.859096857366,0.011293746853728468,22.467741935483872,30.39677419354839,21
Colorado,2021-09-01,57367.0,746.0,559.0,30,30,9,39.51493622068787,False,warm,E2021,5758736,129.54231623050615,9961.734658438936,0.013003991841999756,19.736666666666668,30.39677419354839,21
Colorado,2021-10-01,73818.0,1133.0,898.0,31,31,10,39.51493622068787,False,transition,E2021,5758736,196.74456339029953,12818.43793499129,0.01534855997182259,11.503225806451614,30.39677419354839,21
Colorado,2021-11-01,93510.0,862.0,1113.0,30,30,11,39.51493622068787,False,cold,E2021,5758736,149.68562545669744,16237.938325354731,0.00921826542615763,6.989999999999999,30.39677419354839,21
Colorado,2021-12-01,149368.0,1206.0,815.0,31,31,12,39.51493622068787,False,cold,E2021,5758736,209.42095626540268,25937.63631463571,0.00807401853141235,3.5903225806451613,30.39677419354839,21
Colorado,2022-01-01,369890.0,592.0,1246.0,31,31,1,39.51493622068787,False,cold,E2021,5758736,102.80033674056251,64231.10904893018,0.0016004758171348239,-3.0032258064516126,30.39677419354839,21
Colorado,2022-02-01,38446.0,114.0,329.0,28,28,2,39.51493622068787,False,cold,E2021,5758736,19.796010791256972,6676.11781474268,0.002965197939967747,-5.510714285714286,30.39677419354839,21
Colorado,2022-03-01,11321.0,62.0,91.0,31,31,3,39.51493622068787,False,cold,E2021,5758736,10.766251482964318,1965.882790945791,0.00547654800812649,1.558064516129032,30.39677419354839,21
Colorado,2022-04-01,17932.0,113.0,60.0,30,30,4,39.51493622068787,False,transition,E2021,5758736,19.622361573789803,3113.877767621228,0.006301583760874414,9.473333333333333,30.39677419354839,21
Colorado,2022-05-01,50200.0,234.0,157.0,31,31,5,39.51493622068787,False,warm,E2021,5758736,40.633916887316936,8717.190716851754,0.004661354581673307,13.641935483870967,30.39677419354839,21
Colorado,2022-06-01,63766.0,189.0,229.0,30,30,6,39.51493622068787,False,warm,E2021,5758736,32.81970210129445,11072.916001011334,0.002963961986011354,21.073333333333334,30.39677419354839,21
Colorado,2022-07-01,50314.0,76.0,160.0,31,31,7,39.51493622068787,False,warm,E2021,5758736,13.197340527504647,8736.98672764301,0.0015105139722542433,24.493548387096773,30.39677419354839,21
Colorado,2022-08-01,27804.0,136.0,88.0,31,31,8,39.51493622068787,False,warm,E2021,5758736,23.61629357553463,4828.142842457095,0.004891382534887067,22.825806451612905,30.39677419354839,21
Colorado,2022-09-01,23782.0,127.0,150.0,30,30,9,39.51493622068787,False,warm,E2022,5758736,22.053450618330135,4129.725689804151,0.0053401732402657475,19.34333333333333,30.39677419354839,21
Colorado,2022-10-01,20085.0,142.0,105.0,31,31,10,39.51493622068787,False,transition,E2022,5758736,24.65818888033763,3487.7445328280373,0.0070699527010206625,10.567741935483872,30.39677419354839,21
Colorado,2022-11-01,33381.0,280.0,188.0,30,30,11,39.51493622068787,False,cold,E2022,5758736,48.62178089080659,5796.584528271482,0.008388005152631736,1.74,30.39677419354839,21
Colorado,2022-12-01,26518.0,176.0,273.0,31,31,12,39.51493622068787,False,cold,E2022,5758736,30.562262274221286,4604.829948794319,0.006637001282147975,-0.9290322580645161,30.39677419354839,21
Colorado,2023-01-01,14224.0,120.0,152.0,31,31,1,39.51493622068787,False,cold,E2022,5758736,20.837906096059967,2469.986469252975,0.00843644544431946,-5.864516129032259,30.39677419354839,21
Connecticut,2020-02-01,0.0,4.0,0.0,29,29,2,41.37844392575823,False,cold,E2019,3565287,1.1219293145264322,0.0,,1.7551724137931033,26.9741935483871,21
Connecticut,2020-03-01,3128.0,1419.0,69.0,31,31,3,41.37844392575823,False,cold,E2019,3565287,398.00442432825184,877.34872395967,0.45364450127877237,5.532258064516129,26.9741935483871,21
Connecticut,2020-04-01,24572.0,2160.0,2188.0,30,30,4,41.37844392575823,False,transition,E2019,3565287,605.8418298442734,6892.011779135873,0.08790493244343155,7.036666666666666,26.9741935483871,21
Connecticut,2020-05-01,14501.0,677.0,1687.0,31,31,5,41.37844392575823,False,warm,E2019,3565287,189.88653648359866,4067.2742474869483,0.04668643541824702,12.880645161290323,26.9741935483871,21
Connecticut,2020-06-01,4313.0,146.0,378.0,30,30,6,41.37844392575823,False,warm,E2019,3565287,40.950419980214775,1209.7202833881256,0.0338511476930211,20.116666666666667,26.9741935483871,21
Connecticut,2020-07-01,3296.0,54.0,110.0,31,31,7,41.37844392575823,False,warm,E2019,3565287,15.146045746106836,924.4697551697801,0.016383495145631068,24.070967741935487,26.9741935483871,21
Connecticut,2020-08-01,3069.0,35.0,33.0,31,31,8,41.37844392575823,False,warm,E2019,3565287,9.816881502106282,860.8002665704051,0.011404366243075921,23.070967741935487,26.9741935483871,21
Connecticut,2020-09-01,4671.0,72.0,43.0,30,30,9,41.37844392575823,False,warm,E2020,3565287,20.19472766147578,1310.1329570382413,0.015414258188824663,18.503333333333334,26.9741935483871,21
Connecticut,2020-10-01,13657.0,261.0,108.0,31,31,10,41.37844392575823,False,transition,E2020,3565287,73.2058877728497,3830.547162121871,0.019111078567767444,12.73225806451613,26.9741935483871,21
Connecticut,2020-11-01,46088.0,848.0,404.0,30,30,11,41.37844392575823,False,cold,E2020,3565287,237.84901467960364,12926.869561973552,0.01839958340565874,8.48,26.9741935483871,21
Connecticut,2020-12-01,68413.0,1098.0,975.0,31,31,12,41.37844392575823,False,cold,E2020,3565287,307.96959683750566,19188.637548674204,0.016049581219943578,1.832258064516129,26.9741935483871,21
Connecticut,2021-01-01,64315.0,749.0,1051.0,31,31,1,41.37844392575823,False,cold,E2020,3565287,210.08126414507444,18039.220965941873,0.01164580579958019,-0.9870967741935485,26.9741935483871,21
Connecticut,2021-02-01,29923.0,309.0,576.0,28,28,2,41.37844392575823,False,cold,E2020,3565287,86.66903954716689,8392.872719643608,0.010326504695384821,-1.4857142857142858,26.9741935483871,21
Connecticut,2021-03-01,30678.0,195.0,267.0,31,31,3,41.37844392575823,False,cold,E2020,3565287,54.69405408316357,8604.636877760471,0.006356346567572854,4.225806451612903,26.9741935483871,21
Connecticut,2021-04-01,28609.0,185.0,208.0,30,30,4,41.37844392575823,False,transition,E2020,3565287,51.88923079684749,8024.318939821675,0.006466496557027509,9.043333333333333,26.9741935483871,21
Connecticut,2021-05-01,8108.0,57.0,141.0,31,31,5,41.37844392575823,False,warm,E2020,3565287,15.987492732001659,2274.150720545078,0.007030093734583128,14.416129032258064,26.9741935483871,21
Connecticut,2021-06-01,2011.0,13.0,40.0,30,30,6,41.37844392575823,False,warm,E2020,3565287,3.646270272210905,564.0499628781638,0.006464445549477871,20.903333333333332,26.9741935483871,21
Connecticut,2021-07-01,4983.0,53.0,14.0,31,31,7,41.37844392575823,False,warm,E2020,3565287,14.865563417475228,1397.643443571303,0.01063616295404375,21.97741935483871,26.9741935483871,21
Connecticut,2021-08-01,18737.0,142.0,66.0,31,31,8,41.37844392575823,False,warm,E2020,3565287,39.82849066568834,5255.39739157044,0.0075785878208891495,22.980645161290322,26.9741935483871,21
Connecticut,2021-09-01,17273.0,244.0,271.0,30,30,9,41.37844392575823,False,warm,E2021,3565287,68.43768818611237,4844.771262453766,0.014126092745904012,19.083333333333332,26.9741935483871,21
Connecticut,2021-10-01,12238.0,129.0,135.0,31,31,10,41.37844392575823,False,transition,E2021,3565287,36.18222039347744,3432.5427377936194,0.0105409380617748,14.658064516129034,26.9741935483871,21
Connecticut,2021-11-01,19109.0,226.0,141.0,30,30,11,41.37844392575823,False,cold,E2021,3565287,63.38900627074342,5359.736817821398,0.011826887853890836,5.863333333333333,26.9741935483871,21
Connecticut,2021-12-01,88496.0,693.0,255.0,31,31,12,41.37844392575823,False,cold,E2021,3565287,194.3742537417044,24821.564154582786,0.007830862411860423,3.7483870967741937,26.9741935483871,21
Connecticut,2022-01-01,189212.0,605.0,850.0,31,31,1,41.37844392575823,False,cold,E2021,3565287,169.69180882212288,53070.622365043826,0.003197471619136207,-2.903225806451613,26.9741935483871,21
Connecticut,2022-02-01,23989.0,349.0,460.0,28,28,2,41.37844392575823,False,cold,E2021,3565287,97.8883326924312,6728.490581543646,0.0145483346533828,0.3678571428571429,26.9741935483871,21
Connecticut,2022-03-01,12644.0,103.0,309.0,31,31,3,41.37844392575823,False,cold,E2021,3565287,28.88967984905563,3546.4185632180524,0.008146156279658336,4.635483870967741,26.9741935483871,21
Connecticut,2022-04-01,22248.0,100.0,71.0,30,30,4,41.37844392575823,False,transition,E2021,3565287,28.048232863160806,6240.170847396016,0.004494786048184107,8.893333333333334,26.9741935483871,21
Connecticut,2022-05-01,50913.0,106.0,91.0,31,31,5,41.37844392575823,False,warm,E2021,3565287,29.731126834950455,14280.196797621062,0.002081982990591794,15.338709677419354,26.9741935483871,21
Connecticut,2022-06-01,19774.0,61.0,104.0,30,30,6,41.37844392575823,False,warm,E2021,3565287,17.109422046528092,5546.257566361418,0.0030848589056336603,19.216666666666665,26.9741935483871,21
Connecticut,2022-07-01,25614.0,87.0,57.0,31,31,7,41.37844392575823,False,warm,E2021,3565287,24.4019625909499,7184.274365570009,0.003396579995315062,24.048387096774192,26.9741935483871,21
Connecticut,2022-08-01,20494.0,163.0,167.0,31,31,8,41.37844392575823,False,warm,E2021,3565287,45.718619566952114,5748.204842976175,0.007953547379720894,23.725806451612904,26.9741935483871,21
Connecticut,2022-09-01,21817.0,81.0,96.0,30,30,9,41.37844392575823,False,warm,E2022,3565287,22.719068619160254,6119.282963755793,0.0037127011046431684,18.31,26.9741935483871,21
Connecticut,2022-10-01,16260.0,135.0,98.0,31,31,10,41.37844392575823,False,transition,E2022,3565287,37.86511436526709,4560.642663549947,0.008302583025830259,12.345161290322581,26.9741935483871,21
Connecticut,2022-11-01,13794.0,174.0,124.0,30,30,11,41.37844392575823,False,cold,E2022,3565287,48.8039251818998,3868.9732411444015,0.012614180078294911,8.2,26.9741935483871,21
Connecticut,2022-12-01,21996.0,172.0,194.0,31,31,12,41.37844392575823,False,cold,E2022,3565287,48.24296052463659,6169.489300580851,0.007819603564284416,1.4967741935483871,26.9741935483871,21
Connecticut,2023-01-01,17917.0,181.0,183.0,31,31,1,41.37844392575823,False,cold,E2022,3565287,50.76730148232106,5025.401882092521,0.010102137634648657,3.3774193548387097,26.9741935483871,21
Delaware,2020-02-01,0.0,0.0,0.0,29,29,2,39.133656095396745,False,cold,E2019,973764,0.0,0.0,,5.379310344827586,26.135483870967743,21
Delaware,2020-03-01,319.0,106.0,3.0,31,31,3,39.133656095396745,False,cold,E2019,973764,108.85594456151593,327.59477655776965,,9.46774193548387,26.135483870967743,21
Delaware,2020-04-01,4415.0,324.0,209.0,30,30,4,39.133656095396745,False,transition,E2019,973764,332.72949092387887,4533.95278527446,0.07338618346545867,10.813333333333333,26.135483870967743,21
Delaware,2020-05-01,4764.0,125.0,285.0,31,31,5,39.133656095396745,False,warm,E2019,973764,128.36785915273106,4892.355848028886,0.026238455079764904,15.51290322580645,26.135483870967743,21
Delaware,2020-06-01,1976.0,33.0,69.0,30,30,6,39.133656095396745,False,warm,E2019,973764,33.889114816321,2029.2391174863724,0.016700404858299597,22.959999999999997,26.135483870967743,21
Delaware,2020-07-01,3314.0,24.0,32.0,31,31,7,39.133656095396745,False,warm,E2019,973764,24.646628957324364,3403.2886818572056,0.00724200362100181,26.6,26.135483870967743,21
Delaware,2020-08-01,2641.0,24.0,19.0,31,31,8,39.133656095396745,False,warm,E2019,973764,24.646628957324364,2712.156128178902,0.009087466868610375,25.177419354838708,26.135483870967743,21
Delaware,2020-09-01,3184.0,61.0,35.0,30,30,9,39.133656095396745,False,warm,E2020,973764,62.64351526653275,3269.7861083383655,0.019158291457286432,20.87,26.135483870967743,21
Delaware,2020-10-01,4338.0,89.0,83.0,31,31,10,39.133656095396745,False,transition,E2020,973764,91.3979157167445,4454.878184036378,0.020516366989396035,16.067741935483873,26.135483870967743,21
Delaware,2020-11-01,10703.0,187.0,85.0,30,30,11,39.133656095396745,False,cold,E2020,973764,192.03831729248566,10991.369572093443,0.017471736896197326,11.456666666666667,26.135483870967743,21
Delaware,2020-12-01,21802.0,268.0,241.0,31,31,12,39.133656095396745,False,cold,E2020,973764,275.22069002345535,22389.40852198274,0.012292450233923493,4.887096774193548,26.135483870967743,21
Delaware,2021-01-01,20615.0,126.0,244.0,31,31,1,39.133656095396745,False,cold,E2020,973764,129.3948020259529,21170.427331468403,0.006112054329371817,2.541935483870968,26.135483870967743,21
Delaware,2021-02-01,8728.0,162.0,117.0,28,28,2,39.133656095396745,False,cold,E2020,973764,166.36474546193944,8963.157397480292,0.01856095325389551,2.085714285714286,26.135483870967743,21
Delaware,2021-03-01,8003.0,74.0,137.0,31,31,3,39.133656095396745,False,cold,E2020,973764,75.99377261841678,8218.623814394452,0.00924653255029364,8.332258064516129,26.135483870967743,21
Delaware,2021-04-01,9603.0,51.0,66.0,30,30,4,39.133656095396745,False,transition,E2020,973764,52.374086534314266,9861.73241154941,0.005310840362386754,12.496666666666666,26.135483870967743,21
Delaware,2021-05-01,4461.0,29.0,36.0,31,31,5,39.133656095396745,False,warm,E2020,973764,29.781343323433603,4581.192157442666,0.006500784577449003,17.470967741935485,26.135483870967743,21
Delaware,2021-06-01,878.0,14.0,33.0,30,30,6,39.133656095396745,False,warm,E2020,973764,14.377200225105877,901.6558426887829,0.015945330296127564,23.323333333333334,26.135483870967743,21
Delaware,2021-07-01,1663.0,157.0,139.0,31,31,7,39.133656095396745,False,warm,E2020,973764,161.2300310958302,1707.805998167934,0.09440769693325315,25.948387096774194,26.135483870967743,21
Delaware,2021-08-01,8445.0,73.0,47.0,31,31,8,39.133656095396745,False,warm,E2020,973764,74.96682974519493,8672.53256435851,0.008644168146832444,25.17096774193548,26.135483870967743,21
Delaware,2021-09-01,13111.0,118.0,74.0,30,30,9,39.133656095396745,False,warm,E2021,973764,121.17925904017811,13464.248010811654,0.009000076271832812,22.223333333333336,26.135483870967743,21
Delaware,2021-10-01,11235.0,114.0,137.0,31,31,10,39.133656095396745,False,transition,E2021,973764,117.07148754729072,11537.703180647466,0.010146862483311082,18.061290322580643,26.135483870967743,21
Delaware,2021-11-01,8992.0,90.0,87.0,30,30,11,39.133656095396745,False,cold,E2021,973764,92.42485858996636,9234.270316010861,0.010008896797153026,8.74,26.135483870967743,21
Delaware,2021-12-01,27176.0,208.0,108.0,31,31,12,39.133656095396745,False,cold,E2021,973764,213.60411763014446,27908.199522676954,0.007653812187224021,7.419354838709677,26.135483870967743,21
Delaware,2022-01-01,67745.0,238.0,245.0,31,31,1,39.133656095396745,False,cold,E2021,973764,244.41240382679993,69570.24494641412,0.0035131744040150566,0.4645161290322581,26.135483870967743,21
Delaware,2022-02-01,8510.0,138.0,178.0,28,28,2,39.133656095396745,False,cold,E2021,973764,141.71811650461507,8739.28385111793,0.016216216216216217,4.432142857142857,26.135483870967743,21
Delaware,2022-03-01,2387.0,63.0,137.0,31,31,3,39.133656095396745,False,cold,E2021,973764,64.69740101297646,2451.312638380552,0.026392961876832845,8.461290322580645,26.135483870967743,21
Delaware,2022-04-01,3453.0,43.0,61.0,30,30,4,39.133656095396745,False,transition,E2021,973764,44.158543548539484,3546.0337412350427,0.012452939472922097,11.889999999999999,26.135483870967743,21
Delaware,2022-05-01,14178.0,41.0,49.0,31,31,5,39.133656095396745,False,warm,E2021,973764,42.10465780209579,14559.996056539367,0.002891804203695867,17.538709677419355,26.135483870967743,21
Delaware,2022-06-01,8407.0,32.0,28.0,30,30,6,39.133656095396745,False,warm,E2021,973764,32.86217194309915,8633.50873517608,0.003806351849649102,22.373333333333335,26.135483870967743,21
Delaware,2022-07-01,8995.0,27.0,40.0,31,31,7,39.133656095396745,False,warm,E2021,973764,27.727457576989906,9237.351144630526,0.003001667593107282,25.83225806451613,26.135483870967743,21
Delaware,2022-08-01,8697.0,49.0,18.0,31,31,8,39.133656095396745,False,warm,E2021,973764,50.320200787870576,8931.322168410416,0.005634126710359894,25.26774193548387,26.135483870967743,21
Delaware,2022-09-01,5975.0,48.0,69.0,30,30,9,39.133656095396745,False,warm,E2022,973764,49.29325791464873,6135.9836675005445,0.008033472803347281,21.233333333333334,26.135483870967743,21
Delaware,2022-10-01,4670.0,27.0,36.0,31,31,10,39.133656095396745,False,transition,E2022,973764,27.727457576989906,4795.823217946032,0.005781584582441114,14.116129032258065,26.135483870967743,21
Delaware,2022-11-01,3573.0,42.0,25.0,30,30,11,39.133656095396745,False,cold,E2022,973764,43.131600675317635,3669.2668860216645,0.011754827875734676,10.78,26.135483870967743,21
Delaware,2022-12-01,4932.0,38.0,34.0,31,31,12,39.133656095396745,False,cold,E2022,973764,39.02382918243024,5064.882250730157,0.007704785077047851,3.9322580645161294,26.135483870967743,21
Delaware,2023-01-01,3984.0,65.0,48.0,31,31,1,39.133656095396745,False,cold,E2022,973764,66.75128675942015,4091.340406915844,0.01631526104417671,6.503225806451613,26.135483870967743,21
District of Columbia,2020-02-01,0.0,0.0,0.0,29,29,2,38.90417772999957,False,cold,E2019,705749,0.0,0.0,,5.1482758620689655,27.225806451612904,21
District of Columbia,2020-03-01,495.0,112.0,9.0,31,31,3,38.90417772999957,False,cold,E2019,705749,158.69664710824952,701.3825028444957,,9.893548387096773,27.225806451612904,21
District of Columbia,2020-04-01,3828.0,300.0,215.0,30,30,4,38.90417772999957,False,transition,E2019,705749,425.0803047542398,5424.0246886641,0.07836990595611286,11.126666666666667,27.225806451612904,21
District of Columbia,2020-05-01,4478.0,121.0,242.0,31,31,5,38.90417772999957,False,warm,E2019,705749,171.44905625087674,6345.032015631619,0.027020991514068782,15.932258064516128,27.225806451612904,21
District of Columbia,2020-06-01,1526.0,47.0,85.0,30,30,6,38.90417772999957,False,warm,E2019,705749,66.59591441149757,2162.2418168499,0.030799475753604193,23.353333333333335,27.225806451612904,21
District of Columbia,2020-07-01,1799.0,22.0,34.0,31,31,7,38.90417772999957,False,warm,E2019,705749,31.172555681977588,2549.0648941762583,0.012229016120066704,27.080645161290324,27.225806451612904,21
District of Columbia,2020-08-01,1866.0,19.0,22.0,31,31,8,38.90417772999957,False,warm,E2019,705749,26.92175263443519,2643.999495571372,0.010182207931404072,24.34193548387097,27.225806451612904,21
District of Columbia,2020-09-01,1334.0,21.0,20.0,30,30,9,38.90417772999957,False,warm,E2020,705749,29.75562133279679,1890.1904218071863,0.015742128935532233,19.726666666666667,27.225806451612904,21
District of Columbia,2020-10-01,1940.0,28.0,19.0,31,31,10,38.90417772999957,False,transition,E2020,705749,39.67416177706238,2748.852637410751,0.01443298969072165,15.019354838709678,27.225806451612904,21
District of Columbia,2020-11-01,4286.0,72.0,34.0,30,30,11,38.90417772999957,False,cold,E2020,705749,102.01927314101756,6072.980620588906,0.01679888007466169,10.72,27.225806451612904,21
District of Columbia,2020-12-01,7431.0,122.0,106.0,31,31,12,38.90417772999957,False,cold,E2020,705749,172.86599060005753,10529.239148762521,0.016417709594940117,3.629032258064516,27.225806451612904,21
District of Columbia,2021-01-01,7889.0,131.0,127.0,31,31,1,38.90417772999957,False,cold,E2020,705749,185.61839974268472,11178.195080687326,0.016605399923944733,1.8419354838709678,27.225806451612904,21
District of Columbia,2021-02-01,3726.0,55.0,104.0,28,28,2,38.90417772999957,False,cold,E2020,705749,77.93138920494397,5279.497385047659,0.014761137949543746,1.7142857142857142,27.225806451612904,21
District of Columbia,2021-03-01,3915.0,47.0,47.0,31,31,3,38.90417772999957,False,cold,E2020,705749,66.59591441149757,5547.29797704283,0.012005108556832695,8.62258064516129,27.225806451612904,21
District of Columbia,2021-04-01,3184.0,28.0,41.0,30,30,4,38.90417772999957,False,transition,E2020,705749,39.67416177706238,4511.518967791665,0.008793969849246231,12.983333333333333,27.225806451612904,21
District of Columbia,2021-05-01,1201.0,16.0,27.0,31,31,5,38.90417772999957,False,warm,E2020,705749,22.67094958689279,1701.73815336614,0.013322231473771857,17.57741935483871,27.225806451612904,21
District of Columbia,2021-06-01,457.0,5.0,9.0,30,30,6,38.90417772999957,False,warm,E2020,705749,7.084671745903997,647.5389975756253,,23.43,27.225806451612904,21
District of Columbia,2021-07-01,1043.0,9.0,8.0,31,31,7,38.90417772999957,False,warm,E2020,705749,12.752409142627195,1477.8625261955738,0.00862895493767977,25.73225806451613,27.225806451612904,21
District of Columbia,2021-08-01,5033.0,16.0,11.0,31,31,8,38.90417772999957,False,warm,E2020,705749,22.67094958689279,7131.430579426963,0.0031790184780449036,25.206451612903226,27.225806451612904,21
District of Columbia,2021-09-01,5722.0,15.0,14.0,30,30,9,38.90417772999957,False,warm,E2021,705749,21.25401523771199,8107.698346012534,0.0026214610276127227,21.39333333333333,27.225806451612904,21
District of Columbia,2021-10-01,3087.0,10.0,16.0,31,31,10,38.90417772999957,False,transition,E2021,705749,14.169343491807995,4374.076335921128,0.003239390994493035,17.461290322580645,27.225806451612904,21
District of Columbia,2021-11-01,2672.0,11.0,6.0,30,30,11,38.90417772999957,False,cold,E2021,705749,15.586277840988794,3786.048581011096,0.004116766467065869,7.3933333333333335,27.225806451612904,21
District of Columbia,2021-12-01,27374.0,60.0,15.0,31,31,12,38.90417772999957,False,cold,E2021,705749,85.01606095084796,38787.1608744752,0.0021918608898955213,7.025806451612904,27.225806451612904,21
District of Columbia,2022-01-01,35531.0,47.0,73.0,31,31,1,38.90417772999957,False,cold,E2021,705749,66.59591441149757,50345.09436074299,0.0013227885508429258,-0.14516129032258057,27.225806451612904,21
District of Columbia,2022-02-01,4747.0,15.0,34.0,28,28,2,38.90417772999957,False,cold,E2021,705749,21.25401523771199,6726.187355561255,0.0031598904571308196,4.2,27.225806451612904,21
District of Columbia,2022-03-01,2322.0,4.0,15.0,31,31,3,38.90417772999957,False,cold,E2021,705749,5.667737396723197,3290.1215587978163,0.0017226528854435831,8.716129032258063,27.225806451612904,21
District of Columbia,2022-04-01,5057.0,9.0,7.0,30,30,4,38.90417772999957,False,transition,E2021,705749,12.752409142627195,7165.437003807303,0.0017797112912794147,11.979999999999999,27.225806451612904,21
District of Columbia,2022-05-01,7695.0,7.0,2.0,31,31,5,38.90417772999957,False,warm,E2021,705749,9.918540444265595,10903.309816946252,0.0009096816114359974,18.432258064516127,27.225806451612904,21
District of Columbia,2022-06-01,7164.0,14.0,7.0,30,30,6,38.90417772999957,False,warm,E2021,705749,19.83708088853119,10150.917677531246,0.001954215522054718,23.18,27.225806451612904,21
District of Columbia,2022-07-01,5717.0,13.0,15.0,31,31,7,38.90417772999957,False,warm,E2021,705749,18.42014653935039,8100.61367426663,0.002273919888053175,25.570967741935487,27.225806451612904,21
District of Columbia,2022-08-01,3647.0,6.0,17.0,31,31,8,38.90417772999957,False,warm,E2021,705749,8.501606095084796,5167.559571462375,0.0016451878256100905,24.64516129032258,27.225806451612904,21
District of Columbia,2022-09-01,2348.0,10.0,11.0,30,30,9,38.90417772999957,False,warm,E2022,705749,14.169343491807995,3326.961851876517,0.004258943781942078,20.816666666666666,27.225806451612904,21
District of Columbia,2022-10-01,1195.0,11.0,5.0,31,31,10,38.90417772999957,False,transition,E2022,705749,15.586277840988794,1693.2365472710553,0.009205020920502092,12.848387096774195,27.225806451612904,21
District of Columbia,2022-11-01,1608.0,4.0,6.0,30,30,11,38.90417772999957,False,cold,E2022,705749,5.667737396723197,2278.430433482725,0.0024875621890547263,9.646666666666667,27.225806451612904,21
District of Columbia,2022-12-01,2069.0,14.0,8.0,31,31,12,38.90417772999957,False,cold,E2022,705749,19.83708088853119,2931.637168455074,0.006766553890768487,2.670967741935484,27.225806451612904,21
District of Columbia,2023-01-01,2626.0,5.0,11.0,31,31,1,38.90417772999957,False,cold,E2022,705749,7.084671745903997,3720.8696009487794,0.001904036557501904,5.877419354838709,27.225806451612904,21
Florida,2020-02-01,0.0,13.0,0.0,29,29,2,27.573776588401255,False,cold,E2019,21477737,0.605277921039819,0.0,,19.448275862068964,11.919354838709674,21
Florida,2020-03-01,6741.0,854.0,85.0,31,31,3,27.573776588401255,False,cold,E2019,21477737,39.762103428308116,313.8598819791862,0.12668743509865005,23.48709677419355,11.919354838709674,21
Florida,2020-04-01,26949.0,1277.0,1183.0,30,30,4,27.573776588401255,False,transition,E2019,21477737,59.456915782142225,1254.741130315545,0.047385802812720326,24.646666666666665,11.919354838709674,21
Florida,2020-05-01,22473.0,1017.0,1183.0,31,31,5,27.573776588401255,False,warm,E2019,21477737,47.35135736134584,1046.339286117527,0.04525430516619944,24.835483870967742,11.919354838709674,21
Florida,2020-06-01,96271.0,2045.0,1054.0,30,30,6,27.573776588401255,False,warm,E2019,21477737,95.21487296357154,4482.36236434034,0.02124211860269448,26.64333333333333,11.919354838709674,21
Florida,2020-07-01,317952.0,4962.0,3338.0,31,31,7,27.573776588401255,False,warm,E2019,21477737,231.02992647689092,14803.794273111735,0.01560612922705314,27.44193548387097,11.919354838709674,21
Florida,2020-08-01,153085.0,3149.0,4344.0,31,31,8,27.573776588401255,False,warm,E2019,21477737,146.61693641187617,7127.613118644669,0.020570271417839764,27.44516129032258,11.919354838709674,21
Florida,2020-09-01,83045.0,2893.0,3130.0,30,30,9,27.573776588401255,False,warm,E2020,21477737,134.69761735139974,3866.561919442444,0.034836534409055334,26.256666666666668,11.919354838709674,21
Florida,2020-10-01,96031.0,1720.0,2444.0,31,31,10,27.573776588401255,False,transition,E2020,21477737,80.08292493757605,4471.188002721144,0.017910882944049317,25.04516129032258,11.919354838709674,21
Florida,2020-11-01,196772.0,2750.0,1836.0,30,30,11,27.573776588401255,False,cold,E2020,21477737,128.03956021996171,9161.67285221902,0.013975565629256195,22.183333333333334,11.919354838709674,21
Florida,2020-12-01,323996.0,4059.0,3076.0,31,31,12,27.573776588401255,False,cold,E2020,21477737,188.9863908846635,15085.20194655517,0.012527932443610414,15.638709677419355,11.919354838709674,21
Florida,2021-01-01,398062.0,5167.0,4806.0,31,31,1,27.573776588401255,False,cold,E2020,21477737,240.57469369328808,18533.70306191942,0.012980389989499123,16.43548387096774,11.919354838709674,21
Florida,2021-02-01,187844.0,2836.0,4373.0,28,28,2,27.573776588401255,False,cold,E2020,21477737,132.04370646684052,8745.986599984906,0.015097634207108026,19.560714285714287,11.919354838709674,21
Florida,2021-03-01,148514.0,1874.0,2573.0,31,31,3,27.573776588401255,False,cold,E2020,21477737,87.25314030989391,6914.7880896390525,0.012618339011810335,21.758064516129032,11.919354838709674,21
Florida,2021-04-01,175783.0,1825.0,1736.0,30,30,4,27.573776588401255,False,transition,E2020,21477737,84.9717081459746,8184.4283687801935,0.010382118862461102,22.703333333333333,11.919354838709674,21
Florida,2021-05-01,87300.0,1114.0,1613.0,31,31,5,27.573776588401255,False,warm,E2020,21477737,51.86766184910449,4064.6740389827846,0.012760595647193585,26.374193548387098,11.919354838709674,21
Florida,2021-06-01,44646.0,833.0,998.0,30,30,6,27.573776588401255,False,warm,E2020,21477737,38.784346786628404,2078.7106202110585,0.01865788648479147,26.566666666666666,11.919354838709674,21
Florida,2021-07-01,268770.0,3864.0,1307.0,31,31,7,27.573776588401255,False,warm,E2020,21477737,179.90722206906622,12513.88821829786,0.014376604531755776,26.338709677419356,11.919354838709674,21
Florida,2021-08-01,616220.0,9637.0,5482.0,31,31,8,27.573776588401255,False,warm,E2020,21477737,448.6971788508259,28691.104654089024,0.015638895199766318,26.706451612903226,11.919354838709674,21
Florida,2021-09-01,332353.0,6719.0,10448.0,30,30,9,27.573776588401255,False,warm,E2021,21477737,312.8355654974265,15474.302530103614,0.02021645659885724,25.756666666666668,11.919354838709674,21
Florida,2021-10-01,108005.0,2473.0,4661.0,31,31,10,27.573776588401255,False,transition,E2021,21477737,115.14248451780557,5028.695527838897,0.02289708809777325,24.770967741935483,11.919354838709674,21
Florida,2021-11-01,39583.0,1183.0,1878.0,30,30,11,27.573776588401255,False,cold,E2021,21477737,55.08029081462353,1842.978149886089,0.02988656746583129,19.07,11.919354838709674,21
Florida,2021-12-01,479532.0,1499.0,956.0,31,31,12,27.573776588401255,False,cold,E2021,21477737,69.79320027989914,22326.933233235886,0.0031259644820366525,20.929032258064513,11.919354838709674,21
Florida,2022-01-01,1325876.0,5139.0,2761.0,31,31,1,27.573776588401255,False,cold,E2021,21477737,239.27101817104847,61732.57452589162,0.0038759280656712994,16.56451612903226,11.919354838709674,21
Florida,2022-02-01,308293.0,3865.0,4819.0,28,28,2,27.573776588401255,False,cold,E2021,21477737,179.9537819091462,14354.072777779149,0.012536775080848413,19.442857142857143,11.919354838709674,21
Florida,2022-03-01,40908.0,1022.0,3054.0,31,31,3,27.573776588401255,False,cold,E2021,21477737,47.58415656174577,1904.6699379920706,0.024982888432580425,22.24516129032258,11.919354838709674,21
Florida,2022-04-01,56720.0,542.0,810.0,30,30,4,27.573776588401255,False,transition,E2021,21477737,25.235433323352456,2640.8741293368107,0.00955571227080395,23.303333333333335,11.919354838709674,21
Florida,2022-05-01,217978.0,966.0,602.0,31,31,5,27.573776588401255,False,warm,E2021,21477737,44.976805517266556,10149.020820955206,0.004431639890264155,25.63225806451613,11.919354838709674,21
Florida,2022-06-01,322593.0,1725.0,1250.0,30,30,6,27.573776588401255,False,warm,E2021,21477737,80.31572413797599,15019.878490922949,0.005347295198593894,26.373333333333335,11.919354838709674,21
Florida,2022-07-01,350738.0,1995.0,1765.0,31,31,7,27.573776588401255,False,warm,E2021,21477737,92.88688095957222,16330.305189974159,0.005688006432151635,27.55806451612903,11.919354838709674,21
Florida,2022-08-01,209063.0,1990.0,2288.0,31,31,8,27.573776588401255,False,warm,E2021,21477737,92.6540817591723,9733.93984664213,0.009518661838775871,27.05806451612903,11.919354838709674,21
Florida,2022-09-01,108092.0,1169.0,1563.0,30,30,9,27.573776588401255,False,warm,E2022,21477737,54.42845305350373,5032.746233925855,0.010814861414350738,25.69,11.919354838709674,21
Florida,2022-10-01,42647.0,699.0,760.0,31,31,10,27.573776588401255,False,transition,E2022,21477737,32.54532821591027,1985.6374998911663,0.016390367434989565,22.641935483870967,11.919354838709674,21
Florida,2022-11-01,46643.0,731.0,699.0,30,30,11,27.573776588401255,False,cold,E2022,21477737,34.03524309846983,2171.6906208507908,0.015672233775700532,21.990000000000002,11.919354838709674,21
Florida,2022-12-01,99025.0,1321.0,1031.0,31,31,12,27.573776588401255,False,cold,E2022,21477737,61.50554874566161,4610.588163920622,0.013340065639989901,17.729032258064517,11.919354838709674,21
Florida,2023-01-01,105451.0,1367.0,1021.0,31,31,1,27.573776588401255,False,cold,E2022,21477737,63.647301389340974,4909.781696274612,0.012963366871817242,18.26774193548387,11.919354838709674,21
Georgia,2020-02-01,0.0,20.0,0.0,29,29,2,32.186013835788614,False,cold,E2019,10617423,1.8836962603825806,0.0,,12.527586206896553,18.73225806451613,21
Georgia,2020-03-01,3929.0,778.0,111.0,31,31,3,32.186013835788614,False,cold,E2019,10617423,73.27578452888238,370.052130352158,0.1980147620259608,18.096774193548388,18.73225806451613,21
Georgia,2020-04-01,22335.0,977.0,1021.0,30,30,4,32.186013835788614,False,transition,E2019,10617423,92.01856231968907,2103.617798782247,0.043743004253413924,19.883333333333333,18.73225806451613,21
Georgia,2020-05-01,20799.0,868.0,921.0,31,31,5,32.186013835788614,False,warm,E2019,10617423,81.752417700604,1958.9499259848646,0.04173277561421222,22.729032258064517,18.73225806451613,21
Georgia,2020-06-01,34228.0,611.0,752.0,30,30,6,32.186013835788614,False,warm,E2019,10617423,57.54692075468784,3223.7577800187482,0.017850882318569593,25.756666666666668,18.73225806451613,21
Georgia,2020-07-01,105061.0,1744.0,947.0,31,31,7,32.186013835788614,False,warm,E2019,10617423,164.25831390536104,9895.150640602715,0.01659988006967381,28.51290322580645,18.73225806451613,21
Georgia,2020-08-01,84119.0,1606.0,1881.0,31,31,8,32.186013835788614,False,warm,E2019,10617423,151.2608097087212,7922.732286356115,0.019092000618171876,27.59032258064516,18.73225806451613,21
Georgia,2020-09-01,47555.0,1100.0,1388.0,30,30,9,32.186013835788614,False,warm,E2020,10617423,103.60329432104193,4478.958783124681,0.0231311113447587,24.816666666666666,18.73225806451613,21
Georgia,2020-10-01,42764.0,1475.0,958.0,31,31,10,32.186013835788614,False,transition,E2020,10617423,138.92259920321533,4027.719343950034,0.034491628472547005,22.31935483870968,18.73225806451613,21
Georgia,2020-11-01,110773.0,1220.0,1473.0,30,30,11,32.186013835788614,False,cold,E2020,10617423,114.90547188333741,10433.13429256798,0.011013514123477742,18.303333333333335,18.73225806451613,21
Georgia,2020-12-01,194889.0,2490.0,1482.0,31,31,12,32.186013835788614,False,cold,E2020,10617423,234.52018441763127,18355.584024485037,0.012776503548173576,10.461290322580645,18.73225806451613,21
Georgia,2021-01-01,242993.0,3855.0,3264.0,31,31,1,32.186013835788614,False,cold,E2020,10617423,363.0824541887424,22886.25026995722,0.015864654537373506,10.961290322580645,18.73225806451613,21
Georgia,2021-02-01,97076.0,1786.0,3097.0,28,28,2,32.186013835788614,False,cold,E2020,10617423,168.21407605216444,9143.084908644969,0.018397956240471382,11.825000000000001,18.73225806451613,21
Georgia,2021-03-01,53027.0,1299.0,1760.0,31,31,3,32.186013835788614,False,cold,E2020,10617423,122.34607211184861,4994.338079965355,0.024496954381730062,15.929032258064517,18.73225806451613,21
Georgia,2021-04-01,40639.0,808.0,1135.0,30,30,4,32.186013835788614,False,transition,E2020,10617423,76.10132891945625,3827.5766162843847,0.01988237899554615,19.116666666666667,18.73225806451613,21
Georgia,2021-05-01,23654.0,681.0,647.0,31,31,5,32.186013835788614,False,warm,E2020,10617423,64.13985766602687,2227.847567154478,0.02879005665003805,22.951612903225808,18.73225806451613,21
Georgia,2021-06-01,10732.0,275.0,586.0,30,30,6,32.186013835788614,False,warm,E2020,10617423,25.900823580260482,1010.7914133212928,0.025624301155423034,25.823333333333334,18.73225806451613,21
Georgia,2021-07-01,44876.0,606.0,253.0,31,31,7,32.186013835788614,False,warm,E2020,10617423,57.075996689592195,4226.637669046434,0.013503877350922542,26.748387096774195,18.73225806451613,21
Georgia,2021-08-01,224133.0,2752.0,1064.0,31,31,8,32.186013835788614,False,warm,E2020,10617423,259.19660542864307,21109.92469641645,0.012278423971481219,26.996774193548386,18.73225806451613,21
Georgia,2021-09-01,175134.0,3393.0,3344.0,30,30,9,32.186013835788614,False,warm,E2021,10617423,319.5690705739048,16494.963043292144,0.01937373668162664,24.676666666666666,18.73225806451613,21
Georgia,2021-10-01,55377.0,1818.0,2981.0,31,31,10,32.186013835788614,False,transition,E2021,10617423,171.22799006877656,5215.6723905603085,0.032829514058183,21.316129032258065,18.73225806451613,21
Georgia,2021-11-01,30363.0,917.0,1445.0,30,30,11,32.186013835788614,False,cold,E2021,10617423,86.36747353854132,2859.7334776998146,0.030201231762342323,13.116666666666667,18.73225806451613,21
Georgia,2021-12-01,175423.0,1215.0,933.0,31,31,12,32.186013835788614,False,cold,E2021,10617423,114.43454781824177,16522.18245425467,0.0069261157316885475,15.419354838709678,18.73225806451613,21
Georgia,2022-01-01,528173.0,2602.0,1533.0,31,31,1,32.186013835788614,False,cold,E2021,10617423,245.06888347577373,49745.87524675244,0.004926416155312748,9.780645161290321,18.73225806451613,21
Georgia,2022-02-01,97004.0,1680.0,2439.0,28,28,2,32.186013835788614,False,cold,E2021,10617423,158.23048587213677,9136.303602107593,0.017318873448517586,13.596428571428572,18.73225806451613,21
Georgia,2022-03-01,34375.0,1083.0,1572.0,31,31,3,32.186013835788614,False,cold,E2021,10617423,102.00215249971674,3237.6029475325604,0.031505454545454545,16.858064516129033,18.73225806451613,21
Georgia,2022-04-01,15708.0,498.0,819.0,30,30,4,32.186013835788614,False,transition,E2021,10617423,46.90403688352626,1479.455042904479,0.03170359052711994,19.373333333333335,18.73225806451613,21
Georgia,2022-05-01,40905.0,203.0,392.0,31,31,5,32.186013835788614,False,warm,E2021,10617423,19.119517042883192,3852.629776547473,0.00496271849407163,23.893548387096775,18.73225806451613,21
Georgia,2022-06-01,91524.0,573.0,381.0,30,30,6,32.186013835788614,False,warm,E2021,10617423,53.967897859960935,8620.170826762766,0.006260652943490232,26.94333333333333,18.73225806451613,21
Georgia,2022-07-01,103347.0,539.0,471.0,31,31,7,32.186013835788614,False,warm,E2021,10617423,50.76561421731055,9733.717871087927,0.005215439248357475,27.458064516129035,18.73225806451613,21
Georgia,2022-08-01,119714.0,699.0,722.0,31,31,8,32.186013835788614,False,warm,E2021,10617423,65.8351843003712,11275.240705772012,0.005838916083331941,26.551612903225806,18.73225806451613,21
Georgia,2022-09-01,34771.0,381.0,509.0,30,30,9,32.186013835788614,False,warm,E2022,10617423,35.88441376028816,3274.9001334881355,0.010957407034597797,24.459999999999997,18.73225806451613,21
Georgia,2022-10-01,15263.0,363.0,345.0,31,31,10,32.186013835788614,False,transition,E2022,10617423,34.189087125943836,1437.5428011109664,0.02378300465177226,18.94193548387097,18.73225806451613,21
Georgia,2022-11-01,22856.0,446.0,444.0,30,30,11,32.186013835788614,False,cold,E2022,10617423,42.00642660653155,2152.688086365213,0.01951347567378369,16.95,18.73225806451613,21
Georgia,2022-12-01,41674.0,411.0,347.0,31,31,12,32.186013835788614,False,cold,E2022,10617423,38.70995815086203,3925.057897759183,0.009862264241493498,11.35483870967742,18.73225806451613,21
Georgia,2023-01-01,42663.0,473.0,498.0,31,31,1,32.186013835788614,False,cold,E2022,10617423,44.54941655804803,4018.206677835102,0.011086890279633405,12.69032258064516,18.73225806451613,21
Hawaii,2020-02-01,0.0,0.0,0.0,29,29,2,20.692486293324656,False,cold,E2019,1415872,0.0,0.0,,22.624137931034483,3.3129032258064512,21
Hawaii,2020-03-01,204.0,10.0,0.0,31,31,3,20.692486293324656,False,cold,E2019,1415872,7.062785336527596,144.08082086516296,,22.42258064516129,3.3129032258064512,21
Hawaii,2020-04-01,414.0,7.0,16.0,30,30,4,20.692486293324656,False,transition,E2019,1415872,4.943949735569317,292.3993129322425,,23.290000000000003,3.3129032258064512,21
Hawaii,2020-05-01,34.0,0.0,1.0,31,31,5,20.692486293324656,False,warm,E2019,1415872,0.0,24.013470144193825,,23.793548387096774,3.3129032258064512,21
Hawaii,2020-06-01,265.0,7.0,1.0,30,30,6,20.692486293324656,False,warm,E2019,1415872,4.943949735569317,187.1638114179813,,24.373333333333335,3.3129032258064512,21
Hawaii,2020-07-01,1194.0,22.0,8.0,31,31,7,20.692486293324656,False,warm,E2019,1415872,15.53812774036071,843.296569181395,0.018425460636515914,24.748387096774195,3.3129032258064512,21
Hawaii,2020-08-01,6361.0,74.0,44.0,31,31,8,20.692486293324656,False,warm,E2019,1415872,52.26461149030421,4492.637752565203,0.011633390976261595,25.032258064516128,3.3129032258064512,21
Hawaii,2020-09-01,4125.0,83.0,66.0,30,30,9,20.692486293324656,False,warm,E2020,1415872,58.621118293179045,2913.3989513176334,0.02012121212121212,25.279999999999998,3.3129032258064512,21
Hawaii,2020-10-01,2687.0,28.0,83.0,31,31,10,20.692486293324656,False,transition,E2020,1415872,19.77579894227727,1897.770419924965,0.01042054335690361,25.63225806451613,3.3129032258064512,21
Hawaii,2020-11-01,2939.0,51.0,25.0,30,30,11,20.692486293324656,False,cold,E2020,1415872,36.02020521629074,2075.7526104054605,0.01735284110241579,24.996666666666666,3.3129032258064512,21
Hawaii,2020-12-01,3784.0,46.0,44.0,31,31,12,20.692486293324656,False,cold,E2020,1415872,32.48881254802694,2672.557971342042,0.012156448202959831,24.26774193548387,3.3129032258064512,21
Hawaii,2021-01-01,4589.0,103.0,122.0,31,31,1,20.692486293324656,False,cold,E2020,1415872,72.74668896623423,3241.112190932514,0.022444977119198083,23.358064516129033,3.3129032258064512,21
Hawaii,2021-02-01,1784.0,23.0,29.0,28,28,2,20.692486293324656,False,cold,E2020,1415872,16.24440627401347,1260.000904036523,0.01289237668161435,22.589285714285715,3.3129032258064512,21
Hawaii,2021-03-01,2374.0,20.0,24.0,31,31,3,20.692486293324656,False,cold,E2020,1415872,14.125570673055192,1676.7052388916513,0.008424599831508003,22.438709677419357,3.3129032258064512,21
Hawaii,2021-04-01,3097.0,20.0,20.0,30,30,4,20.692486293324656,False,transition,E2020,1415872,14.125570673055192,2187.3446187225964,0.006457862447529867,22.459999999999997,3.3129032258064512,21
Hawaii,2021-05-01,2425.0,19.0,17.0,31,31,5,20.692486293324656,False,warm,E2020,1415872,13.419292139402431,1712.725444107942,0.007835051546391752,23.438709677419357,3.3129032258064512,21
Hawaii,2021-06-01,1482.0,11.0,17.0,30,30,6,20.692486293324656,False,warm,E2020,1415872,7.769063870180355,1046.7047868733896,0.007422402159244264,23.959999999999997,3.3129032258064512,21
Hawaii,2021-07-01,4652.0,39.0,20.0,31,31,7,20.692486293324656,False,warm,E2020,1415872,27.544862812457623,3285.6077385526373,0.008383490971625107,24.34193548387097,3.3129032258064512,21
Hawaii,2021-08-01,21092.0,151.0,52.0,31,31,8,20.692486293324656,False,warm,E2020,1415872,106.6480585815667,14896.826831804005,0.007159112459700361,24.54516129032258,3.3129032258064512,21
Hawaii,2021-09-01,15704.0,166.0,193.0,30,30,9,20.692486293324656,False,warm,E2021,1415872,117.24223658635809,11091.398092482936,0.010570555272542028,24.826666666666664,3.3129032258064512,21
Hawaii,2021-10-01,5089.0,122.0,134.0,31,31,10,20.692486293324656,False,transition,E2021,1415872,86.16598110563666,3594.2514577588936,0.023973275692670465,24.338709677419356,3.3129032258064512,21
Hawaii,2021-11-01,3369.0,70.0,102.0,30,30,11,20.692486293324656,False,cold,E2021,1415872,49.43949735569317,2379.452379876147,0.020777678836449986,24.253333333333334,3.3129032258064512,21
Hawaii,2021-12-01,25268.0,65.0,72.0,31,31,12,20.692486293324656,False,cold,E2021,1415872,45.90810468742937,17846.24598833793,0.0025724236188063953,23.283870967741933,3.3129032258064512,21
Hawaii,2022-01-01,106356.0,167.0,91.0,31,31,1,20.692486293324656,False,cold,E2021,1415872,117.94851512001085,75116.9597251729,0.0015701982022640942,23.283870967741933,3.3129032258064512,21
Hawaii,2022-02-01,16863.0,64.0,153.0,28,28,2,20.692486293324656,False,cold,E2021,1415872,45.201826153776615,11909.974912986485,0.003795291466524343,22.885714285714283,3.3129032258064512,21
Hawaii,2022-03-01,4627.0,39.0,45.0,31,31,3,20.692486293324656,False,cold,E2021,1415872,27.544862812457623,3267.9507752113186,0.008428787551329154,23.258064516129032,3.3129032258064512,21
Hawaii,2022-04-01,7627.0,39.0,39.0,30,30,4,20.692486293324656,False,transition,E2021,1415872,27.544862812457623,5386.786376169597,0.005113412875311394,22.959999999999997,3.3129032258064512,21
Hawaii,2022-05-01,26090.0,28.0,33.0,31,31,5,20.692486293324656,False,warm,E2021,1415872,19.77579894227727,18426.806943000498,0.0010732081257186661,23.348387096774193,3.3129032258064512,21
Hawaii,2022-06-01,34200.0,74.0,53.0,30,30,6,20.692486293324656,False,warm,E2021,1415872,52.26461149030421,24154.725850924377,0.0021637426900584797,24.023333333333333,3.3129032258064512,21
Hawaii,2022-07-01,17249.0,71.0,67.0,31,31,7,20.692486293324656,False,warm,E2021,1415872,50.14577588934593,12182.59842697645,0.004116180648153516,24.529032258064515,3.3129032258064512,21
Hawaii,2022-08-01,13570.0,60.0,73.0,31,31,8,20.692486293324656,False,warm,E2021,1415872,42.37671201916557,9584.199701667947,0.004421518054532056,25.074193548387097,3.3129032258064512,21
Hawaii,2022-09-01,16445.0,23.0,42.0,30,30,9,20.692486293324656,False,warm,E2022,1415872,16.24440627401347,11614.75048591963,0.0013986013986013986,25.516666666666666,3.3129032258064512,21
Hawaii,2022-10-01,5858.0,20.0,18.0,31,31,10,20.692486293324656,False,transition,E2022,1415872,14.125570673055192,4137.379650137866,0.003414134516899966,25.73548387096774,3.3129032258064512,21
Hawaii,2022-11-01,5535.0,36.0,33.0,30,30,11,20.692486293324656,False,cold,E2022,1415872,25.426027211499346,3909.251683768024,0.0065040650406504065,24.776666666666664,3.3129032258064512,21
Hawaii,2022-12-01,4846.0,17.0,24.0,31,31,12,20.692486293324656,False,cold,E2022,1415872,12.006735072096912,3422.625774081273,0.0035080478745356997,24.070967741935487,3.3129032258064512,21
Hawaii,2023-01-01,4779.0,47.0,25.0,31,31,1,20.692486293324656,False,cold,E2022,1415872,33.1950910816797,3375.305112326538,0.00983469345051266,23.41290322580645,3.3129032258064512,21
Idaho,2020-02-01,0.0,0.0,0.0,29,29,2,44.062344729583536,False,cold,E2019,1787065,0.0,0.0,,-8.13448275862069,27.821428571428577,21
Idaho,2020-03-01,515.0,48.0,8.0,31,31,3,44.062344729583536,False,cold,E2019,1787065,26.85968333552501,288.1820191207371,0.09320388349514563,-4.65483870967742,27.821428571428577,21
Idaho,2020-04-01,1469.0,29.0,52.0,30,30,4,44.062344729583536,False,transition,E2019,1787065,16.22772534854636,822.0182254142966,0.019741320626276378,-1.3599999999999999,27.821428571428577,21
Idaho,2020-05-01,855.0,12.0,22.0,31,31,5,44.062344729583536,False,warm,E2019,1787065,6.714920833881252,478.4381094140392,0.014035087719298246,3.296774193548387,27.821428571428577,21
Idaho,2020-06-01,3278.0,37.0,10.0,30,30,6,44.062344729583536,False,warm,E2019,1787065,20.70433923780053,1834.2925411218955,0.011287370347773032,6.86,27.821428571428577,21
Idaho,2020-07-01,14599.0,179.0,96.0,31,31,7,44.062344729583536,False,warm,E2019,1787065,100.16423577206201,8169.2607711527,0.01226111377491609,13.97741935483871,27.821428571428577,21
Idaho,2020-08-01,11365.0,142.0,173.0,31,31,8,44.062344729583536,False,warm,E2019,1787065,79.45989653426149,6359.589606421702,0.01249450065992081,16.135483870967743,27.821428571428577,21
Idaho,2020-09-01,9967.0,99.0,108.0,30,30,9,44.062344729583536,False,warm,E2020,1787065,55.39809687952033,5577.301329274536,0.00993277816795425,11.74,27.821428571428577,21
Idaho,2020-10-01,22560.0,301.0,160.0,31,31,10,44.062344729583536,False,transition,E2020,1787065,168.43259758318808,12624.051167696754,0.013342198581560284,3.3741935483870966,27.821428571428577,21
Idaho,2020-11-01,37090.0,454.0,300.0,30,30,11,44.062344729583536,False,cold,E2020,1787065,254.04783821517404,20754.701144054638,0.012240496090590455,-4.136666666666667,27.821428571428577,21
Idaho,2020-12-01,39379.0,353.0,507.0,31,31,12,44.062344729583536,False,cold,E2020,1787065,197.53058786334017,22035.572293117486,0.008964168719368192,-6.751612903225807,27.821428571428577,21
Idaho,2021-01-01,21606.0,172.0,289.0,31,31,1,44.062344729583536,False,cold,E2020,1787065,96.24719861896462,12090.214961403195,0.007960751643062113,-7.690322580645161,27.821428571428577,21
Idaho,2021-02-01,8457.0,115.0,135.0,28,28,2,44.062344729583536,False,cold,E2020,1787065,64.35132465802867,4732.340457677812,0.013598202672342439,-9.121428571428572,27.821428571428577,21
Idaho,2021-03-01,9396.0,87.0,102.0,31,31,3,44.062344729583536,False,cold,E2020,1787065,48.68317604563908,5257.7830129290205,0.009259259259259259,-4.938709677419355,27.821428571428577,21
Idaho,2021-04-01,7120.0,52.0,84.0,30,30,4,44.062344729583536,False,transition,E2020,1787065,29.097990280152093,3984.1863614362096,0.007303370786516854,-1.0599999999999998,27.821428571428577,21
Idaho,2021-05-01,4356.0,56.0,44.0,31,31,5,44.062344729583536,False,warm,E2020,1787065,31.336297224779177,2437.5162626988945,0.012855831037649219,3.141935483870968,27.821428571428577,21
Idaho,2021-06-01,2986.0,43.0,62.0,30,30,6,44.062344729583536,False,warm,E2020,1787065,24.061799654741154,1670.8961341641182,0.014400535833891493,12.806666666666667,27.821428571428577,21
Idaho,2021-07-01,5486.0,104.0,45.0,31,31,7,44.062344729583536,False,warm,E2020,1787065,58.195980560304186,3069.837974556046,0.018957345971563982,18.700000000000003,27.821428571428577,21
Idaho,2021-08-01,20905.0,379.0,166.0,31,31,8,44.062344729583536,False,warm,E2020,1787065,212.07958300341622,11697.951669357299,0.0181296340588376,13.758064516129032,27.821428571428577,21
Idaho,2021-09-01,35933.0,715.0,544.0,30,30,9,44.062344729583536,False,warm,E2021,1787065,400.0973663520913,20107.270860321252,0.019898143767567416,10.373333333333333,27.821428571428577,21
Idaho,2021-10-01,33994.0,469.0,631.0,31,31,10,44.062344729583536,False,transition,E2021,1787065,262.44148925752563,19022.251568913274,0.013796552332764606,1.8129032258064517,27.821428571428577,21
Idaho,2021-11-01,15529.0,236.0,391.0,30,30,11,44.062344729583536,False,cold,E2021,1787065,132.06010973299797,8689.667135778498,0.015197372657608345,-2.603333333333333,27.821428571428577,21
Idaho,2021-12-01,12537.0,240.0,233.0,31,31,12,44.062344729583536,False,cold,E2021,1787065,134.29841667762506,7015.4135411974385,0.0191433357262503,-7.770967741935484,27.821428571428577,21
Idaho,2022-01-01,60920.0,354.0,259.0,31,31,1,44.062344729583536,False,cold,E2021,1787065,198.09016459949694,34089.41476667049,0.005810899540380827,-6.590322580645162,27.821428571428577,21
Idaho,2022-02-01,45862.0,158.0,330.0,28,28,2,44.062344729583536,False,cold,E2021,1787065,88.41312431276982,25663.30827362183,0.0034451179625834025,-7.914285714285714,27.821428571428577,21
Idaho,2022-03-01,17766.0,84.0,122.0,31,31,3,44.062344729583536,False,cold,E2021,1787065,47.00444583716877,9941.440294561195,0.004728132387706856,-3.074193548387097,27.821428571428577,21
Idaho,2022-04-01,2110.0,18.0,54.0,30,30,4,44.062344729583536,False,transition,E2021,1787065,10.072381250821879,1180.7069132907868,0.008530805687203791,-4.569999999999999,27.821428571428577,21
Idaho,2022-05-01,4917.0,18.0,13.0,31,31,5,44.062344729583536,False,warm,E2021,1787065,10.072381250821879,2751.438811682843,0.0036607687614399025,0.8258064516129032,27.821428571428577,21
Idaho,2022-06-01,12021.0,56.0,33.0,30,30,6,44.062344729583536,False,warm,E2021,1787065,31.336297224779177,6726.671945340544,0.0046585142666999415,6.91,27.821428571428577,21
Idaho,2022-07-01,15684.0,80.0,62.0,31,31,7,44.062344729583536,False,warm,E2021,1787065,44.76613889254168,8776.401529882796,0.00510073960724305,16.638709677419353,27.821428571428577,21
Idaho,2022-08-01,10738.0,74.0,80.0,31,31,8,44.062344729583536,False,warm,E2021,1787065,41.40867847560106,6008.734992851407,0.006891413671074688,16.76774193548387,27.821428571428577,21
Idaho,2022-09-01,6473.0,39.0,61.0,30,30,9,44.062344729583536,False,warm,E2022,1787065,21.82349271011407,3622.140213142779,0.006025027035377723,12.25,27.821428571428577,21
Idaho,2022-10-01,3976.0,43.0,40.0,31,31,10,44.062344729583536,False,transition,E2022,1787065,24.061799654741154,2224.8771029593217,0.010814889336016096,4.532258064516129,27.821428571428577,21
Idaho,2022-11-01,6383.0,57.0,52.0,30,30,11,44.062344729583536,False,cold,E2022,1787065,31.895873960935948,3571.7783068886692,0.008929970233432555,-7.413333333333333,27.821428571428577,21
Idaho,2022-12-01,5369.0,41.0,48.0,31,31,12,44.062344729583536,False,cold,E2022,1787065,22.942646182427612,3004.3674964257034,0.0076364313652449245,-8.638709677419355,27.821428571428577,21
Idaho,2023-01-01,3401.0,45.0,41.0,31,31,1,44.062344729583536,False,cold,E2022,1787065,25.180953127054696,1903.1204796691782,0.01323140252866804,-8.90967741935484,27.821428571428577,21
Illinois,2020-02-01,0.0,6.0,0.0,29,29,2,41.19841161920047,False,cold,E2019,12671821,0.47349153685172796,0.0,,-1.182758620689655,33.52442396313364,21
Illinois,2020-03-01,5992.0,1462.0,99.0,31,31,3,41.19841161920047,False,cold,E2019,12671821,115.3741044795377,472.8602148025923,0.24399198931909213,5.670967741935484,33.52442396313364,21
Illinois,2020-04-01,46924.0,3139.0,2256.0,30,30,4,41.19841161920047,False,transition,E2019,12671821,247.71498902959567,3703.01947920508,0.06689540533628846,8.916666666666666,33.52442396313364,21
Illinois,2020-05-01,67342.0,2040.0,3035.0,31,31,5,41.19841161920047,False,warm,E2019,12671821,160.9871225295875,5314.311179111511,0.030293130587152148,15.167741935483871,33.52442396313364,21
Illinois,2020-06-01,22925.0,870.0,1533.0,30,30,6,41.19841161920047,False,warm,E2019,12671821,68.65627284350055,1809.1322470543105,0.03794983642311887,22.55666666666667,33.52442396313364,21
Illinois,2020-07-01,36930.0,549.0,769.0,31,31,7,41.19841161920047,False,warm,E2019,12671821,43.324475621933104,2914.3404093223853,0.0148659626320065,25.038709677419355,33.52442396313364,21
Illinois,2020-08-01,56609.0,627.0,543.0,31,31,8,41.19841161920047,False,warm,E2019,12671821,49.47986560100557,4467.313734939911,0.011075977318094296,23.625806451612902,33.52442396313364,21
Illinois,2020-09-01,58996.0,912.0,681.0,30,30,9,41.19841161920047,False,warm,E2020,12671821,71.97071360146265,4655.684451350757,0.015458675164417927,18.82,33.52442396313364,21
Illinois,2020-10-01,120827.0,2347.0,1124.0,31,31,10,41.19841161920047,False,transition,E2020,12671821,185.21410616516758,9535.093653863956,0.01942446638582436,11.006451612903225,33.52442396313364,21
Illinois,2020-11-01,309757.0,4575.0,2945.0,30,30,11,41.19841161920047,False,cold,E2020,12671821,361.03729684944255,24444.55299676345,0.014769642009704381,8.42,33.52442396313364,21
Illinois,2020-12-01,237085.0,3896.0,4993.0,31,31,12,41.19841161920047,False,cold,E2020,12671821,307.45383792905534,18709.62350241532,0.016432924900352194,0.13548387096774198,33.52442396313364,21
Illinois,2021-01-01,162912.0,2043.0,3275.0,31,31,1,41.19841161920047,False,cold,E2020,12671821,161.22386829801337,12856.242208598118,0.012540512669416618,-1.770967741935484,33.52442396313364,21
Illinois,2021-02-01,60395.0,891.0,1482.0,28,28,2,41.19841161920047,False,cold,E2020,12671821,70.3134932224816,4766.0868946933515,0.014752876893782598,-8.485714285714286,33.52442396313364,21
Illinois,2021-03-01,57889.0,661.0,844.0,31,31,3,41.19841161920047,False,cold,E2020,12671821,52.16298430983203,4568.3252628016135,0.011418404187324017,6.896774193548388,33.52442396313364,21
Illinois,2021-04-01,90470.0,917.0,712.0,30,30,4,41.19841161920047,False,transition,E2020,12671821,72.36528988217242,7139.463223162637,0.010135956670719575,11.06,33.52442396313364,21
Illinois,2021-05-01,47131.0,657.0,932.0,31,31,5,41.19841161920047,False,warm,E2020,12671821,51.84732328526421,3719.3549372264647,0.013939869724809574,15.59032258064516,33.52442396313364,21
Illinois,2021-06-01,9554.0,264.0,450.0,30,30,6,41.19841161920047,False,warm,E2020,12671821,20.83362762147603,753.9563571802348,0.02763240527527737,23.58,33.52442396313364,21
Illinois,2021-07-01,27871.0,367.0,243.0,31,31,7,41.19841161920047,False,warm,E2020,12671821,28.961899004097358,2199.447103932418,0.013167808833554591,23.316129032258065,33.52442396313364,21
Illinois,2021-08-01,103339.0,1074.0,582.0,31,31,8,41.19841161920047,False,warm,E2020,12671821,84.75498509645931,8155.023654453452,0.010392978449568895,23.929032258064513,33.52442396313364,21
Illinois,2021-09-01,104566.0,1083.0,1163.0,30,30,9,41.19841161920047,False,warm,E2021,12671821,85.4652224017369,8251.852673739631,0.010357095040452919,21.416666666666668,33.52442396313364,21
Illinois,2021-10-01,68021.0,777.0,959.0,31,31,10,41.19841161920047,False,transition,E2021,12671821,61.317154022298766,5367.894638031898,0.011422942914688112,15.348387096774195,33.52442396313364,21
Illinois,2021-11-01,114340.0,1236.0,752.0,30,30,11,41.19841161920047,False,cold,E2021,12671821,97.53925659145595,9023.170387271095,0.010809865313975861,4.6,33.52442396313364,21
Illinois,2021-12-01,339697.0,3022.0,1645.0,31,31,12,41.19841161920047,False,cold,E2021,12671821,238.48190406098698,26807.275765653572,0.008896163345569728,3.425806451612903,33.52442396313364,21
Illinois,2022-01-01,771407.0,2945.0,3647.0,31,31,1,41.19841161920047,False,cold,E2021,12671821,232.40542933805645,60875.78099469682,0.0038176993467780303,-5.687096774193549,33.52442396313364,21
Illinois,2022-02-01,110242.0,1117.0,2237.0,28,28,2,41.19841161920047,False,cold,E2021,12671821,88.14834111056335,8699.775667601365,0.01013225449465721,-2.8428571428571425,33.52442396313364,21
Illinois,2022-03-01,37021.0,376.0,763.0,31,31,3,41.19841161920047,False,cold,E2021,12671821,29.672136309374952,2921.521697631303,0.010156397720212852,4.680645161290323,33.52442396313364,21
Illinois,2022-04-01,70448.0,215.0,234.0,30,30,4,41.19841161920047,False,transition,E2021,12671821,16.96678007052025,5559.421964688421,0.0030518964342493753,9.09,33.52442396313364,21
Illinois,2022-05-01,163731.0,354.0,237.0,31,31,5,41.19841161920047,False,warm,E2021,12671821,27.93600067425195,12920.873803378377,0.0021620829287062318,17.783870967741933,33.52442396313364,21
Illinois,2022-06-01,128420.0,377.0,453.0,30,30,6,41.19841161920047,False,warm,E2021,12671821,29.751051565516907,10134.297193749817,0.002935679800654104,22.9,33.52442396313364,21
Illinois,2022-07-01,132810.0,381.0,294.0,31,31,7,41.19841161920047,False,warm,E2021,12671821,30.066712590084723,10480.735168212997,0.0028687598825389653,23.81935483870968,33.52442396313364,21
Illinois,2022-08-01,123896.0,418.0,446.0,31,31,8,41.19841161920047,False,warm,E2021,12671821,32.986577067337045,9777.284574963614,0.003373797378446439,23.148387096774194,33.52442396313364,21
Illinois,2022-09-01,74671.0,301.0,370.0,30,30,9,41.19841161920047,False,warm,E2022,12671821,23.75349209872835,5892.681091375896,0.004031016057103829,19.490000000000002,33.52442396313364,21
Illinois,2022-10-01,52428.0,320.0,299.0,31,31,10,41.19841161920047,False,transition,E2022,12671821,25.25288196542549,4137.369049010399,0.006103608758678569,12.003225806451614,33.52442396313364,21
Illinois,2022-11-01,62793.0,345.0,306.0,30,30,11,41.19841161920047,False,cold,E2022,12671821,27.225763368974356,4955.3256789217585,0.005494242988868186,6.010000000000001,33.52442396313364,21
Illinois,2022-12-01,92391.0,416.0,375.0,31,31,12,41.19841161920047,False,cold,E2022,12671821,32.82874655505314,7291.059430211332,0.0045026030673983395,-1.3774193548387097,33.52442396313364,21
Illinois,2023-01-01,49936.0,355.0,410.0,31,31,1,41.19841161920047,False,cold,E2022,12671821,28.014915930393904,3940.712230704648,0.007109099647548862,0.0741935483870968,33.52442396313364,21
Indiana,2020-02-01,0.0,13.0,0.0,29,29,2,40.08967303929022,False,cold,E2019,6732219,1.9310126423397693,0.0,,-0.06896551724137921,29.864976958525347,21
Indiana,2020-03-01,2158.0,777.0,112.0,31,31,3,40.08967303929022,False,cold,E2019,6732219,115.41514023830776,320.5480986284017,0.3600556070435589,6.661290322580645,29.864976958525347,21
Indiana,2020-04-01,15677.0,1127.0,1049.0,30,30,4,40.08967303929022,False,transition,E2019,6732219,167.40394214745538,2328.652707227736,0.07188875422593609,9.196666666666665,29.864976958525347,21
Indiana,2020-05-01,16739.0,559.0,952.0,31,31,5,40.08967303929022,False,warm,E2019,6732219,83.03354362061009,2486.401586163492,0.033395065416094154,15.209677419354838,29.864976958525347,21
Indiana,2020-06-01,11020.0,304.0,456.0,30,30,6,40.08967303929022,False,warm,E2019,6732219,45.15598794394538,1636.90456296802,0.027586206896551724,22.92,29.864976958525347,21
Indiana,2020-07-01,20560.0,369.0,317.0,31,31,7,40.08967303929022,False,warm,E2019,6732219,54.81105115564422,3053.9707635773584,0.01794747081712062,25.093548387096774,29.864976958525347,21
Indiana,2020-08-01,28042.0,350.0,377.0,31,31,8,40.08967303929022,False,warm,E2019,6732219,51.98880190914764,4165.342808960909,0.012481278082875686,22.470967741935485,29.864976958525347,21
Indiana,2020-09-01,25823.0,645.0,382.0,30,30,9,40.08967303929022,False,warm,E2020,6732219,95.80793494685778,3835.7338048569127,0.02497773302869535,18.746666666666666,29.864976958525347,21
Indiana,2020-10-01,59339.0,1553.0,859.0,31,31,10,40.08967303929022,False,transition,E2020,6732219,230.68174104258938,8814.18147567689,0.026171657763022632,12.051612903225807,29.864976958525347,21
Indiana,2020-11-01,159619.0,2790.0,1928.0,30,30,11,40.08967303929022,False,cold,E2020,6732219,414.4250209329197,23709.71591981782,0.01747912215964265,8.056666666666667,29.864976958525347,21
Indiana,2020-12-01,172508.0,2350.0,2958.0,31,31,12,40.08967303929022,False,cold,E2020,6732219,349.0676699614199,25624.240684980687,0.013622556635054605,0.6935483870967742,29.864976958525347,21
Indiana,2021-01-01,115197.0,1535.0,1906.0,31,31,1,40.08967303929022,False,cold,E2020,6732219,228.00803123011892,17111.297181508802,0.013324999782980459,-1.1129032258064515,29.864976958525347,21
Indiana,2021-02-01,34991.0,574.0,1277.0,28,28,2,40.08967303929022,False,cold,E2020,6732219,85.26163513100212,5197.543336008529,0.016404218227544225,-4.771428571428571,29.864976958525347,21
Indiana,2021-03-01,24824.0,302.0,466.0,31,31,3,40.08967303929022,False,cold,E2020,6732219,44.8589090758931,3687.342910264803,0.012165646148888173,7.199999999999999,29.864976958525347,21
Indiana,2021-04-01,33928.0,299.0,293.0,30,30,4,40.08967303929022,False,transition,E2020,6732219,44.413290773814694,5039.645917638746,0.00881278000471587,10.69,29.864976958525347,21
Indiana,2021-05-01,23271.0,252.0,288.0,31,31,5,40.08967303929022,False,warm,E2020,6732219,37.4319373745863,3456.661169222213,0.010828928709552663,15.17741935483871,29.864976958525347,21
Indiana,2021-06-01,10231.0,164.0,230.0,30,30,6,40.08967303929022,False,warm,E2020,6732219,24.36046718028632,1519.7069495213984,0.016029713615482357,22.746666666666666,29.864976958525347,21
Indiana,2021-07-01,17372.0,265.0,155.0,31,31,7,40.08967303929022,False,warm,E2020,6732219,39.36295001692607,2580.4270479020365,0.015254432419986185,23.154838709677417,29.864976958525347,21
Indiana,2021-08-01,87267.0,1011.0,486.0,31,31,8,40.08967303929022,False,warm,E2020,6732219,150.1733678004236,12962.59078915882,0.01158513527450239,24.33225806451613,29.864976958525347,21
Indiana,2021-09-01,105881.0,1210.0,1167.0,30,30,9,40.08967303929022,False,warm,E2021,6732219,179.73271517162468,15727.503814121317,0.011427923801248572,20.776666666666664,29.864976958525347,21
Indiana,2021-10-01,60335.0,798.0,1025.0,31,31,10,40.08967303929022,False,transition,E2021,6732219,118.53446835285662,8962.126751966922,0.013226153973647136,15.561290322580644,29.864976958525347,21
Indiana,2021-11-01,76403.0,1361.0,874.0,30,30,11,40.08967303929022,False,cold,E2021,6732219,202.16216970957123,11348.858377898878,0.01781343664515791,4.366666666666666,29.864976958525347,21
Indiana,2021-12-01,145669.0,2143.0,1480.0,31,31,12,40.08967303929022,False,cold,E2021,6732219,318.3200071180097,21637.59081515322,0.014711434828275062,4.561290322580645,29.864976958525347,21
Indiana,2022-01-01,376585.0,1824.0,2319.0,31,31,1,40.08967303929022,False,cold,E2021,6732219,270.93592766367226,55937.72276273247,0.004843528021562197,-4.02258064516129,29.864976958525347,21
Indiana,2022-02-01,58246.0,725.0,1487.0,28,28,2,40.08967303929022,False,cold,E2021,6732219,107.69108966894868,8651.827874286324,0.01244720667513649,-2.0107142857142857,29.864976958525347,21
Indiana,2022-03-01,9138.0,235.0,530.0,31,31,3,40.08967303929022,False,cold,E2021,6732219,34.90676699614198,1357.3533481308318,0.025716787043116657,5.806451612903226,29.864976958525347,21
Indiana,2022-04-01,11469.0,146.0,214.0,30,30,4,40.08967303929022,False,transition,E2021,6732219,21.686757367815872,1703.598768845755,0.012729967739122853,9.620000000000001,29.864976958525347,21
Indiana,2022-05-01,28469.0,148.0,113.0,31,31,5,40.08967303929022,False,warm,E2021,6732219,21.983836235868143,4228.769147290069,0.005198637114053883,18.08709677419355,29.864976958525347,21
Indiana,2022-06-01,41422.0,201.0,177.0,30,30,6,40.08967303929022,False,warm,E2021,6732219,29.85642623925336,6152.80043623061,0.004852493843851093,22.366666666666667,29.864976958525347,21
Indiana,2022-07-01,56551.0,309.0,229.0,31,31,7,40.08967303929022,False,warm,E2021,6732219,45.89868511407606,8400.053533612023,0.005464094357305794,24.23548387096774,29.864976958525347,21
Indiana,2022-08-01,67065.0,275.0,312.0,31,31,8,40.08967303929022,False,warm,E2021,6732219,40.84834435718743,9961.797142962818,0.0041004995153955115,22.712903225806453,29.864976958525347,21
Indiana,2022-09-01,26194.0,249.0,290.0,30,30,9,40.08967303929022,False,warm,E2022,6732219,36.98631907250789,3890.841934880609,0.009505993739024204,19.2,29.864976958525347,21
Indiana,2022-10-01,15572.0,216.0,192.0,31,31,10,40.08967303929022,False,transition,E2022,6732219,32.0845177496454,2313.0560666549914,0.013871050603647572,12.280645161290321,29.864976958525347,21
Indiana,2022-11-01,28192.0,224.0,238.0,30,30,11,40.08967303929022,False,cold,E2022,6732219,33.27283322185449,4187.623724064829,0.007945516458569807,6.096666666666667,29.864976958525347,21
Indiana,2022-12-01,37003.0,493.0,226.0,31,31,12,40.08967303929022,False,cold,E2022,6732219,73.2299409748851,5496.4046772691145,0.013323244061292327,-0.2709677419354839,29.864976958525347,21
Indiana,2023-01-01,22209.0,202.0,497.0,31,31,1,40.08967303929022,False,cold,E2022,6732219,30.004965673279493,3298.912290286457,0.009095411770003153,1.864516129032258,29.864976958525347,21
Iowa,2020-02-01,0.0,0.0,0.0,29,29,2,41.95646209273208,False,cold,E2019,3155070,0.0,0.0,,-4.196551724137931,36.10069124423963,21
Iowa,2020-03-01,497.0,83.0,7.0,31,31,3,41.95646209273208,False,cold,E2019,3155070,26.30686482391833,157.52423876490855,,5.480645161290322,36.10069124423963,21
Iowa,2020-04-01,6648.0,327.0,155.0,30,30,4,41.95646209273208,False,transition,E2019,3155070,103.64270840266619,2107.0847873422777,0.04918772563176895,8.556666666666667,36.10069124423963,21
Iowa,2020-05-01,12407.0,276.0,373.0,31,31,5,41.95646209273208,False,warm,E2019,3155070,87.47824929399347,3932.400865907888,0.02224550656887241,14.83548387096774,36.10069124423963,21
Iowa,2020-06-01,9522.0,120.0,181.0,30,30,6,41.95646209273208,False,warm,E2019,3155070,38.03402143217108,3017.999600642775,0.01260239445494644,22.546666666666667,36.10069124423963,21
Iowa,2020-07-01,15679.0,223.0,156.0,31,31,7,41.95646209273208,False,warm,E2019,3155070,70.67988982811792,4969.461850291753,0.014222845844760508,24.493548387096773,36.10069124423963,21
Iowa,2020-08-01,20386.0,255.0,248.0,31,31,8,41.95646209273208,False,warm,E2019,3155070,80.82229554336354,6461.346340968663,0.012508584322574316,23.074193548387097,36.10069124423963,21
Iowa,2020-09-01,24108.0,310.0,238.0,30,30,9,41.95646209273208,False,warm,E2020,3155070,98.25455536644195,7641.03490572317,0.012858802057408329,17.473333333333336,36.10069124423963,21
Iowa,2020-10-01,39263.0,597.0,358.0,31,31,10,41.95646209273208,False,transition,E2020,3155070,189.21925662505112,12444.414862427775,0.015205154980516007,9.13225806451613,36.10069124423963,21
Iowa,2020-11-01,102121.0,1397.0,710.0,30,30,11,41.95646209273208,False,cold,E2020,3155070,442.7793995061916,32367.269188956187,0.013679850373576444,6.29,36.10069124423963,21
Iowa,2020-12-01,51081.0,857.0,1465.0,31,31,12,41.95646209273208,False,cold,E2020,3155070,271.62630306142177,16190.132073139423,0.016777275307844404,-2.8225806451612905,36.10069124423963,21
Iowa,2021-01-01,37696.0,891.0,1010.0,31,31,1,41.95646209273208,False,cold,E2020,3155070,282.40260913387027,11947.75393255934,0.02363646010186757,-5.016129032258065,36.10069124423963,21
Iowa,2021-02-01,17057.0,339.0,570.0,28,28,2,41.95646209273208,False,cold,E2020,3155070,107.44611054588329,5406.219196404517,0.019874538312716187,-11.607142857142858,36.10069124423963,21
Iowa,2021-03-01,14937.0,224.0,272.0,31,31,3,41.95646209273208,False,cold,E2020,3155070,70.99684000671934,4734.284817769495,0.014996317868380531,5.922580645161291,36.10069124423963,21
Iowa,2021-04-01,13442.0,136.0,207.0,30,30,4,41.95646209273208,False,transition,E2020,3155070,43.10522428979389,4260.444300760363,0.01011754203243565,10.396666666666667,36.10069124423963,21
Iowa,2021-05-01,6580.0,79.0,105.0,31,31,5,41.95646209273208,False,warm,E2020,3155070,25.039064109512626,2085.5321751973806,0.012006079027355622,15.519354838709678,36.10069124423963,21
Iowa,2021-06-01,2437.0,56.0,83.0,30,30,6,41.95646209273208,False,warm,E2020,3155070,17.749210001679835,772.4075852516743,0.022979072630283134,23.89333333333333,36.10069124423963,21
Iowa,2021-07-01,4970.0,56.0,45.0,31,31,7,41.95646209273208,False,warm,E2020,3155070,17.749210001679835,1575.2423876490855,0.011267605633802818,24.106451612903225,36.10069124423963,21
Iowa,2021-08-01,25916.0,175.0,85.0,31,31,8,41.95646209273208,False,warm,E2020,3155070,55.466281255249484,8214.080828634547,0.006752585275505479,24.151612903225807,36.10069124423963,21
Iowa,2021-09-01,47310.0,447.0,295.0,30,30,9,41.95646209273208,False,warm,E2021,3155070,141.67672983483726,14994.912949633446,0.009448319594166138,21.066666666666666,36.10069124423963,21
Iowa,2021-10-01,34075.0,420.0,402.0,31,31,10,41.95646209273208,False,transition,E2021,3155070,133.11907501259876,10800.077335843578,0.012325752017608218,14.048387096774194,36.10069124423963,21
Iowa,2021-11-01,39326.0,412.0,389.0,30,30,11,41.95646209273208,False,cold,E2021,3155070,130.58347358378737,12464.382723679664,0.01047652952245334,4.516666666666667,36.10069124423963,21
Iowa,2021-12-01,50043.0,637.0,504.0,31,31,12,41.95646209273208,False,cold,E2021,3155070,201.89726376910812,15861.137787751144,0.01272905301440761,0.9806451612903225,36.10069124423963,21
Iowa,2022-01-01,136787.0,631.0,643.0,31,31,1,41.95646209273208,False,cold,E2021,3155070,199.9955626974996,43354.66408035321,0.004613011470388268,-9.86774193548387,36.10069124423963,21
Iowa,2022-02-01,36561.0,401.0,584.0,28,28,2,41.95646209273208,False,cold,E2021,3155070,127.09702161917168,11588.015479846723,0.01096797133557616,-5.289285714285714,36.10069124423963,21
Iowa,2022-03-01,9614.0,161.0,360.0,31,31,3,41.95646209273208,False,cold,E2021,3155070,51.02897875482953,3047.159017074106,0.01674641148325359,2.858064516129032,36.10069124423963,21
Iowa,2022-04-01,5319.0,61.0,84.0,30,30,4,41.95646209273208,False,transition,E2021,3155070,19.333960894686964,1685.857999980983,0.011468321112991163,7.3533333333333335,36.10069124423963,21
Iowa,2022-05-01,12383.0,43.0,58.0,31,31,5,41.95646209273208,False,warm,E2021,3155070,13.628857679861303,3924.7940616214537,0.0034725026245659373,16.98709677419355,36.10069124423963,21
Iowa,2022-06-01,20446.0,145.0,101.0,30,30,6,41.95646209273208,False,warm,E2021,3155070,45.957775897206716,6480.3633516847485,0.007091851706935342,22.426666666666666,36.10069124423963,21
Iowa,2022-07-01,20548.0,123.0,94.0,31,31,7,41.95646209273208,False,warm,E2021,3155070,38.98487196797535,6512.692269902094,0.005985984037375901,24.06451612903226,36.10069124423963,21
Iowa,2022-08-01,25488.0,169.0,158.0,31,31,8,41.95646209273208,False,warm,E2021,3155070,53.564580183640935,8078.426152193137,0.006630571249215317,23.009677419354837,36.10069124423963,21
Iowa,2022-09-01,13449.0,101.0,137.0,30,30,9,41.95646209273208,False,warm,E2022,3155070,32.01196803874399,4262.6629520105735,0.007509852033608447,19.03666666666667,36.10069124423963,21
Iowa,2022-10-01,6829.0,101.0,100.0,31,31,10,41.95646209273208,False,transition,E2022,3155070,32.01196803874399,2164.4527696691357,0.014789866744764972,11.474193548387097,36.10069124423963,21
Iowa,2022-11-01,10672.0,134.0,117.0,30,30,11,41.95646209273208,False,cold,E2022,3155070,42.471323932591034,3382.4923060344145,0.012556221889055473,3.6933333333333334,36.10069124423963,21
Iowa,2022-12-01,12814.0,151.0,130.0,31,31,12,41.95646209273208,False,cold,E2022,3155070,47.85947696881527,4061.3995885986683,0.011783986265022632,-5.029032258064516,36.10069124423963,21
Iowa,2023-01-01,7715.0,115.0,143.0,31,31,1,41.95646209273208,False,cold,E2022,3155070,36.44927053916395,2445.270627909999,0.014906027219701879,-3.693548387096774,36.10069124423963,21
Kansas,2020-02-01,0.0,2.0,0.0,29,29,2,38.43880632992502,False,cold,E2019,2913314,0.6865034115787039,0.0,,1.975862068965517,31.20241935483871,21
Kansas,2020-03-01,434.0,107.0,9.0,31,31,3,38.43880632992502,False,cold,E2019,2913314,36.72793251946066,148.97124031257874,,9.474193548387097,31.20241935483871,21
Kansas,2020-04-01,3979.0,95.0,125.0,30,30,4,38.43880632992502,False,transition,E2019,2913314,32.60891204998843,1365.7985373358313,0.023875345564212114,11.943333333333333,31.20241935483871,21
Kansas,2020-05-01,5287.0,53.0,81.0,31,31,5,38.43880632992502,False,warm,E2019,2913314,18.19234040683565,1814.7717685083037,0.01002458861358048,16.49032258064516,31.20241935483871,21
Kansas,2020-06-01,4670.0,59.0,58.0,30,30,6,38.43880632992502,False,warm,E2019,2913314,20.251850641571764,1602.9854660362735,0.012633832976445396,26.246666666666666,31.20241935483871,21
Kansas,2020-07-01,12992.0,110.0,85.0,31,31,7,38.43880632992502,False,warm,E2019,2913314,37.75768763682871,4459.52616161526,0.008466748768472906,26.338709677419356,31.20241935483871,21
Kansas,2020-08-01,15217.0,176.0,95.0,31,31,8,38.43880632992502,False,warm,E2019,2913314,60.412300218925935,5223.261206996568,0.011566011697443649,24.774193548387096,31.20241935483871,21
Kansas,2020-09-01,18543.0,352.0,227.0,30,30,9,38.43880632992502,False,warm,E2020,2913314,120.82460043785187,6364.916380451953,0.018982904600118644,19.926666666666666,31.20241935483871,21
Kansas,2020-10-01,25723.0,458.0,351.0,31,31,10,38.43880632992502,False,transition,E2020,2913314,157.20928125152318,8829.463628019499,0.01780507716829297,12.903225806451612,31.20241935483871,21
Kansas,2020-11-01,72514.0,1051.0,532.0,30,30,11,38.43880632992502,False,cold,E2020,2913314,360.75754278460886,24890.554193609067,0.014493752930468598,9.81,31.20241935483871,21
Kansas,2020-12-01,65621.0,1131.0,1192.0,31,31,12,38.43880632992502,False,cold,E2020,2913314,388.217679247757,22524.52018560306,0.01723533624906661,2.7483870967741937,31.20241935483871,21
Kansas,2021-01-01,51742.0,1017.0,1049.0,31,31,1,38.43880632992502,False,cold,E2020,2913314,349.0869847877709,17760.529760952646,0.01965521239998454,1.4258064516129034,31.20241935483871,21
Kansas,2021-02-01,18909.0,225.0,926.0,28,28,2,38.43880632992502,False,cold,E2020,2913314,77.23163380260418,6490.546504770856,0.011899095668729176,-3.825,31.20241935483871,21
Kansas,2021-03-01,7901.0,119.0,178.0,31,31,3,38.43880632992502,False,cold,E2020,2913314,40.84695298893288,2712.0317274416693,0.015061384634856347,9.880645161290323,31.20241935483871,21
Kansas,2021-04-01,6650.0,103.0,75.0,30,30,4,38.43880632992502,False,transition,E2020,2913314,35.35492569630325,2282.62384349919,0.015488721804511277,12.433333333333334,31.20241935483871,21
Kansas,2021-05-01,4732.0,71.0,94.0,31,31,5,38.43880632992502,False,warm,E2020,2913314,24.370871111043986,1624.2670717952133,0.015004226542688081,17.032258064516128,31.20241935483871,21
Kansas,2021-06-01,3792.0,70.0,79.0,30,30,6,38.43880632992502,False,warm,E2020,2913314,24.027619405254633,1301.6104683532226,0.018459915611814346,24.78666666666667,31.20241935483871,21
Kansas,2021-07-01,14747.0,299.0,105.0,31,31,7,38.43880632992502,False,warm,E2020,2913314,102.63226003101623,5061.932905275573,0.020275310232589678,25.41290322580645,31.20241935483871,21
Kansas,2021-08-01,36095.0,421.0,299.0,31,31,8,38.43880632992502,False,warm,E2020,2913314,144.50896813731717,12389.670320466657,0.011663665327607702,26.9,31.20241935483871,21
Kansas,2021-09-01,39959.0,270.0,495.0,30,30,9,38.43880632992502,False,warm,E2021,2913314,92.67796056312501,13715.994911636713,0.00675692584899522,23.436666666666667,31.20241935483871,21
Kansas,2021-10-01,25692.0,447.0,362.0,31,31,10,38.43880632992502,False,transition,E2021,2913314,153.43351248784032,8818.822825140029,0.017398411957029427,15.935483870967742,31.20241935483871,21
Kansas,2021-11-01,30613.0,284.0,272.0,30,30,11,38.43880632992502,False,cold,E2021,2913314,97.48348444417594,10507.96446932943,0.009277104498089047,8.58,31.20241935483871,21
Kansas,2021-12-01,54322.0,400.0,317.0,31,31,12,38.43880632992502,False,cold,E2021,2913314,137.30068231574077,18646.119161889175,0.007363499134788852,6.609677419354839,31.20241935483871,21
Kansas,2022-01-01,210100.0,595.0,527.0,31,31,1,38.43880632992502,False,cold,E2021,2913314,204.2347649446644,72117.18338634283,0.002831984769157544,-0.7387096774193548,31.20241935483871,21
Kansas,2022-02-01,35961.0,235.0,410.0,28,28,2,38.43880632992502,False,cold,E2021,2913314,80.6641508604977,12343.674591890884,0.006534857206418064,0.5071428571428572,31.20241935483871,21
Kansas,2022-03-01,4130.0,374.0,349.0,31,31,3,38.43880632992502,False,cold,E2021,2913314,128.37613796521762,1417.6295449100235,0.09055690072639225,7.629032258064516,31.20241935483871,21
Kansas,2022-04-01,5752.0,279.0,343.0,30,30,4,38.43880632992502,False,transition,E2021,2913314,95.76722591522919,1974.3838117003522,0.048504867872044506,13.133333333333333,31.20241935483871,21
Kansas,2022-05-01,10094.0,132.0,300.0,31,31,5,38.43880632992502,False,warm,E2021,2913314,45.30922516419445,3464.782718237718,0.013077075490390331,18.990322580645163,31.20241935483871,21
Kansas,2022-06-01,20998.0,0.0,0.0,30,30,6,38.43880632992502,False,warm,E2021,2913314,0.0,7207.599318164812,0.0,24.740000000000002,31.20241935483871,21
Kansas,2022-07-01,27902.0,12.0,0.0,31,31,7,38.43880632992502,False,warm,E2021,2913314,4.119020469472223,9577.409094934497,0.00043007669701096695,27.37741935483871,31.20241935483871,21
Kansas,2022-08-01,29334.0,132.0,84.0,31,31,8,38.43880632992502,False,warm,E2021,2913314,45.30922516419445,10068.94553762485,0.004499897729597055,27.02258064516129,31.20241935483871,21
Kansas,2022-09-01,14377.0,522.0,536.0,30,30,9,38.43880632992502,False,warm,E2022,2913314,179.1773904220417,4934.929774133512,0.03630799193155735,23.226666666666667,31.20241935483871,21
Kansas,2022-10-01,8572.0,51.0,52.0,31,31,10,38.43880632992502,False,transition,E2022,2913314,17.50583699525695,2942.3536220263245,0.005949603359776015,15.251612903225807,31.20241935483871,21
Kansas,2022-11-01,14167.0,57.0,72.0,30,30,11,38.43880632992502,False,cold,E2022,2913314,19.56534722999306,4862.846915917748,0.0040234347427119364,6.013333333333334,31.20241935483871,21
Kansas,2022-12-01,15544.0,194.0,38.0,31,31,12,38.43880632992502,False,cold,E2022,2913314,66.59083092313428,5335.504514789686,0.012480699948533196,0.5193548387096775,31.20241935483871,21
Kansas,2023-01-01,9287.0,126.0,227.0,31,31,1,38.43880632992502,False,cold,E2022,2913314,43.24971492945834,3187.7785916657112,0.01356735221277054,1.5548387096774194,31.20241935483871,21
Kentucky,2020-02-01,0.0,3.0,0.0,29,29,2,37.751990303875296,False,cold,E2019,4467673,0.671490505236171,0.0,,4.020689655172413,26.203225806451613,21
Kentucky,2020-03-01,628.0,168.0,11.0,31,31,3,37.751990303875296,False,cold,E2019,4467673,37.60346829322558,140.5653457627718,0.267515923566879,10.696774193548388,26.203225806451613,21
Kentucky,2020-04-01,4080.0,215.0,229.0,30,30,4,37.751990303875296,False,transition,E2019,4467673,48.12348620859226,913.2270871211927,0.05269607843137255,11.323333333333332,26.203225806451613,21
Kentucky,2020-05-01,4996.0,140.0,191.0,31,31,5,37.751990303875296,False,warm,E2019,4467673,31.33622357768798,1118.255521386637,0.02802241793434748,16.30322580645161,26.203225806451613,21
Kentucky,2020-06-01,5920.0,148.0,134.0,30,30,6,37.751990303875296,False,warm,E2019,4467673,33.12686492498444,1325.0745969993775,0.025,22.55,26.203225806451613,21
Kentucky,2020-07-01,14527.0,190.0,170.0,31,31,7,37.751990303875296,False,warm,E2019,4467673,42.52773199829083,3251.5808565219522,0.013079094100640187,25.664516129032258,26.203225806451613,21
Kentucky,2020-08-01,18245.0,248.0,198.0,31,31,8,37.751990303875296,False,warm,E2019,4467673,55.50988176619014,4083.78142267798,0.013592765141134557,23.55806451612903,26.203225806451613,21
Kentucky,2020-09-01,20444.0,251.0,241.0,30,30,9,37.751990303875296,False,warm,E2020,4467673,56.18137227142631,4575.983963016093,0.012277440813930738,20.13,26.203225806451613,21
Kentucky,2020-10-01,38379.0,420.0,311.0,31,31,10,37.751990303875296,False,transition,E2020,4467673,94.00867073306395,8590.378033486337,0.010943484718205268,14.67741935483871,26.203225806451613,21
Kentucky,2020-11-01,71822.0,629.0,423.0,30,30,11,37.751990303875296,False,cold,E2020,4467673,140.78917593118385,16075.93035569076,0.008757762245551502,10.393333333333334,26.203225806451613,21
Kentucky,2020-12-01,86220.0,889.0,715.0,31,31,12,37.751990303875296,False,cold,E2020,4467673,198.98501971831868,19298.637120487554,0.01031083275342148,3.041935483870968,26.203225806451613,21
Kentucky,2021-01-01,97620.0,1146.0,1122.0,31,31,1,37.751990303875296,False,cold,E2020,4467673,256.50937300021735,21850.301040385006,0.01173939766441303,1.7258064516129032,26.203225806451613,21
Kentucky,2021-02-01,41741.0,1291.0,892.0,28,28,2,37.751990303875296,False,cold,E2020,4467673,288.9647474199656,9342.895059687671,0.03092882297980403,0.5285714285714286,26.203225806451613,21
Kentucky,2021-03-01,22254.0,635.0,1453.0,31,31,3,37.751990303875296,False,cold,E2020,4467673,142.1321569416562,4981.116567841917,0.028534196099577604,10.016129032258064,26.203225806451613,21
Kentucky,2021-04-01,17251.0,325.0,411.0,30,30,4,37.751990303875296,False,transition,E2020,4467673,72.74480473391853,3861.2942352763957,0.018839487565938208,12.09,26.203225806451613,21
Kentucky,2021-05-01,14448.0,492.0,305.0,31,31,5,37.751990303875296,False,warm,E2020,4467673,110.12444285873205,3233.8982732174,0.0340531561461794,17.067741935483873,26.203225806451613,21
Kentucky,2021-06-01,6592.0,116.0,414.0,30,30,6,37.751990303875296,False,warm,E2020,4467673,25.964299535798613,1475.48847017228,0.017597087378640776,23.023333333333333,26.203225806451613,21
Kentucky,2021-07-01,18993.0,226.0,120.0,31,31,7,37.751990303875296,False,warm,E2020,4467673,50.58561806112488,4251.206388650199,0.011899120728689518,24.093548387096774,26.203225806451613,21
Kentucky,2021-08-01,92891.0,838.0,424.0,31,31,8,37.751990303875296,False,warm,E2020,4467673,187.56968112930377,20791.80817396439,0.009021326070340507,24.687096774193545,26.203225806451613,21
Kentucky,2021-09-01,114293.0,1160.0,1006.0,30,30,9,37.751990303875296,False,warm,E2021,4467673,259.64299535798614,25582.221438319233,0.010149352978747604,20.69,26.203225806451613,21
Kentucky,2021-10-01,53457.0,1133.0,1018.0,31,31,10,37.751990303875296,False,transition,E2021,4467673,253.5995808108606,11965.289312803332,0.02119460500963391,17.061290322580643,26.203225806451613,21
Kentucky,2021-11-01,41125.0,1219.0,1155.0,30,30,11,37.751990303875296,False,cold,E2021,4467673,272.8489752942975,9205.015675945844,0.02964133738601824,6.413333333333333,26.203225806451613,21
Kentucky,2021-12-01,70219.0,805.0,1175.0,31,31,12,37.751990303875296,False,cold,E2021,4467673,180.1832855717059,15717.130595726232,0.011464133639043564,8.770967741935483,26.203225806451613,21
Kentucky,2022-01-01,304413.0,960.0,842.0,31,31,1,37.751990303875296,False,cold,E2021,4467673,214.87696167557473,68136.81305681952,0.003153610391146239,-0.5387096774193548,26.203225806451613,21
Kentucky,2022-02-01,116794.0,1012.0,896.0,28,28,2,37.751990303875296,False,cold,E2021,4467673,226.5161304330017,26142.020689517787,0.00866482867270579,3.5749999999999997,26.203225806451613,21
Kentucky,2022-03-01,35055.0,682.0,1039.0,31,31,3,37.751990303875296,False,cold,E2021,4467673,152.65217485702289,7846.366553684658,0.01945514191984025,9.096774193548388,26.203225806451613,21
Kentucky,2022-04-01,15704.0,551.0,628.0,30,30,4,37.751990303875296,False,transition,E2021,4467673,123.33042279504342,3515.0289647429436,0.03508660213958227,12.183333333333334,26.203225806451613,21
Kentucky,2022-05-01,26676.0,226.0,422.0,31,31,5,37.751990303875296,False,warm,E2021,4467673,50.58561806112488,5970.893572560033,0.008472034787824262,19.980645161290322,26.203225806451613,21
Kentucky,2022-06-01,48747.0,204.0,219.0,30,30,6,37.751990303875296,False,warm,E2021,4467673,45.66135435605963,10911.049219582543,0.004184872915256323,23.833333333333332,26.203225806451613,21
Kentucky,2022-07-01,61583.0,266.0,224.0,31,31,7,37.751990303875296,False,warm,E2021,4467673,59.53882479760716,13784.133261319706,0.004319373853173766,25.64516129032258,26.203225806451613,21
Kentucky,2022-08-01,74206.0,332.0,324.0,31,31,8,37.751990303875296,False,warm,E2021,4467673,74.31161591280294,16609.541477185103,0.004474031749454222,24.029032258064515,26.203225806451613,21
Kentucky,2022-09-01,42698.0,305.0,292.0,30,30,9,37.751990303875296,False,warm,E2022,4467673,68.26820136567738,9557.10053085801,0.0071431917185816665,20.423333333333336,26.203225806451613,21
Kentucky,2022-10-01,32507.0,234.0,318.0,31,31,10,37.751990303875296,False,transition,E2022,4467673,52.37625940842134,7276.047284570737,0.00719844956470914,13.44516129032258,26.203225806451613,21
Kentucky,2022-11-01,20482.0,166.0,180.0,30,30,11,37.751990303875296,False,cold,E2022,4467673,37.15580795640147,4584.489509415752,0.008104677277609608,8.563333333333333,26.203225806451613,21
Kentucky,2022-12-01,27571.0,168.0,169.0,31,31,12,37.751990303875296,False,cold,E2022,4467673,37.60346829322558,6171.221573288824,0.006093358964128976,3.583870967741935,26.203225806451613,21
Kentucky,2023-01-01,30009.0,262.0,219.0,31,31,1,37.751990303875296,False,cold,E2022,4467673,58.64350412395894,6716.919523877419,0.008730714119097604,5.816129032258065,26.203225806451613,21
Louisiana,2020-02-01,0.0,20.0,0.0,29,29,2,30.71736722204497,False,cold,E2019,4648794,4.3021910628864175,0.0,,13.279310344827588,18.50397849462366,21
Louisiana,2020-03-01,5237.0,1385.0,239.0,31,31,3,30.71736722204497,False,cold,E2019,4648794,297.9267311048844,1126.5287298168084,0.2644643880084018,19.916129032258063,18.50397849462366,21
Louisiana,2020-04-01,22764.0,1224.0,1666.0,30,30,4,30.71736722204497,False,transition,E2019,4648794,263.29409304864873,4896.75386777732,0.05376910911966262,20.07,18.50397849462366,21
Louisiana,2020-05-01,11915.0,476.0,886.0,31,31,5,30.71736722204497,False,warm,E2019,4648794,102.39214729669673,2563.0303257145833,0.03994964330675619,23.174193548387095,18.50397849462366,21
Louisiana,2020-06-01,18179.0,505.0,430.0,30,30,6,30.71736722204497,False,warm,E2019,4648794,108.63032433788204,3910.476566610609,0.02777930579239782,26.336666666666666,18.50397849462366,21
Louisiana,2020-07-01,58185.0,1077.0,728.0,31,31,7,30.71736722204497,False,warm,E2019,4648794,231.67298873643358,12516.14934970231,0.018509925238463523,27.629032258064516,18.50397849462366,21
Louisiana,2020-08-01,32614.0,690.0,1001.0,31,31,8,30.71736722204497,False,warm,E2019,4648794,148.4255916695814,7015.58296624888,0.021156558533145273,27.774193548387096,18.50397849462366,21
Louisiana,2020-09-01,18564.0,407.0,561.0,30,30,9,30.71736722204497,False,warm,E2020,4648794,87.5495881297386,3993.2937445711727,0.021924154277095452,25.43,18.50397849462366,21
Louisiana,2020-10-01,19191.0,449.0,408.0,31,31,10,30.71736722204497,False,transition,E2020,4648794,96.58418936180007,4128.167434392662,0.023396383721536136,21.16774193548387,18.50397849462366,21
Louisiana,2020-11-01,45765.0,874.0,501.0,30,30,11,30.71736722204497,False,cold,E2020,4648794,188.00574944813644,9844.488699649844,0.0190975636403365,17.353333333333335,18.50397849462366,21
Louisiana,2020-12-01,82861.0,1335.0,1068.0,31,31,12,30.71736722204497,False,cold,E2020,4648794,287.1712534476684,17824.192683091573,0.01611131895584171,10.983870967741936,18.50397849462366,21
Louisiana,2021-01-01,85351.0,1024.0,1371.0,31,31,1,30.71736722204497,False,cold,E2020,4648794,220.27218241978457,18359.81547042093,0.011997516139236799,11.061290322580644,18.50397849462366,21
Louisiana,2021-02-01,29474.0,522.0,749.0,28,28,2,30.71736722204497,False,cold,E2020,4648794,112.28718674133549,6340.138969375714,0.01771052453009432,9.489285714285714,18.50397849462366,21
Louisiana,2021-03-01,14833.0,328.0,533.0,31,31,3,30.71736722204497,False,cold,E2020,4648794,70.55593343133725,3190.7200017897117,0.02211285646868469,16.903225806451612,18.50397849462366,21
Louisiana,2021-04-01,13648.0,206.0,241.0,30,30,4,30.71736722204497,False,transition,E2020,4648794,44.3125679477301,2935.815181313691,0.015093786635404454,18.453333333333333,18.50397849462366,21
Louisiana,2021-05-01,12104.0,171.0,194.0,31,31,5,30.71736722204497,False,warm,E2020,4648794,36.78373358767887,2603.6860312588597,0.014127561136814275,22.593548387096774,18.50397849462366,21
Louisiana,2021-06-01,10782.0,181.0,162.0,30,30,6,30.71736722204497,False,warm,E2020,4648794,38.93482911912208,2319.3112020020676,0.016787237989241328,25.863333333333333,18.50397849462366,21
Louisiana,2021-07-01,60212.0,1044.0,261.0,31,31,7,30.71736722204497,False,warm,E2020,4648794,224.57437348267098,12952.176413925848,0.01733873646449213,26.76451612903226,18.50397849462366,21
Louisiana,2021-08-01,138117.0,1640.0,1360.0,31,31,8,30.71736722204497,False,warm,E2020,4648794,352.77966715668623,29710.286151634165,0.011873990891780158,27.493548387096773,18.50397849462366,21
Louisiana,2021-09-01,60737.0,888.0,1590.0,30,30,9,30.71736722204497,False,warm,E2021,4648794,191.01728319215692,13065.108929326616,0.014620412598580766,24.39,18.50397849462366,21
Louisiana,2021-10-01,17938.0,303.0,598.0,31,31,10,30.71736722204497,False,transition,E2021,4648794,65.17819460272922,3858.635164302828,0.01689151521908797,22.206451612903226,18.50397849462366,21
Louisiana,2021-11-01,12423.0,188.0,254.0,30,30,11,30.71736722204497,False,cold,E2021,4648794,40.44059599113233,2672.305978711898,0.015133220639137085,14.45,18.50397849462366,21
Louisiana,2021-12-01,57801.0,387.0,185.0,31,31,12,30.71736722204497,False,cold,E2021,4648794,83.24739706685217,12433.54728129489,0.00669538589297763,17.161290322580644,18.50397849462366,21
Louisiana,2022-01-01,341517.0,1141.0,688.0,31,31,1,30.71736722204497,False,cold,E2021,4648794,245.44000013767013,73463.56926118903,0.0033409757054553655,9.319354838709677,18.50397849462366,21
Louisiana,2022-02-01,55425.0,551.0,932.0,28,28,2,30.71736722204497,False,cold,E2021,4648794,118.5253637825208,11922.446983023985,0.009941362201172756,11.814285714285715,18.50397849462366,21
Louisiana,2022-03-01,6785.0,204.0,521.0,31,31,3,30.71736722204497,False,cold,E2021,4648794,43.882348841441456,1459.518318084217,0.030066322770817982,15.53225806451613,18.50397849462366,21
Louisiana,2022-04-01,5589.0,93.0,121.0,30,30,4,30.71736722204497,False,transition,E2021,4648794,20.00518844242184,1202.2472925236093,0.016639828234031134,20.033333333333335,18.50397849462366,21
Louisiana,2022-05-01,21719.0,67.0,78.0,31,31,5,30.71736722204497,False,warm,E2021,4648794,14.412340060669498,4671.9643847415055,0.0030848565771904785,25.31935483870968,18.50397849462366,21
Louisiana,2022-06-01,48862.0,124.0,86.0,30,30,6,30.71736722204497,False,warm,E2021,4648794,26.67358458989579,10510.682985737807,0.002537759404035856,27.823333333333334,18.50397849462366,21
Louisiana,2022-07-01,69074.0,273.0,159.0,31,31,7,30.71736722204497,False,warm,E2021,4648794,58.724908008399595,14858.47727389082,0.0039522830587485885,27.683870967741935,18.50397849462366,21
Louisiana,2022-08-01,53345.0,216.0,300.0,31,31,8,30.71736722204497,False,warm,E2021,4648794,46.463663479173306,11475.019112483797,0.0040491142562564435,26.258064516129032,18.50397849462366,21
Louisiana,2022-09-01,24279.0,145.0,195.0,30,30,9,30.71736722204497,False,warm,E2022,4648794,31.190885205926527,5222.644840790967,0.005972239383829647,25.313333333333333,18.50397849462366,21
Louisiana,2022-10-01,6143.0,96.0,102.0,31,31,10,30.71736722204497,False,transition,E2022,4648794,20.650517101854803,1321.4179849655632,0.015627543545498942,20.125806451612902,18.50397849462366,21
Louisiana,2022-11-01,11659.0,111.0,106.0,30,30,11,30.71736722204497,False,cold,E2022,4648794,23.877160399019616,2507.962280109637,0.009520542070503474,15.393333333333334,18.50397849462366,21
Louisiana,2022-12-01,41021.0,134.0,96.0,31,31,12,30.71736722204497,False,cold,E2022,4648794,28.824680121338996,8824.008979533186,0.003266619536335048,12.929032258064517,18.50397849462366,21
Louisiana,2023-01-01,24163.0,187.0,155.0,31,31,1,30.71736722204497,False,cold,E2022,4648794,40.225486437988,5197.692132626225,0.007739105243554195,14.058064516129033,18.50397849462366,21
Maine,2020-02-01,0.0,0.0,0.0,29,29,2,44.43607672355733,False,cold,E2019,1344212,0.0,0.0,,-4.279310344827586,31.73548387096774,21
Maine,2020-03-01,303.0,36.0,5.0,31,31,3,44.43607672355733,False,cold,E2019,1344212,26.781489824521728,225.41087268972453,,0.7258064516129032,31.73548387096774,21
Maine,2020-04-01,792.0,37.0,48.0,30,30,4,44.43607672355733,False,transition,E2019,1344212,27.52542009742511,589.192776139478,0.04671717171717172,4.52,31.73548387096774,21
Maine,2020-05-01,1230.0,29.0,36.0,31,31,5,44.43607672355733,False,warm,E2019,1344212,21.573977914198057,915.034235671159,0.023577235772357725,11.751612903225807,31.73548387096774,21
Maine,2020-06-01,928.0,16.0,16.0,30,30,6,44.43607672355733,False,warm,E2019,1344212,11.902884366454101,690.3672932543378,0.017241379310344827,18.84333333333333,31.73548387096774,21
Maine,2020-07-01,659.0,11.0,18.0,31,31,7,44.43607672355733,False,warm,E2019,1344212,8.183233001937195,490.25004984332827,0.01669195751138088,21.961290322580645,31.73548387096774,21
Maine,2020-08-01,617.0,11.0,9.0,31,31,8,44.43607672355733,False,warm,E2019,1344212,8.183233001937195,459.00497838138625,0.017828200972447326,21.016129032258064,31.73548387096774,21
Maine,2020-09-01,860.0,6.0,9.0,30,30,9,44.43607672355733,False,warm,E2020,1344212,4.463581637420288,639.7800346969079,0.0069767441860465115,16.35,31.73548387096774,21
Maine,2020-10-01,1273.0,28.0,6.0,31,31,10,44.43607672355733,False,transition,E2020,1344212,20.830047641294676,947.0232374060045,0.02199528672427337,9.248387096774193,31.73548387096774,21
Maine,2020-11-01,5095.0,119.0,47.0,30,30,11,44.43607672355733,False,cold,E2020,1344212,88.52770247550238,3790.324740442728,0.02335623159960746,4.543333333333334,31.73548387096774,21
Maine,2020-12-01,12444.0,243.0,153.0,31,31,12,44.43607672355733,False,cold,E2020,1344212,180.77505631552165,9257.468316009677,0.0195274831243973,-1.106451612903226,31.73548387096774,21
Maine,2021-01-01,15123.0,122.0,243.0,31,31,1,44.43607672355733,False,cold,E2020,1344212,90.75949329421252,11250.457517117835,0.008067182437347086,-3.990322580645161,31.73548387096774,21
Maine,2021-02-01,5311.0,71.0,113.0,28,28,2,44.43607672355733,False,cold,E2020,1344212,52.81904937614007,3951.013679389858,0.013368480512144605,-5.489285714285714,31.73548387096774,21
Maine,2021-03-01,5869.0,39.0,40.0,31,31,3,44.43607672355733,False,cold,E2020,1344212,29.01328064323187,4366.126771669945,0.006645084341455103,-0.16451612903225796,31.73548387096774,21
Maine,2021-04-01,10709.0,50.0,41.0,30,30,4,44.43607672355733,False,transition,E2020,1344212,37.19651364516906,7966.7492925223105,0.004668970025212438,7.256666666666666,31.73548387096774,21
Maine,2021-05-01,6574.0,36.0,41.0,31,31,5,44.43607672355733,False,warm,E2020,1344212,26.781489824521728,4890.597614066829,0.005476118040766657,13.196774193548388,31.73548387096774,21
Maine,2021-06-01,1247.0,33.0,33.0,30,30,6,44.43607672355733,False,warm,E2020,1344212,24.549699005811583,927.6810503105165,0.026463512429831595,20.92,31.73548387096774,21
Maine,2021-07-01,1429.0,37.0,42.0,31,31,7,44.43607672355733,False,warm,E2020,1344212,27.52542009742511,1063.0763599789318,0.02589223233030091,19.051612903225806,31.73548387096774,21
Maine,2021-08-01,5393.0,78.0,32.0,31,31,8,44.43607672355733,False,warm,E2020,1344212,58.02656128646374,4012.0159617679356,0.014463193027999258,21.26774193548387,31.73548387096774,21
Maine,2021-09-01,14133.0,111.0,90.0,30,30,9,44.43607672355733,False,warm,E2021,1344212,82.57626029227532,10513.966546943488,0.007853958819783485,17.023333333333333,31.73548387096774,21
Maine,2021-10-01,14270.0,159.0,145.0,31,31,10,44.43607672355733,False,transition,E2021,1344212,118.28491339163763,10615.88499433125,0.011142256482130344,11.570967741935483,31.73548387096774,21
Maine,2021-11-01,15403.0,191.0,157.0,30,30,11,44.43607672355733,False,cold,E2021,1344212,142.09068212454582,11458.757993530782,0.01240018178276959,3.56,31.73548387096774,21
Maine,2021-12-01,27074.0,230.0,207.0,31,31,12,44.43607672355733,False,cold,E2021,1344212,171.1039627677777,20141.168208586147,0.00849523528108148,-2.193548387096774,31.73548387096774,21
Maine,2022-01-01,27489.0,267.0,207.0,31,31,1,44.43607672355733,False,cold,E2021,1344212,198.6293828652028,20449.899271841048,0.009712976099530722,-9.051612903225807,31.73548387096774,21
Maine,2022-02-01,51925.0,224.0,326.0,28,28,2,44.43607672355733,False,cold,E2021,1344212,166.6403811303574,38628.579420508075,0.00431391429947039,-4.903571428571429,31.73548387096774,21
Maine,2022-03-01,9640.0,94.0,138.0,31,31,3,44.43607672355733,False,cold,E2021,1344212,69.92944565291785,7171.487830788596,0.00975103734439834,0.3645161290322581,31.73548387096774,21
Maine,2022-04-01,9290.0,65.0,84.0,30,30,4,44.43607672355733,False,transition,E2021,1344212,48.35546773871979,6911.112235272412,0.006996770721205597,6.413333333333333,31.73548387096774,21
Maine,2022-05-01,17822.0,65.0,60.0,31,31,5,44.43607672355733,False,warm,E2021,1344212,48.35546773871979,13258.325323684061,0.0036471776456065536,13.832258064516129,31.73548387096774,21
Maine,2022-06-01,7024.0,56.0,69.0,30,30,6,44.43607672355733,False,warm,E2021,1344212,41.66009528258935,5225.36623687335,0.007972665148063782,17.413333333333334,31.73548387096774,21
Maine,2022-07-01,6071.0,35.0,52.0,31,31,7,44.43607672355733,False,warm,E2021,1344212,26.037559551618347,4516.400686796428,0.0057651128314939876,22.683870967741935,31.73548387096774,21
Maine,2022-08-01,6811.0,70.0,45.0,31,31,8,44.43607672355733,False,warm,E2021,1344212,52.075119103236695,5066.90908874493,0.010277492291880781,21.812903225806455,31.73548387096774,21
Maine,2022-09-01,6918.0,65.0,68.0,30,30,9,44.43607672355733,False,warm,E2022,1344212,48.35546773871979,5146.509627945592,0.009395779126915294,15.716666666666667,31.73548387096774,21
Maine,2022-10-01,7521.0,84.0,70.0,31,31,10,44.43607672355733,False,transition,E2022,1344212,62.49014292388403,5595.099582506331,0.011168727562824093,10.970967741935485,31.73548387096774,21
Maine,2022-11-01,4313.0,61.0,72.0,30,30,11,44.43607672355733,False,cold,E2022,1344212,45.37974664710626,3208.5712670322837,0.014143287734755391,5.13,31.73548387096774,21
Maine,2022-12-01,5087.0,75.0,68.0,31,31,12,44.43607672355733,False,cold,E2022,1344212,55.7947704677536,3784.3732982595006,0.014743463731079222,-0.8709677419354839,31.73548387096774,21
Maine,2023-01-01,5155.0,63.0,71.0,31,31,1,44.43607672355733,False,cold,E2022,1344212,46.86760719291302,3834.960556816931,0.012221144519883608,-1.7903225806451613,31.73548387096774,21
Maryland,2020-02-01,0.0,2.0,0.0,29,29,2,39.13330786841944,False,cold,E2019,6045680,0.3308147305183205,0.0,,4.620689655172414,27.39032258064516,21
Maryland,2020-03-01,1660.0,650.0,18.0,31,31,3,39.13330786841944,False,cold,E2019,6045680,107.51478741845416,274.57622633020605,0.39156626506024095,9.129032258064516,27.39032258064516,21
Maryland,2020-04-01,20082.0,1507.0,1062.0,30,30,4,39.13330786841944,False,transition,E2019,6045680,249.26889944555452,3321.7107091344565,0.07504232646150782,10.433333333333334,27.39032258064516,21
Maryland,2020-05-01,31036.0,907.0,1452.0,31,31,5,39.13330786841944,False,warm,E2019,6045680,150.02448029005836,5133.582988183298,0.029224126820466555,15.329032258064515,27.39032258064516,21
Maryland,2020-06-01,14781.0,336.0,658.0,30,30,6,39.13330786841944,False,warm,E2019,6045680,55.57687472707785,2444.8862658956477,0.0227318855287193,22.779999999999998,27.39032258064516,21
Maryland,2020-07-01,20787.0,272.0,303.0,31,31,7,39.13330786841944,False,warm,E2019,6045680,44.99080335049159,3438.322901642164,0.013085101265213835,26.77741935483871,27.39032258064516,21
Maryland,2020-08-01,19903.0,209.0,262.0,31,31,8,39.13330786841944,False,warm,E2019,6045680,34.57013933916449,3292.1027907530665,0.010500929508114355,23.85483870967742,27.39032258064516,21
Maryland,2020-09-01,16476.0,175.0,194.0,30,30,9,39.13330786841944,False,warm,E2020,6045680,28.946288920353044,2725.2517500099243,0.010621510075260986,19.363333333333333,27.39032258064516,21
Maryland,2020-10-01,20556.0,357.0,198.0,31,31,10,39.13330786841944,False,transition,E2020,6045680,59.05042939752021,3400.1138002672983,0.0173671920607122,14.609677419354838,27.39032258064516,21
Maryland,2020-11-01,53089.0,1056.0,494.0,30,30,11,39.13330786841944,False,cold,E2020,6045680,174.67017771367324,8781.31161424356,0.01989112622200456,10.406666666666666,27.39032258064516,21
Maryland,2020-12-01,78292.0,1264.0,1254.0,31,31,12,39.13330786841944,False,cold,E2020,6045680,209.07490968757858,12950.073440870176,0.016144689112553005,3.2,27.39032258064516,21
Maryland,2021-01-01,77811.0,980.0,1232.0,31,31,1,39.13330786841944,False,cold,E2020,6045680,162.09921795397705,12870.512498180518,0.012594620297901324,1.4903225806451614,27.39032258064516,21
Maryland,2021-02-01,27626.0,455.0,742.0,28,28,2,39.13330786841944,False,cold,E2020,6045680,75.26035119291792,4569.543872649561,0.016469992036487368,0.9821428571428571,27.39032258064516,21
Maryland,2021-03-01,29245.0,435.0,417.0,31,31,3,39.13330786841944,False,cold,E2020,6045680,71.95220388773471,4837.338397004141,0.014874337493588647,8.061290322580644,27.39032258064516,21
Maryland,2021-04-01,36057.0,368.0,458.0,30,30,4,39.13330786841944,False,transition,E2020,6045680,60.869910415370974,5964.093369149541,0.010206062623069029,12.379999999999999,27.39032258064516,21
Maryland,2021-05-01,12493.0,734.0,870.0,31,31,5,39.13330786841944,False,warm,E2020,6045680,121.40900610022364,2066.434214182689,0.058752901624909946,17.08709677419355,27.39032258064516,21
Maryland,2021-06-01,2385.0,85.0,127.0,30,30,6,39.13330786841944,False,warm,E2020,6045680,14.059626047028623,394.4965661430972,0.03563941299790356,22.779999999999998,27.39032258064516,21
Maryland,2021-07-01,6269.0,146.0,84.0,31,31,7,39.13330786841944,False,warm,E2020,6045680,24.149475327837397,1036.9387728096756,0.023289200829478385,25.296774193548387,27.39032258064516,21
Maryland,2021-08-01,28454.0,371.0,189.0,31,31,8,39.13330786841944,False,warm,E2020,6045680,61.36613251114846,4706.501171084146,0.013038588599142475,24.64516129032258,27.39032258064516,21
Maryland,2021-09-01,35338.0,462.0,428.0,30,30,9,39.13330786841944,False,warm,E2021,6045680,76.41820274973205,5845.165473528205,0.0130737449770785,20.82,27.39032258064516,21
Maryland,2021-10-01,28930.0,350.0,453.0,31,31,10,39.13330786841944,False,transition,E2021,6045680,57.89257784070609,4785.235076947506,0.012098167991704113,17.070967741935487,27.39032258064516,21
Maryland,2021-11-01,24873.0,134.0,311.0,30,30,11,39.13330786841944,False,cold,E2021,6045680,22.164586944727475,4114.177396091093,0.005387367828569131,7.163333333333333,27.39032258064516,21
Maryland,2021-12-01,134671.0,1767.0,552.0,31,31,12,39.13330786841944,False,cold,E2021,6045680,292.27481441293617,22275.575286816373,0.01312086492266338,6.738709677419355,27.39032258064516,21
Maryland,2022-01-01,256556.0,989.0,1726.0,31,31,1,39.13330786841944,False,cold,E2021,6045680,163.5878842413095,42436.25200142912,0.0038549088697984067,-0.6129032258064516,27.39032258064516,21
Maryland,2022-02-01,24909.0,292.0,638.0,28,28,2,39.13330786841944,False,cold,E2021,6045680,48.298950655674794,4120.132061240423,0.011722670520695332,3.625,27.39032258064516,21
Maryland,2022-03-01,9640.0,115.0,223.0,31,31,3,39.13330786841944,False,cold,E2021,6045680,19.02184700480343,1594.527001098305,0.011929460580912862,8.006451612903225,27.39032258064516,21
Maryland,2022-04-01,19614.0,133.0,111.0,30,30,4,39.13330786841944,False,transition,E2021,6045680,21.999179579468315,3244.300062193169,0.006780870806566738,11.28,27.39032258064516,21
Maryland,2022-05-01,54095.0,178.0,141.0,31,31,5,39.13330786841944,False,warm,E2021,6045680,29.442511016130528,8947.711423694274,0.003290507440613735,17.845161290322583,27.39032258064516,21
Maryland,2022-06-01,48893.0,175.0,192.0,30,30,6,39.13330786841944,False,warm,E2021,6045680,28.946288920353044,8087.262309616122,0.003579244472623893,22.706666666666667,27.39032258064516,21
Maryland,2022-07-01,44884.0,203.0,184.0,31,31,7,39.13330786841944,False,warm,E2021,6045680,33.57769514760953,7424.144182292149,0.004522769806612602,24.9741935483871,27.39032258064516,21
Maryland,2022-08-01,43706.0,233.0,215.0,31,31,8,39.13330786841944,False,warm,E2021,6045680,38.53991610538434,7229.294306016858,0.0053310758248295426,24.396774193548385,27.39032258064516,21
Maryland,2022-09-01,26921.0,166.0,211.0,30,30,9,39.13330786841944,False,warm,E2022,6045680,27.457622633020602,4452.931680141854,0.006166189963225734,20.303333333333335,27.39032258064516,21
Maryland,2022-10-01,18527.0,161.0,159.0,31,31,10,39.13330786841944,False,transition,E2022,6045680,26.630585806724802,3064.502256156462,0.00869001997085335,12.503225806451614,27.39032258064516,21
Maryland,2022-11-01,19749.0,221.0,176.0,30,30,11,39.13330786841944,False,cold,E2022,6045680,36.55502772227442,3266.630056503156,0.01119044002227961,9.33,27.39032258064516,21
Maryland,2022-12-01,29926.0,285.0,233.0,31,31,12,39.13330786841944,False,cold,E2022,6045680,47.14109909886067,4949.98081274563,0.009523491278486935,2.364516129032258,27.39032258064516,21
Maryland,2023-01-01,27962.0,238.0,296.0,31,31,1,39.13330786841944,False,cold,E2022,6045680,39.36695293168014,4625.120747376639,0.008511551391173737,5.509677419354839,27.39032258064516,21
Massachusetts,2020-02-01,1.0,1.0,0.0,29,29,2,38.45458355915479,False,cold,E2019,6892503,0.14508517442792554,0.14508517442792554,,13.137931034482758,13.722580645161289,21
Massachusetts,2020-03-01,9922.0,1960.0,89.0,31,31,3,38.45458355915479,False,cold,E2019,6892503,284.36694187873405,1439.5351006738772,0.19754081838339044,13.041935483870969,13.722580645161289,21
Massachusetts,2020-04-01,56943.0,4187.0,3473.0,30,30,4,38.45458355915479,False,transition,E2019,6892503,607.4716253297242,8261.585087449363,0.0735296700208981,12.756666666666666,13.722580645161289,21
Massachusetts,2020-05-01,30393.0,1710.0,3284.0,31,31,5,38.45458355915479,False,warm,E2019,6892503,248.09564827175265,4409.573706387941,0.05626295528575659,17.616129032258065,13.722580645161289,21
Massachusetts,2020-06-01,7180.0,422.0,1208.0,30,30,6,38.45458355915479,False,warm,E2019,6892503,61.22594360858457,1041.7115523925054,0.05877437325905292,23.113333333333333,13.722580645161289,21
Massachusetts,2020-07-01,7396.0,9.0,226.0,31,31,7,38.45458355915479,False,warm,E2019,6892503,1.3057665698513297,1073.0499500689373,0.0012168739859383451,25.419354838709676,13.722580645161289,21
Massachusetts,2020-08-01,9182.0,125.0,53.0,31,31,8,38.45458355915479,False,warm,E2019,6892503,18.13564680349069,1332.1720715972122,0.013613591810063167,25.916129032258063,13.722580645161289,21
Massachusetts,2020-09-01,11098.0,154.0,115.0,30,30,9,38.45458355915479,False,warm,E2020,6892503,22.343116861900533,1610.1552658011176,0.013876374121463328,24.846666666666668,13.722580645161289,21
Massachusetts,2020-10-01,26460.0,397.0,223.0,31,31,10,38.45458355915479,False,transition,E2020,6892503,57.59881424788644,3838.9537153629094,0.015003779289493575,22.283870967741933,13.722580645161289,21
Massachusetts,2020-11-01,67556.0,987.0,479.0,30,30,11,38.45458355915479,False,cold,E2020,6892503,143.1990671603625,9801.374043652937,0.014610101249333885,18.65666666666667,13.722580645161289,21
Massachusetts,2020-12-01,149046.0,1819.0,1372.0,31,31,12,38.45458355915479,False,cold,E2020,6892503,263.9099322843965,21624.364907784588,0.012204285925150625,16.025806451612905,13.722580645161289,21
Massachusetts,2021-01-01,148847.0,1400.0,1756.0,31,31,1,38.45458355915479,False,cold,E2020,6892503,203.11924419909573,21595.49295807343,0.00940563128581698,12.67741935483871,13.722580645161289,21
Massachusetts,2021-02-01,57123.0,522.0,1074.0,28,28,2,38.45458355915479,False,cold,E2020,6892503,75.73446105137712,8287.70041884639,0.009138175515991807,13.307142857142859,13.722580645161289,21
Massachusetts,2021-03-01,54432.0,359.0,461.0,31,31,3,38.45458355915479,False,cold,E2020,6892503,52.08557761962526,7897.276214460842,0.00659538506760729,13.080645161290322,13.722580645161289,21
Massachusetts,2021-04-01,53393.0,287.0,339.0,30,30,4,38.45458355915479,False,transition,E2020,6892503,41.63944506081463,7746.532718230228,0.005375236454216845,14.356666666666666,13.722580645161289,21
Massachusetts,2021-05-01,17972.0,151.0,245.0,31,31,5,38.45458355915479,False,warm,E2020,6892503,21.907861338616755,2607.4707548186775,0.008401958602270198,17.812903225806455,13.722580645161289,21
Massachusetts,2021-06-01,3021.0,77.0,108.0,30,30,6,38.45458355915479,False,warm,E2020,6892503,11.171558430950267,438.30231194676304,0.025488248924197286,23.02,13.722580645161289,21
Massachusetts,2021-07-01,9814.0,136.0,105.0,31,31,7,38.45458355915479,False,warm,E2020,6892503,19.731583722197872,1423.8659018356611,0.013857754228652945,25.20967741935484,13.722580645161289,21
Massachusetts,2021-08-01,40089.0,296.0,169.0,31,31,8,38.45458355915479,False,warm,E2020,6892503,42.94521163066596,5816.319557641106,0.007383571553293921,26.351612903225806,13.722580645161289,21
Massachusetts,2021-09-01,52082.0,404.0,362.0,30,30,9,38.45458355915479,False,warm,E2021,6892503,58.614410468881914,7556.3260545552175,0.007756998579163627,25.0,13.722580645161289,21
Massachusetts,2021-10-01,39971.0,346.0,355.0,31,31,10,38.45458355915479,False,transition,E2021,6892503,50.199470352062235,5799.199507058612,0.008656275799954967,21.91290322580645,13.722580645161289,21
Massachusetts,2021-11-01,67175.0,622.0,385.0,30,30,11,38.45458355915479,False,cold,E2021,6892503,90.24297849416968,9746.096592195898,0.00925939709713435,17.66,13.722580645161289,21
Massachusetts,2021-12-01,221517.0,1448.0,825.0,31,31,12,38.45458355915479,False,cold,E2021,6892503,210.08333257163616,32138.83258375078,0.006536744358220814,16.129032258064516,13.722580645161289,21
Massachusetts,2022-01-01,470980.0,1554.0,1690.0,31,31,1,38.45458355915479,False,cold,E2021,6892503,225.46236106099627,68332.21545206437,0.0032995031636162894,13.483870967741936,13.722580645161289,21
Massachusetts,2022-02-01,59698.0,668.0,1248.0,28,28,2,38.45458355915479,False,cold,E2021,6892503,96.91689651785425,8661.294742998298,0.011189654594793796,14.025,13.722580645161289,21
Massachusetts,2022-03-01,27469.0,178.0,461.0,31,31,3,38.45458355915479,False,cold,E2021,6892503,25.825161048170745,3985.3446563606863,0.006480032036113437,13.87741935483871,13.722580645161289,21
Massachusetts,2022-04-01,58342.0,259.0,158.0,30,30,4,38.45458355915479,False,transition,E2021,6892503,37.57706017683271,8464.559246474031,0.004439340440848788,15.953333333333335,13.722580645161289,21
Massachusetts,2022-05-01,113733.0,357.0,331.0,31,31,5,38.45458355915479,False,warm,E2021,6892503,51.79540727076942,16500.972143211253,0.003138930653372372,20.251612903225805,13.722580645161289,21
Massachusetts,2022-06-01,53866.0,292.0,350.0,30,30,6,38.45458355915479,False,warm,E2021,6892503,42.364870932954254,7815.158005734636,0.005420859169049122,21.996666666666666,13.722580645161289,21
Massachusetts,2022-07-01,42217.0,215.0,232.0,31,31,7,38.45458355915479,False,warm,E2021,6892503,31.193312502003987,6125.060808823732,0.0050927351540848475,25.241935483870968,13.722580645161289,21
Massachusetts,2022-08-01,38331.0,246.0,214.0,31,31,8,38.45458355915479,False,warm,E2021,6892503,35.69095290926968,5561.259820996814,0.006417781951944901,26.4,13.722580645161289,21
Massachusetts,2022-09-01,45692.0,335.0,316.0,30,30,9,38.45458355915479,False,warm,E2022,6892503,48.603533433355054,6629.231789960773,0.007331699203361639,23.966666666666665,13.722580645161289,21
Massachusetts,2022-10-01,35696.0,380.0,317.0,31,31,10,38.45458355915479,False,transition,E2022,6892503,55.1323662826117,5178.96038637923,0.010645450470640968,22.76774193548387,13.722580645161289,21
Massachusetts,2022-11-01,23081.0,380.0,374.0,30,30,11,38.45458355915479,False,cold,E2022,6892503,55.1323662826117,3348.710910970949,0.01646375806940774,18.706666666666667,13.722580645161289,21
Massachusetts,2022-12-01,45167.0,722.0,543.0,31,31,12,38.45458355915479,False,cold,E2022,6892503,104.75149593696223,6553.062073386112,0.01598512188101933,15.296774193548387,13.722580645161289,21
Massachusetts,2023-01-01,38696.0,624.0,654.0,31,31,1,38.45458355915479,False,cold,E2022,6892503,90.53314884302553,5614.215909663007,0.01612569774653711,14.412903225806453,13.722580645161289,21
Michigan,2020-02-01,0.0,6.0,0.0,29,29,2,42.12277369271249,False,cold,E2019,9986857,0.6007896177946676,0.0,,-1.3413793103448275,30.293548387096777,21
Michigan,2020-03-01,7951.0,2740.0,292.0,31,31,3,42.12277369271249,False,cold,E2019,9986857,274.3605921262315,796.1463751809002,0.34461074078732234,4.361290322580645,30.293548387096777,21
Michigan,2020-04-01,35527.0,2620.0,3699.0,30,30,4,42.12277369271249,False,transition,E2019,9986857,262.34479977033817,3557.3754585651923,0.07374672784079714,6.67,30.293548387096777,21
Michigan,2020-05-01,19233.0,724.0,1740.0,31,31,5,42.12277369271249,False,warm,E2019,9986857,72.49528054722322,1925.8311198408069,0.03764363333853273,13.154838709677419,30.293548387096777,21
Michigan,2020-06-01,8017.0,292.0,462.0,30,30,6,42.12277369271249,False,warm,E2019,9986857,29.238428066007152,802.7550609766416,0.03642260197081203,21.316666666666666,30.293548387096777,21
Michigan,2020-07-01,19846.0,252.0,257.0,31,31,7,42.12277369271249,False,warm,E2019,9986857,25.233163947376035,1987.2117924588285,0.012697772850952332,24.76451612903226,30.293548387096777,21
Michigan,2020-08-01,22451.0,347.0,303.0,31,31,8,42.12277369271249,False,warm,E2019,9986857,34.745666229124936,2248.0546181846803,0.015455881697919914,22.574193548387097,30.293548387096777,21
Michigan,2020-09-01,24989.0,437.0,330.0,30,30,9,42.12277369271249,False,warm,E2020,9986857,43.75751049604495,2502.1886265118246,0.01748769458561767,18.12,30.293548387096777,21
Michigan,2020-10-01,59392.0,1457.0,616.0,31,31,10,42.12277369271249,False,transition,E2020,9986857,145.89174552113843,5947.016163343483,0.02453192349137931,11.016129032258064,30.293548387096777,21
Michigan,2020-11-01,191536.0,3278.0,1865.0,30,30,11,42.12277369271249,False,cold,E2020,9986857,328.23139452182005,19178.80670565324,0.01711427616740456,7.483333333333333,30.293548387096777,21
Michigan,2020-12-01,139679.0,2780.0,3454.0,31,31,12,42.12277369271249,False,cold,E2020,9986857,278.36585624486264,13986.282170656894,0.019902777081737412,0.4096774193548387,30.293548387096777,21
Michigan,2021-01-01,81517.0,1409.0,2507.0,31,31,1,42.12277369271249,False,cold,E2020,9986857,141.0854285787811,8162.427878961319,0.017284738152777947,-1.4,30.293548387096777,21
Michigan,2021-02-01,35412.0,564.0,983.0,28,28,2,42.12277369271249,False,cold,E2020,9986857,56.474224072698746,3545.860324224128,0.01592680447305998,-5.4750000000000005,30.293548387096777,21
Michigan,2021-03-01,100801.0,1224.0,611.0,31,31,3,42.12277369271249,False,cold,E2020,9986857,122.56108203011217,10093.36571055338,0.012142736679199611,5.132258064516129,30.293548387096777,21
Michigan,2021-04-01,190116.0,1921.0,1634.0,30,30,4,42.12277369271249,False,transition,E2020,9986857,192.3528092972594,19036.619829441835,0.010104357339729428,9.229999999999999,30.293548387096777,21
Michigan,2021-05-01,55474.0,847.0,1623.0,31,31,5,42.12277369271249,False,warm,E2020,9986857,84.8114677120139,5554.700542923564,0.015268414031798681,14.83548387096774,30.293548387096777,21
Michigan,2021-06-01,8078.0,226.0,623.0,30,30,6,42.12277369271249,False,warm,E2020,9986857,22.62974227026581,808.863088757554,0.027977222084674423,22.496666666666666,30.293548387096777,21
Michigan,2021-07-01,11087.0,269.0,189.0,31,31,7,42.12277369271249,False,warm,E2020,9986857,26.93540119779426,1110.1590820815798,0.024262649950392352,22.43548387096774,30.293548387096777,21
Michigan,2021-08-01,49237.0,641.0,359.0,31,31,8,42.12277369271249,False,warm,E2020,9986857,64.18435750106364,4930.179735226007,0.013018664825233056,24.06451612903226,30.293548387096777,21
Michigan,2021-09-01,89721.0,1139.0,808.0,30,30,9,42.12277369271249,False,warm,E2021,9986857,114.04989577802105,8983.907549692562,0.012694909775860724,19.490000000000002,30.293548387096777,21
Michigan,2021-10-01,125039.0,1668.0,1307.0,31,31,10,42.12277369271249,False,transition,E2021,9986857,167.01951374691757,12520.355503237906,0.013339837970553187,15.04516129032258,30.293548387096777,21
Michigan,2021-11-01,199950.0,3060.0,1737.0,30,30,11,42.12277369271249,False,cold,E2021,9986857,306.40270507528044,20021.314013007297,0.015303825956489122,4.26,30.293548387096777,21
Michigan,2021-12-01,235272.0,3598.0,3621.0,31,31,12,42.12277369271249,False,cold,E2021,9986857,360.27350747086894,23558.162492964504,0.015292937536128396,2.8225806451612905,30.293548387096777,21
Michigan,2022-01-01,548140.0,2499.0,3243.0,31,31,1,42.12277369271249,False,cold,E2021,9986857,250.228875811479,54886.13684966151,0.004559054256211917,-5.529032258064516,30.293548387096777,21
Michigan,2022-02-01,101934.0,1427.0,2242.0,28,28,2,42.12277369271249,False,cold,E2021,9986857,142.8877974321651,10206.814816713606,0.01399925441952636,-3.9785714285714286,30.293548387096777,21
Michigan,2022-03-01,27122.0,510.0,1157.0,31,31,3,42.12277369271249,False,cold,E2021,9986857,51.06711751254674,2715.7693356378286,0.018803923014526953,3.2483870967741937,30.293548387096777,21
Michigan,2022-04-01,38425.0,283.0,340.0,30,30,4,42.12277369271249,False,transition,E2021,9986857,28.33724363931515,3847.5568439600165,0.007364996746909564,7.09,30.293548387096777,21
Michigan,2022-05-01,101885.0,457.0,355.0,31,31,5,42.12277369271249,False,warm,E2021,9986857,45.76014255536051,10201.908368168284,0.004485449281052167,16.16774193548387,30.293548387096777,21
Michigan,2022-06-01,78600.0,616.0,561.0,30,30,6,42.12277369271249,False,warm,E2021,9986857,61.6810674269192,7870.343993110145,0.007837150127226463,21.183333333333334,30.293548387096777,21
Michigan,2022-07-01,65881.0,483.0,510.0,31,31,7,42.12277369271249,False,warm,E2021,9986857,48.363564232470736,6596.7701349884155,0.007331400555547123,23.248387096774195,30.293548387096777,21
Michigan,2022-08-01,98047.0,690.0,610.0,31,31,8,42.12277369271249,False,warm,E2021,9986857,69.09080604638676,9817.603275985628,0.007037441227166563,22.48709677419355,30.293548387096777,21
Michigan,2022-09-01,65808.0,628.0,586.0,30,30,9,42.12277369271249,False,warm,E2022,9986857,62.882646662508535,6589.4605279719135,0.009542912715779237,18.91,30.293548387096777,21
Michigan,2022-10-01,50009.0,605.0,626.0,31,31,10,42.12277369271249,False,transition,E2022,9986857,60.579619794295645,5007.481332715588,0.012097822391969446,11.538709677419355,30.293548387096777,21
Michigan,2022-11-01,52267.0,960.0,835.0,30,30,11,42.12277369271249,False,cold,E2022,9986857,96.12633884714681,5233.578492212315,0.018367229800830352,6.246666666666667,30.293548387096777,21
Michigan,2022-12-01,50211.0,528.0,682.0,31,31,12,42.12277369271249,False,cold,E2022,9986857,52.86948636593074,5027.707916514675,0.010515624066439624,0.03548387096774195,30.293548387096777,21
Michigan,2023-01-01,41851.0,772.0,923.0,31,31,1,42.12277369271249,False,cold,E2022,9986857,77.30159748958056,4190.607715720772,0.01844639315667487,0.5741935483870967,30.293548387096777,21
Minnesota,2020-02-01,0.0,1.0,0.0,29,29,2,45.198362871237634,False,cold,E2019,5639632,0.17731653412846796,0.0,,-7.69655172413793,37.483870967741936,21
Minnesota,2020-03-01,629.0,159.0,12.0,31,31,3,45.198362871237634,False,cold,E2019,5639632,28.193328926426407,111.53209996680634,0.2527821939586645,1.6903225806451612,37.483870967741936,21
Minnesota,2020-04-01,4507.0,658.0,331.0,30,30,4,45.198362871237634,False,transition,E2019,5639632,116.67427945653192,799.165619317005,0.14599511870423784,5.42,37.483870967741936,21
Minnesota,2020-05-01,19714.0,594.0,707.0,31,31,5,45.198362871237634,False,warm,E2019,5639632,105.32602127230997,3495.618153808617,0.030130871461905247,13.33548387096774,37.483870967741936,21
Minnesota,2020-06-01,11453.0,176.0,426.0,30,30,6,45.198362871237634,False,warm,E2019,5639632,31.20771000661036,2030.8062653733434,0.015367152711080067,22.123333333333335,37.483870967741936,21
Minnesota,2020-07-01,18160.0,211.0,164.0,31,31,7,45.198362871237634,False,warm,E2019,5639632,37.41378870110674,3220.0682597729783,0.011618942731277533,23.95483870967742,37.483870967741936,21
Minnesota,2020-08-01,21401.0,222.0,226.0,31,31,8,45.198362871237634,False,warm,E2019,5639632,39.364270576519885,3794.7511468833427,0.01037334703985795,22.02258064516129,37.483870967741936,21
Minnesota,2020-09-01,23270.0,313.0,223.0,30,30,9,45.198362871237634,False,warm,E2020,5639632,55.50007518221047,4126.155749169449,0.013450795015040824,15.523333333333333,37.483870967741936,21
Minnesota,2020-10-01,49338.0,923.0,422.0,31,31,10,45.198362871237634,False,transition,E2020,5639632,163.6631610005759,8748.443160830351,0.018707689813125785,5.819354838709677,37.483870967741936,21
Minnesota,2020-11-01,170291.0,1674.0,1141.0,30,30,11,45.198362871237634,False,cold,E2020,5639632,296.82787813105534,30195.409913270938,0.009830231779718247,2.8233333333333333,37.483870967741936,21
Minnesota,2020-12-01,96539.0,1148.0,1730.0,31,31,12,45.198362871237634,False,cold,E2020,5639632,203.55938117948122,17117.96088822817,0.011891567138669346,-4.638709677419355,37.483870967741936,21
Minnesota,2021-01-01,46505.0,421.0,886.0,31,31,1,45.198362871237634,False,cold,E2020,5639632,74.65026086808501,8246.105419644402,0.009052790022578217,-6.925806451612904,37.483870967741936,21
Minnesota,2021-02-01,22787.0,350.0,283.0,28,28,2,45.198362871237634,False,cold,E2020,5639632,62.06078694496379,4040.5118631853993,0.015359634879536578,-12.835714285714285,37.483870967741936,21
Minnesota,2021-03-01,34935.0,272.0,375.0,31,31,3,45.198362871237634,False,cold,E2020,5639632,48.230097282943284,6194.553119778028,0.007785888077858881,3.07741935483871,37.483870967741936,21
Minnesota,2021-04-01,56283.0,325.0,311.0,30,30,4,45.198362871237634,False,transition,E2020,5639632,57.627873591752085,9979.906490352561,0.005774390135564913,7.0633333333333335,37.483870967741936,21
Minnesota,2021-05-01,25572.0,195.0,282.0,31,31,5,45.198362871237634,False,warm,E2020,5639632,34.57672415505125,4534.338410733182,0.007625527921163773,14.270967741935483,37.483870967741936,21
Minnesota,2021-06-01,3981.0,95.0,168.0,30,30,6,45.198362871237634,False,warm,E2020,5639632,16.845070742204456,705.897122365431,0.023863350916855063,24.046666666666667,37.483870967741936,21
Minnesota,2021-07-01,7336.0,116.0,74.0,31,31,7,45.198362871237634,False,warm,E2020,5639632,20.568717958902283,1300.794094366441,0.015812431842966195,24.09032258064516,37.483870967741936,21
Minnesota,2021-08-01,37263.0,251.0,143.0,31,31,8,45.198362871237634,False,warm,E2020,5639632,44.506450066245456,6607.346011229101,0.006735904248181842,22.9,37.483870967741936,21
Minnesota,2021-09-01,61130.0,535.0,352.0,30,30,9,45.198362871237634,False,warm,E2021,5639632,94.86434575873035,10839.359731273245,0.008751840340258466,18.14333333333333,37.483870967741936,21
Minnesota,2021-10-01,76456.0,640.0,537.0,31,31,10,45.198362871237634,False,transition,E2021,5639632,113.48258184221949,13556.912933326146,0.008370827665585435,12.070967741935483,37.483870967741936,21
Minnesota,2021-11-01,124820.0,1042.0,713.0,30,30,11,45.198362871237634,False,cold,E2021,5639632,184.76382856186362,22132.64978991537,0.008348021150456658,1.72,37.483870967741936,21
Minnesota,2021-12-01,109842.0,970.0,1150.0,31,31,12,45.198362871237634,False,cold,E2021,5639632,171.99703810461392,19476.80274173918,0.008830866153201871,-5.306451612903226,37.483870967741936,21
Minnesota,2022-01-01,299541.0,840.0,905.0,31,31,1,45.198362871237634,False,cold,E2021,5639632,148.9458886679131,53113.57194937542,0.0028042905645637825,-13.393548387096773,37.483870967741936,21
Minnesota,2022-02-01,91823.0,407.0,728.0,28,28,2,45.198362871237634,False,cold,E2021,5639632,72.16782939028646,16281.736113278313,0.00443244067390523,-11.367857142857144,37.483870967741936,21
Minnesota,2022-03-01,15974.0,204.0,349.0,31,31,3,45.198362871237634,False,cold,E2021,5639632,36.17257296220746,2832.454316168147,0.012770752472768248,-1.6548387096774195,37.483870967741936,21
Minnesota,2022-04-01,22997.0,145.0,140.0,30,30,4,45.198362871237634,False,transition,E2021,5639632,25.710897448627854,4077.7483353523776,0.006305170239596469,4.086666666666667,37.483870967741936,21
Minnesota,2022-05-01,54621.0,178.0,165.0,31,31,5,45.198362871237634,False,warm,E2021,5639632,31.562343074867297,9685.206410631048,0.0032588198678164077,14.435483870967742,37.483870967741936,21
Minnesota,2022-06-01,45672.0,177.0,184.0,30,30,6,45.198362871237634,False,warm,E2021,5639632,31.385026540738828,8098.400746715389,0.003875459800315292,21.0,37.483870967741936,21
Minnesota,2022-07-01,37724.0,151.0,166.0,31,31,7,45.198362871237634,False,warm,E2021,5639632,26.77479665339866,6689.088933462325,0.004002756865655816,23.151612903225807,37.483870967741936,21
Minnesota,2022-08-01,40255.0,165.0,136.0,31,31,8,45.198362871237634,False,warm,E2021,5639632,29.257228131197213,7137.877081341478,0.00409886970562663,21.458064516129035,37.483870967741936,21
Minnesota,2022-09-01,33978.0,228.0,222.0,30,30,9,45.198362871237634,False,warm,E2022,5639632,40.42816978129069,6024.861196617084,0.006710224262758255,17.759999999999998,37.483870967741936,21
Minnesota,2022-10-01,21251.0,196.0,174.0,31,31,10,45.198362871237634,False,transition,E2022,5639632,34.75404068917972,3768.1536667640726,0.009223095383746648,9.858064516129033,37.483870967741936,21
Minnesota,2022-11-01,21920.0,238.0,214.0,30,30,11,45.198362871237634,False,cold,E2022,5639632,42.20133512257537,3886.7784280960177,0.010857664233576642,1.1733333333333333,37.483870967741936,21
Minnesota,2022-12-01,28925.0,256.0,281.0,31,31,12,45.198362871237634,False,cold,E2022,5639632,45.3930327368878,5128.880749665936,0.0088504753673293,-9.067741935483872,37.483870967741936,21
Minnesota,2023-01-01,16199.0,266.0,234.0,31,31,1,45.198362871237634,False,cold,E2022,5639632,47.16619807817248,2872.3505363470526,0.01642076671399469,-6.922580645161291,37.483870967741936,21
Mississippi,2020-02-01,0.0,1.0,0.0,29,29,2,32.63286564690713,False,cold,E2019,2976149,0.33600468256125615,0.0,,10.289655172413791,21.005591397849464,21
Mississippi,2020-03-01,937.0,182.0,20.0,31,31,3,32.63286564690713,False,cold,E2019,2976149,61.152852226148624,314.83638755989705,0.19423692636072573,17.70967741935484,21.005591397849464,21
Mississippi,2020-04-01,5878.0,397.0,241.0,30,30,4,32.63286564690713,False,transition,E2019,2976149,133.3938589768187,1975.0355240950637,0.06753997958489281,17.196666666666665,21.005591397849464,21
Mississippi,2020-05-01,8708.0,358.0,473.0,31,31,5,32.63286564690713,False,warm,E2019,2976149,120.2896763569297,2925.9287757434186,0.041111621497473584,21.08709677419355,21.005591397849464,21
Mississippi,2020-06-01,11724.0,451.0,339.0,30,30,6,32.63286564690713,False,warm,E2019,2976149,151.53811183512653,3939.3188983481673,0.03846809962470147,25.613333333333333,21.005591397849464,21
Mississippi,2020-07-01,31500.0,825.0,590.0,31,31,7,32.63286564690713,False,warm,E2019,2976149,277.20386311303633,10584.14750067957,0.02619047619047619,27.351612903225806,21.005591397849464,21
Mississippi,2020-08-01,24203.0,596.0,810.0,31,31,8,32.63286564690713,False,warm,E2019,2976149,200.25879080650867,8132.321332030083,0.024625046481841092,26.648387096774194,21.005591397849464,21
Mississippi,2020-09-01,15240.0,413.0,496.0,30,30,9,32.63286564690713,False,warm,E2020,2976149,138.7699338977988,5120.711362233544,0.0270997375328084,24.546666666666667,21.005591397849464,21
Mississippi,2020-10-01,21970.0,434.0,365.0,31,31,10,32.63286564690713,False,transition,E2020,2976149,145.82603223158517,7382.022875870798,0.019754210286754666,19.183870967741935,21.005591397849464,21
Mississippi,2020-11-01,33110.0,754.0,473.0,30,30,11,32.63286564690713,False,cold,E2020,2976149,253.34753065118716,11125.115039603192,0.022772576260948352,14.8,21.005591397849464,21
Mississippi,2020-12-01,62541.0,1257.0,980.0,31,31,12,32.63286564690713,False,cold,E2020,2976149,422.35788597949903,21014.068852063523,0.02009881517724373,8.438709677419356,21.005591397849464,21
Mississippi,2021-01-01,59190.0,885.0,1258.0,31,31,1,32.63286564690713,False,cold,E2020,2976149,297.36414406671173,19888.117160800753,0.014951849974657882,8.219354838709679,21.005591397849464,21
Mississippi,2021-02-01,19794.0,403.0,636.0,28,28,2,32.63286564690713,False,cold,E2020,2976149,135.40988707218625,6650.876686617505,0.020359704961099324,7.0321428571428575,21.005591397849464,21
Mississippi,2021-03-01,10351.0,207.0,351.0,31,31,3,32.63286564690713,False,cold,E2020,2976149,69.55296929018003,3477.9844691915628,0.019998067819534344,14.925806451612903,21.005591397849464,21
Mississippi,2021-04-01,6754.0,116.0,167.0,30,30,4,32.63286564690713,False,transition,E2020,2976149,38.97654317710572,2269.3756260187242,0.017175007403020432,16.37666666666667,21.005591397849464,21
Mississippi,2021-05-01,5813.0,99.0,117.0,31,31,5,32.63286564690713,False,warm,E2020,2976149,33.26446357356436,1953.195219728582,0.01703079305006021,21.06451612903226,21.005591397849464,21
Mississippi,2021-06-01,4051.0,107.0,96.0,30,30,6,32.63286564690713,False,warm,E2020,2976149,35.95250103405441,1361.1549690556487,0.026413231300913356,25.016666666666666,21.005591397849464,21
Mississippi,2021-07-01,21741.0,506.0,131.0,31,31,7,32.63286564690713,False,warm,E2020,2976149,170.01836937599563,7305.077803564271,0.023273998436134494,26.187096774193545,21.005591397849464,21
Mississippi,2021-08-01,93217.0,1340.0,866.0,31,31,8,32.63286564690713,False,warm,E2020,2976149,450.24627463208327,31321.348494312617,0.01437506034307047,26.16774193548387,21.005591397849464,21
Mississippi,2021-09-01,51672.0,646.0,1191.0,30,30,9,32.63286564690713,False,warm,E2021,2976149,217.05902493457148,17362.03395730523,0.012501935284099706,23.233333333333334,21.005591397849464,21
Mississippi,2021-10-01,15924.0,252.0,475.0,31,31,10,32.63286564690713,False,transition,E2021,2976149,84.67318000543655,5350.538565105443,0.015825169555388093,20.112903225806452,21.005591397849464,21
Mississippi,2021-11-01,9853.0,158.0,210.0,30,30,11,32.63286564690713,False,cold,E2021,2976149,53.08873984467848,3310.654137276057,0.01603572515984979,11.823333333333332,21.005591397849464,21
Mississippi,2021-12-01,29566.0,334.0,165.0,31,31,12,32.63286564690713,False,cold,E2021,2976149,112.22556397545956,9934.3144446061,0.011296759791652573,14.812903225806451,21.005591397849464,21
Mississippi,2022-01-01,183681.0,1115.0,485.0,31,31,1,32.63286564690713,False,cold,E2021,2976149,374.6452210558006,61717.676097534095,0.006070306672981964,6.567741935483871,21.005591397849464,21
Mississippi,2022-02-01,62522.0,500.0,1104.0,28,28,2,32.63286564690713,False,cold,E2021,2976149,168.0023412806281,21007.684763094858,0.00799718499088321,9.453571428571427,21.005591397849464,21
Mississippi,2022-03-01,4618.0,96.0,358.0,31,31,3,32.63286564690713,False,cold,E2021,2976149,32.25644952588059,1551.669624067881,0.02078822000866176,13.387096774193548,21.005591397849464,21
Mississippi,2022-04-01,3017.0,33.0,47.0,30,30,4,32.63286564690713,False,transition,E2021,2976149,11.088154524521453,1013.7261272873099,0.010938017898574744,17.69,21.005591397849464,21
Mississippi,2022-05-01,10763.0,30.0,23.0,31,31,5,32.63286564690713,False,warm,E2021,2976149,10.080140476837686,3616.4183984068004,0.00278732695345164,23.835483870967742,21.005591397849464,21
Mississippi,2022-06-01,26782.0,94.0,58.0,30,30,6,32.63286564690713,False,warm,E2021,2976149,31.58444016075808,8998.877408355564,0.0035098200283772683,27.573333333333334,21.005591397849464,21
Mississippi,2022-07-01,40012.0,169.0,123.0,31,31,7,32.63286564690713,False,warm,E2021,2976149,56.784791352852295,13444.219358640981,0.004223732880135959,27.48709677419355,21.005591397849464,21
Mississippi,2022-08-01,37917.0,121.0,146.0,31,31,8,32.63286564690713,False,warm,E2021,2976149,40.656566589911996,12740.28954867515,0.003191180736872643,25.70967741935484,21.005591397849464,21
Mississippi,2022-09-01,14416.0,86.0,118.0,30,30,9,32.63286564690713,False,warm,E2022,2976149,28.89640270026803,4843.843503803069,0.005965593784683685,23.83,21.005591397849464,21
Mississippi,2022-10-01,5600.0,52.0,56.0,31,31,10,32.63286564690713,False,transition,E2022,2976149,17.47224349318532,1881.6262223430347,0.009285714285714286,17.87741935483871,21.005591397849464,21
Mississippi,2022-11-01,6958.0,66.0,68.0,30,30,11,32.63286564690713,False,cold,E2022,2976149,22.176309049042906,2337.9205812612204,0.009485484334578902,13.2,21.005591397849464,21
Mississippi,2022-12-01,15122.0,68.0,61.0,31,31,12,32.63286564690713,False,cold,E2022,2976149,22.84831841416542,5081.062809691316,0.004496759687871975,10.506451612903225,21.005591397849464,21
Mississippi,2023-01-01,22645.0,145.0,128.0,31,31,1,32.63286564690713,False,cold,E2022,2976149,48.72067897138214,7608.826036599646,0.006403179509825568,11.548387096774194,21.005591397849464,21
Missouri,2020-02-01,0.0,3.0,0.0,29,29,2,38.442382193754945,False,cold,E2019,6626371,0.4527364978507844,0.0,,2.024137931034483,30.75311059907834,21
Missouri,2020-03-01,1674.0,278.0,19.0,31,31,3,38.442382193754945,False,cold,E2019,6626371,41.953582134172684,252.62696580073768,0.16606929510155316,9.803225806451612,30.75311059907834,21
Missouri,2020-04-01,6417.0,473.0,425.0,30,30,4,38.442382193754945,False,transition,E2019,6626371,71.38145449447367,968.4033689028278,0.07371045659965716,11.85,30.75311059907834,21
Missouri,2020-05-01,5469.0,231.0,378.0,31,31,5,38.442382193754945,False,warm,E2019,6626371,34.8607103345104,825.3386355819799,0.042238069116840374,16.822580645161292,30.75311059907834,21
Missouri,2020-06-01,8654.0,176.0,207.0,30,30,6,38.442382193754945,False,warm,E2019,6626371,26.56054120724602,1305.9938841335627,0.020337416223711578,24.236666666666668,30.75311059907834,21
Missouri,2020-07-01,29366.0,305.0,249.0,31,31,7,38.442382193754945,False,warm,E2019,6626371,46.028210614829746,4431.686665295378,0.010386160866307975,26.46451612903226,30.75311059907834,21
Missouri,2020-08-01,35596.0,401.0,292.0,31,31,8,38.442382193754945,False,warm,E2019,6626371,60.51577854605485,5371.869459165507,0.011265310709068435,24.01290322580645,30.75311059907834,21
Missouri,2020-09-01,43309.0,803.0,528.0,30,30,9,38.442382193754945,False,warm,E2020,6626371,121.18246925805995,6535.854995139874,0.018541180816920272,20.78666666666667,30.75311059907834,21
Missouri,2020-10-01,62667.0,927.0,957.0,31,31,10,38.442382193754945,False,transition,E2020,6626371,139.89557783589237,9457.212703605035,0.014792474508114318,12.864516129032259,30.75311059907834,21
Missouri,2020-11-01,128806.0,1520.0,835.0,30,30,11,38.442382193754945,False,cold,E2020,6626371,229.38649224439743,19438.39244738938,0.011800692514323866,10.319999999999999,30.75311059907834,21
Missouri,2020-12-01,118798.0,1661.0,1834.0,31,31,12,38.442382193754945,False,cold,E2020,6626371,250.6651076433843,17928.06349055916,0.013981716863920269,3.0290322580645164,30.75311059907834,21
Missouri,2021-01-01,91991.0,1281.0,1347.0,31,31,1,38.442382193754945,False,cold,E2020,6626371,193.31848458228492,13882.561057930503,0.013925275298670521,1.3096774193548388,30.75311059907834,21
Missouri,2021-02-01,30173.0,659.0,1210.0,28,28,2,38.442382193754945,False,cold,E2020,6626371,99.4511173612223,4553.472783217239,0.021840718523182978,-3.5821428571428577,30.75311059907834,21
Missouri,2021-03-01,18760.0,338.0,572.0,31,31,3,38.442382193754945,False,cold,E2020,6626371,51.00831209118837,2831.112233226905,0.018017057569296377,9.616129032258065,30.75311059907834,21
Missouri,2021-04-01,9957.0,361.0,285.0,30,30,4,38.442382193754945,False,transition,E2020,6626371,54.47929190804439,1502.6324363667534,0.03625590037159787,12.266666666666667,30.75311059907834,21
Missouri,2021-05-01,14852.0,232.0,360.0,31,31,5,38.442382193754945,False,warm,E2020,6626371,35.01162250046066,2241.347488693283,0.015620791812550498,16.758064516129032,30.75311059907834,21
Missouri,2021-06-01,19307.0,297.0,228.0,30,30,6,38.442382193754945,False,warm,E2020,6626371,44.820913287227654,2913.661188001698,0.015383021701973377,24.48,30.75311059907834,21
Missouri,2021-07-01,60751.0,712.0,373.0,31,31,7,38.442382193754945,False,warm,E2020,6626371,107.44946215658616,9168.064993644333,0.011719971687708844,25.212903225806453,30.75311059907834,21
Missouri,2021-08-01,77252.0,1089.0,949.0,31,31,8,38.442382193754945,False,warm,E2020,6626371,164.34334871983472,11658.266643989598,0.014096722414953659,25.66774193548387,30.75311059907834,21
Missouri,2021-09-01,61809.0,691.0,928.0,30,30,9,38.442382193754945,False,warm,E2021,6626371,104.28030667163067,9327.73006521971,0.011179601676131308,22.923333333333336,30.75311059907834,21
Missouri,2021-10-01,34685.0,495.0,578.0,31,31,10,38.442382193754945,False,transition,E2021,6626371,74.70152214537943,5234.388475984819,0.014271298832348277,16.438709677419357,30.75311059907834,21
Missouri,2021-11-01,51110.0,3045.0,532.0,30,30,11,38.442382193754945,False,cold,E2021,6626371,459.5275453185462,7713.120801717863,0.059577382117002545,8.233333333333333,30.75311059907834,21
Missouri,2021-12-01,102055.0,1263.0,3141.0,31,31,12,38.442382193754945,False,cold,E2021,6626371,190.60206559518022,15401.341096053933,0.01237567978051051,7.925806451612903,30.75311059907834,21
Missouri,2022-01-01,321091.0,1359.0,1188.0,31,31,1,38.442382193754945,False,cold,E2021,6626371,205.08963352640532,48456.538277135405,0.004232445007801526,-1.1806451612903226,30.75311059907834,21
Missouri,2022-02-01,67389.0,1255.0,1650.0,28,28,2,38.442382193754945,False,cold,E2021,6626371,189.39476826757814,10169.819951222169,0.018623217439047917,1.05,30.75311059907834,21
Missouri,2022-03-01,14661.0,510.0,1101.0,31,31,3,38.442382193754945,False,cold,E2021,6626371,76.96520463463335,2212.5232649967834,0.034786167382852465,7.916129032258064,30.75311059907834,21
Missouri,2022-04-01,14698.0,271.0,199.0,30,30,4,38.442382193754945,False,transition,E2021,6626371,40.89719697252086,2218.107015136943,0.01843788270512995,12.066666666666666,30.75311059907834,21
Missouri,2022-05-01,30315.0,194.0,405.0,31,31,5,38.442382193754945,False,warm,E2021,6626371,29.276960194350725,4574.902310782176,0.006399472208477652,19.116129032258065,30.75311059907834,21
Missouri,2022-06-01,44902.0,191.0,135.0,30,30,6,38.442382193754945,False,warm,E2021,6626371,28.82422369649994,6776.25807549864,0.0042537080753641265,24.46333333333333,30.75311059907834,21
Missouri,2022-07-01,67296.0,324.0,228.0,31,31,7,38.442382193754945,False,warm,E2021,6626371,48.895541767884716,10155.785119788796,0.004814550641940085,27.17096774193548,30.75311059907834,21
Missouri,2022-08-01,44353.0,259.0,311.0,31,31,8,38.442382193754945,False,warm,E2021,6626371,39.08625098111772,6693.407296391947,0.005839514801704507,25.164516129032258,30.75311059907834,21
Missouri,2022-09-01,40200.0,252.0,256.0,30,30,9,38.442382193754945,False,warm,E2022,6626371,38.02986581946589,6066.669071200511,0.00626865671641791,21.303333333333335,30.75311059907834,21
Missouri,2022-10-01,15934.0,103.0,159.0,31,31,10,38.442382193754945,False,transition,E2022,6626371,15.543953092876931,2404.634452251466,0.006464164679302121,14.138709677419355,30.75311059907834,21
Missouri,2022-11-01,26518.0,249.0,178.0,30,30,11,38.442382193754945,False,cold,E2022,6626371,37.577129321615104,4001.8888166690335,0.009389848404857078,7.343333333333334,30.75311059907834,21
Missouri,2022-12-01,31909.0,285.0,209.0,31,31,12,38.442382193754945,False,cold,E2022,6626371,43.00996729582452,4815.4563033068935,0.008931649377918455,1.5774193548387097,30.75311059907834,21
Missouri,2023-01-01,24159.0,260.0,357.0,31,31,1,38.442382193754945,False,cold,E2022,6626371,39.23716314706798,3645.887017192367,0.010762034852435945,3.425806451612903,30.75311059907834,21
Montana,2020-02-01,0.0,0.0,0.0,29,29,2,46.80225530131097,False,cold,E2019,1068778,0.0,0.0,,-5.703448275862069,33.3139400921659,21
Montana,2020-03-01,198.0,12.0,5.0,31,31,3,46.80225530131097,False,cold,E2019,1068778,11.227776020838752,185.25830434383943,,-3.9064516129032256,33.3139400921659,21
Montana,2020-04-01,255.0,4.0,11.0,30,30,4,46.80225530131097,False,transition,E2019,1068778,3.742592006946251,238.5902404428235,,0.05666666666666676,33.3139400921659,21
Montana,2020-05-01,62.0,4.0,1.0,31,31,5,46.80225530131097,False,warm,E2019,1068778,3.742592006946251,58.01017610766689,,6.929032258064517,33.3139400921659,21
Montana,2020-06-01,452.0,20.0,5.0,30,30,6,46.80225530131097,False,warm,E2019,1068778,18.712960034731253,422.9128967849263,,11.413333333333332,33.3139400921659,21
Montana,2020-07-01,2998.0,49.0,38.0,31,31,7,46.80225530131097,False,warm,E2019,1068778,45.84675208509157,2805.0727092062148,0.016344229486324215,15.03225806451613,33.3139400921659,21
Montana,2020-08-01,3456.0,71.0,44.0,31,31,8,46.80225530131097,False,warm,E2019,1068778,66.43100812329595,3233.5994940015607,0.020543981481481483,16.990322580645163,33.3139400921659,21
Montana,2020-09-01,5650.0,115.0,76.0,30,30,9,46.80225530131097,False,warm,E2020,1068778,107.59952019970471,5286.411209811579,0.020353982300884955,11.473333333333333,33.3139400921659,21
Montana,2020-10-01,19730.0,325.0,195.0,31,31,10,46.80225530131097,False,transition,E2020,1068778,304.0856005643829,18460.33507426238,0.016472377090724785,1.8225806451612903,33.3139400921659,21
Montana,2020-11-01,29397.0,281.0,306.0,30,30,11,46.80225530131097,False,cold,E2020,1068778,262.9170884879741,27505.244307049732,0.009558798516855462,-2.57,33.3139400921659,21
Montana,2020-12-01,19357.0,219.0,280.0,31,31,12,46.80225530131097,False,cold,E2020,1068778,204.90691238030723,18111.338369614645,0.011313736632742677,-4.461290322580646,33.3139400921659,21
Montana,2021-01-01,12394.0,241.0,272.0,31,31,1,46.80225530131097,False,cold,E2020,1068778,225.49116841851162,11596.421333522958,0.019444892690011296,-5.699999999999999,33.3139400921659,21
Montana,2021-02-01,6005.0,73.0,124.0,28,28,2,46.80225530131097,False,cold,E2020,1068778,68.30230412676907,5618.566250428059,0.01215653621981682,-13.110714285714286,33.3139400921659,21
Montana,2021-03-01,4598.0,143.0,80.0,31,31,3,46.80225530131097,False,cold,E2020,1068778,133.79766424832846,4302.109511984715,0.03110047846889952,-2.106451612903226,33.3139400921659,21
Montana,2021-04-01,4265.0,46.0,134.0,30,30,4,46.80225530131097,False,transition,E2020,1068778,43.03980807988189,3990.53872740644,0.01078546307151231,0.5833333333333334,33.3139400921659,21
Montana,2021-05-01,3012.0,49.0,42.0,31,31,5,46.80225530131097,False,warm,E2020,1068778,45.84675208509157,2818.171781230527,0.016268260292164674,5.541935483870968,33.3139400921659,21
Montana,2021-06-01,1926.0,42.0,52.0,30,30,6,46.80225530131097,False,warm,E2020,1068778,39.29721607293563,1802.0580513446198,0.021806853582554516,15.419999999999998,33.3139400921659,21
Montana,2021-07-01,2611.0,61.0,39.0,31,31,7,46.80225530131097,False,warm,E2020,1068778,57.07452810593033,2442.9769325341654,0.023362696284948296,20.203225806451613,33.3139400921659,21
Montana,2021-08-01,10861.0,146.0,96.0,31,31,8,46.80225530131097,False,warm,E2020,1068778,136.60460825353815,10162.072946860808,0.013442592763097321,15.3,33.3139400921659,21
Montana,2021-09-01,23806.0,338.0,209.0,30,30,9,46.80225530131097,False,warm,E2021,1068778,316.24902458695817,22274.03632934061,0.014198101318995212,11.770000000000001,33.3139400921659,21
Montana,2021-10-01,24814.0,308.0,337.0,31,31,10,46.80225530131097,False,transition,E2021,1068778,288.1795845348613,23217.169515091067,0.012412347868138954,5.019354838709678,33.3139400921659,21
Montana,2021-11-01,15165.0,342.0,325.0,30,30,11,46.80225530131097,False,cold,E2021,1068778,319.99161659390444,14189.101946334973,0.022551928783382788,0.06333333333333331,33.3139400921659,21
Montana,2021-12-01,6712.0,87.0,235.0,31,31,12,46.80225530131097,False,cold,E2021,1068778,81.40137615108095,6280.069387655809,0.01296185935637664,-6.603225806451612,33.3139400921659,21
Montana,2022-01-01,44456.0,129.0,94.0,31,31,1,46.80225530131097,False,cold,E2021,1068778,120.6985922240166,41595.16756520063,0.002901745546157999,-6.706451612903226,33.3139400921659,21
Montana,2022-02-01,24399.0,131.0,187.0,28,28,2,46.80225530131097,False,cold,E2021,1068778,122.56988822748971,22828.875594370395,0.0053690725029714335,-7.6499999999999995,33.3139400921659,21
Montana,2022-03-01,5976.0,26.0,60.0,31,31,3,46.80225530131097,False,cold,E2021,1068778,24.32684804515063,5591.432458377699,0.004350736278447122,-2.1451612903225805,33.3139400921659,21
Montana,2022-04-01,1427.0,123.0,113.0,30,30,4,46.80225530131097,False,transition,E2021,1068778,115.0847042135972,1335.169698478075,0.0861948142957253,-1.8433333333333333,33.3139400921659,21
Montana,2022-05-01,3515.0,55.0,40.0,31,31,5,46.80225530131097,False,warm,E2021,1068778,51.460640095510946,3288.802726104018,0.015647226173541962,5.461290322580646,33.3139400921659,21
Montana,2022-06-01,7520.0,15.0,44.0,30,30,6,46.80225530131097,False,warm,E2021,1068778,14.03472002604844,7036.072973058951,0.0019946808510638296,11.373333333333333,33.3139400921659,21
Montana,2022-07-01,11582.0,35.0,29.0,31,31,7,46.80225530131097,False,warm,E2021,1068778,32.74768006077969,10836.67515611287,0.003021930581937489,17.80322580645161,33.3139400921659,21
Montana,2022-08-01,7570.0,22.0,29.0,31,31,8,46.80225530131097,False,warm,E2021,1068778,20.58425603820438,7082.85537314578,0.002906208718626156,18.787096774193547,33.3139400921659,21
Montana,2022-09-01,6562.0,57.0,18.0,30,30,9,46.80225530131097,False,warm,E2022,1068778,53.33193609898407,6139.722187395324,0.008686376104846084,13.236666666666668,33.3139400921659,21
Montana,2022-10-01,3833.0,18.0,54.0,31,31,10,46.80225530131097,False,transition,E2022,1068778,16.84166403125813,3586.338790656245,0.004696060527002348,4.903225806451613,33.3139400921659,21
Montana,2022-11-01,3541.0,27.0,23.0,30,30,11,46.80225530131097,False,cold,E2022,1068778,25.262496046887193,3313.1295741491685,0.0076249646992375035,-9.293333333333333,33.3139400921659,21
Montana,2022-12-01,4950.0,19.0,24.0,31,31,12,46.80225530131097,False,cold,E2022,1068778,17.77731203299469,4631.457608595985,0.0038383838383838384,-11.416129032258064,33.3139400921659,21
Montana,2023-01-01,2697.0,15.0,19.0,31,31,1,46.80225530131097,False,cold,E2022,1068778,14.03472002604844,2523.4426606835095,0.0055617352614015575,-8.09032258064516,33.3139400921659,21
Nebraska,2020-02-01,0.0,0.0,0.0,29,29,2,41.06418080842873,False,cold,E2019,1934408,0.0,0.0,,-0.796551724137931,35.306221198156685,21
Nebraska,2020-03-01,172.0,33.0,3.0,31,31,3,41.06418080842873,False,cold,E2019,1934408,17.05948279783789,88.9160921584278,,6.122580645161291,35.306221198156685,21
Nebraska,2020-04-01,4109.0,105.0,67.0,30,30,4,41.06418080842873,False,transition,E2019,1934408,54.28017253857511,2124.1640853429058,0.02555366269165247,9.326666666666666,35.306221198156685,21
Nebraska,2020-05-01,9820.0,106.0,100.0,31,31,5,41.06418080842873,False,warm,E2019,1934408,54.79712656275201,5076.488517417215,0.010794297352342158,15.035483870967743,35.306221198156685,21
Nebraska,2020-06-01,5076.0,66.0,104.0,30,30,6,41.06418080842873,False,warm,E2019,1934408,34.11896559567578,2624.0586267219737,0.013002364066193853,25.096666666666668,35.306221198156685,21
Nebraska,2020-07-01,7034.0,66.0,54.0,31,31,7,41.06418080842873,False,warm,E2019,1934408,34.11896559567578,3636.2546060603554,0.009382996872334376,25.44193548387097,35.306221198156685,21
Nebraska,2020-08-01,8076.0,76.0,69.0,31,31,8,41.06418080842873,False,warm,E2019,1934408,39.28850583744484,4174.9206992526915,0.009410599306587419,24.016129032258064,35.306221198156685,21
Nebraska,2020-09-01,11277.0,124.0,81.0,30,30,9,41.06418080842873,False,warm,E2020,1934408,64.10229899793632,5829.690530642967,0.010995832224882504,18.613333333333333,35.306221198156685,21
Nebraska,2020-10-01,25168.0,329.0,174.0,31,31,10,41.06418080842873,False,transition,E2020,1934408,170.077873954202,13010.698880484366,0.013072155117609664,10.048387096774194,35.306221198156685,21
Nebraska,2020-11-01,57675.0,606.0,366.0,30,30,11,41.06418080842873,False,cold,E2020,1934408,313.2741386512049,29815.32334440304,0.010507152145643694,7.21,35.306221198156685,21
Nebraska,2020-12-01,38391.0,357.0,633.0,31,31,12,41.06418080842873,False,cold,E2020,1934408,184.55258663115538,19846.38194217559,0.009299054465890444,-0.7709677419354838,35.306221198156685,21
Nebraska,2021-01-01,23915.0,179.0,269.0,31,31,1,41.06418080842873,False,cold,E2020,1934408,92.53477032766614,12362.955488190702,0.0074848421492786955,-1.9,35.306221198156685,21
Nebraska,2021-02-01,10169.0,88.0,162.0,28,28,2,41.06418080842873,False,cold,E2020,1934408,45.49195412756771,5256.905471854955,0.008653751597993904,-9.864285714285714,35.306221198156685,21
Nebraska,2021-03-01,8464.0,94.0,98.0,31,31,3,41.06418080842873,False,cold,E2020,1934408,48.59367827262915,4375.498860633331,0.01110586011342155,7.551612903225807,35.306221198156685,21
Nebraska,2021-04-01,10480.0,7.0,56.0,30,30,4,41.06418080842873,False,transition,E2020,1934408,3.6186781692383407,5417.678173373973,0.0006679389312977099,10.333333333333334,35.306221198156685,21
Nebraska,2021-05-01,3542.0,21.0,13.0,31,31,5,41.06418080842873,False,warm,E2020,1934408,10.856034507715021,1831.0511536346003,0.005928853754940711,16.10322580645161,35.306221198156685,21
Nebraska,2021-06-01,1120.0,23.0,12.0,30,30,6,41.06418080842873,False,warm,E2020,1934408,11.889942556068833,578.9885070781345,0.020535714285714286,24.736666666666668,35.306221198156685,21
Nebraska,2021-07-01,3962.0,22.0,19.0,31,31,7,41.06418080842873,False,warm,E2020,1934408,11.372988531891927,2048.171843788901,0.005552751135790005,25.287096774193547,35.306221198156685,21
Nebraska,2021-08-01,15804.0,77.0,42.0,31,31,8,41.06418080842873,False,warm,E2020,1934408,39.80545986162175,8169.941398091819,0.0048721842571500884,25.225806451612904,35.306221198156685,21
Nebraska,2021-09-01,22195.0,549.0,510.0,30,30,9,41.06418080842873,False,warm,E2021,1934408,283.8077592731213,11473.794566606424,0.02473530074341068,21.416666666666668,35.306221198156685,21
Nebraska,2021-10-01,18317.0,180.0,143.0,31,31,10,41.06418080842873,False,transition,E2021,1934408,93.05172435184305,9469.046860848384,0.009826936725446307,13.890322580645162,35.306221198156685,21
Nebraska,2021-11-01,25062.0,194.0,180.0,30,30,11,41.06418080842873,False,cold,E2021,1934408,100.28908069031972,12955.901753921613,0.007740802809033597,6.65,35.306221198156685,21
Nebraska,2021-12-01,28429.0,267.0,183.0,31,31,12,41.06418080842873,False,cold,E2021,1934408,138.02672445523385,14696.485953325255,0.009391818213795772,2.0129032258064514,35.306221198156685,21
Nebraska,2022-01-01,101069.0,314.0,328.0,31,31,1,41.06418080842873,False,cold,E2021,1934408,162.32356359154844,52248.026269535694,0.003106788431665496,-3.5193548387096776,35.306221198156685,21
Nebraska,2022-02-01,36202.0,164.0,290.0,28,28,2,41.06418080842873,False,cold,E2021,1934408,84.78045996501255,18714.769583252342,0.004530136456549362,-1.8285714285714287,35.306221198156685,21
Nebraska,2022-03-01,2195.0,148.0,188.0,31,31,3,41.06418080842873,False,cold,E2021,1934408,76.50919557818206,1134.7140830683081,0.0674259681093394,4.209677419354839,35.306221198156685,21
Nebraska,2022-04-01,2266.0,46.0,53.0,30,30,4,41.06418080842873,False,transition,E2021,1934408,23.779885112137666,1171.4178187848686,0.02030008826125331,9.726666666666667,35.306221198156685,21
Nebraska,2022-05-01,7115.0,91.0,94.0,31,31,5,41.06418080842873,False,warm,E2021,1934408,47.04281620009843,3678.127882018685,0.012789880534082924,17.151612903225807,35.306221198156685,21
Nebraska,2022-06-01,12952.0,31.0,49.0,30,30,6,41.06418080842873,False,warm,E2021,1934408,16.02557474948408,6695.588521139284,0.002393452748610253,23.48,35.306221198156685,21
Nebraska,2022-07-01,15802.0,82.0,26.0,31,31,7,41.06418080842873,False,warm,E2021,1934408,42.39022998250628,8168.907490043465,0.005189216554866472,25.409677419354836,35.306221198156685,21
Nebraska,2022-08-01,13950.0,45.0,89.0,31,31,8,41.06418080842873,False,warm,E2021,1934408,23.262931087960762,7211.508637267836,0.0032258064516129032,24.961290322580645,35.306221198156685,21
Nebraska,2022-09-01,2438.0,56.0,87.0,30,30,9,41.06418080842873,False,warm,E2022,1934408,28.949425353906726,1260.3339109432964,0.022969647251845776,21.06,35.306221198156685,21
Nebraska,2022-10-01,1390.0,76.0,8.0,31,31,10,41.06418080842873,False,transition,E2022,1934408,39.28850583744484,718.566093605899,0.05467625899280575,13.154838709677419,35.306221198156685,21
Nebraska,2022-11-01,7525.0,53.0,103.0,30,30,11,41.06418080842873,False,cold,E2022,1934408,27.398563281376006,3890.0790319312164,0.007043189368770764,3.533333333333333,35.306221198156685,21
Nebraska,2022-12-01,13953.0,59.0,32.0,31,31,12,41.06418080842873,False,cold,E2022,1934408,30.500287426437442,7213.0594993403665,0.00422848133017989,-3.925806451612903,35.306221198156685,21
Nebraska,2023-01-01,4603.0,93.0,61.0,31,31,1,41.06418080842873,False,cold,E2022,1934408,48.07672424845224,2379.5393732862976,0.020204214642624375,-2.5064516129032257,35.306221198156685,21
Nevada,2020-02-01,0.0,2.0,0.0,29,29,2,36.67590885162251,False,cold,E2019,3080156,0.6493177618276477,0.0,,10.324137931034482,28.825806451612902,21
Nevada,2020-03-01,1114.0,161.0,26.0,31,31,3,36.67590885162251,False,cold,E2019,3080156,52.27007982712564,361.66999333799976,0.144524236983842,13.780645161290321,28.825806451612902,21
Nevada,2020-04-01,3939.0,217.0,217.0,30,30,4,36.67590885162251,False,transition,E2019,3080156,70.45097715829978,1278.8313319195522,0.05509012439705509,20.616666666666667,28.825806451612902,21
Nevada,2020-05-01,3575.0,107.0,174.0,31,31,5,36.67590885162251,False,warm,E2019,3080156,34.73850025777915,1160.6554992669203,0.02993006993006993,28.038709677419355,28.825806451612902,21
Nevada,2020-06-01,9828.0,189.0,90.0,30,30,6,36.67590885162251,False,warm,E2019,3080156,61.36052849271271,3190.7474816210606,0.019230769230769232,31.58,28.825806451612902,21
Nevada,2020-07-01,29632.0,509.0,323.0,31,31,7,36.67590885162251,False,warm,E2019,3080156,165.25137038513634,9620.291959238428,0.017177375809935204,35.690322580645166,28.825806451612902,21
Nevada,2020-08-01,21140.0,346.0,475.0,31,31,8,36.67590885162251,False,warm,E2019,3080156,112.33197279618305,6863.288742518236,0.016367076631977295,35.97741935483871,28.825806451612902,21
Nevada,2020-09-01,10752.0,201.0,295.0,30,30,9,36.67590885162251,False,warm,E2020,3080156,65.2564350636786,3490.732287585434,0.018694196428571428,30.876666666666665,28.825806451612902,21
Nevada,2020-10-01,20781.0,279.0,177.0,31,31,10,36.67590885162251,False,transition,E2020,3080156,90.57982777495685,6746.736204270173,0.013425725422260719,23.799999999999997,28.825806451612902,21
Nevada,2020-11-01,51410.0,774.0,367.0,30,30,11,36.67590885162251,False,cold,E2020,3080156,251.28597382729964,16690.713067779685,0.015055436685469752,14.94,28.825806451612902,21
Nevada,2020-12-01,72560.0,1125.0,978.0,31,31,12,36.67590885162251,False,cold,E2020,3080156,365.24124102805183,23557.24839910706,0.015504410143329659,8.693548387096774,28.825806451612902,21
Nevada,2021-01-01,53577.0,962.0,1148.0,31,31,1,36.67590885162251,False,cold,E2020,3080156,312.32184343909853,17394.248862719942,0.017955465964872987,8.97741935483871,28.825806451612902,21
Nevada,2021-02-01,15446.0,300.0,687.0,28,28,2,36.67590885162251,False,cold,E2020,3080156,97.39766427414715,5014.681074594923,0.019422504208209245,10.953571428571427,28.825806451612902,21
Nevada,2021-03-01,10008.0,216.0,292.0,31,31,3,36.67590885162251,False,cold,E2020,3080156,70.12631827738595,3249.186080185549,0.02158273381294964,14.14516129032258,28.825806451612902,21
Nevada,2021-04-01,11676.0,164.0,215.0,30,30,4,36.67590885162251,False,transition,E2020,3080156,53.24405646986711,3790.717093549807,0.014045906132237067,22.146666666666665,28.825806451612902,21
Nevada,2021-05-01,8310.0,94.0,122.0,31,31,5,36.67590885162251,False,warm,E2020,3080156,30.51793480589944,2697.9153003938764,0.01131167268351384,26.980645161290322,28.825806451612902,21
Nevada,2021-06-01,9964.0,143.0,95.0,30,30,6,36.67590885162251,False,warm,E2020,3080156,46.42621997067681,3234.9010894253406,0.014351665997591329,34.38666666666666,28.825806451612902,21
Nevada,2021-07-01,22689.0,491.0,231.0,31,31,7,36.67590885162251,False,warm,E2020,3080156,159.4075105286875,7366.18534905375,0.02164044250517872,35.561290322580646,28.825806451612902,21
Nevada,2021-08-01,34199.0,638.0,598.0,31,31,8,36.67590885162251,False,warm,E2020,3080156,207.1323660230196,11103.00906837186,0.018655516243165006,34.45483870967742,28.825806451612902,21
Nevada,2021-09-01,30719.0,594.0,640.0,30,30,9,36.67590885162251,False,warm,E2021,3080156,192.84737526281137,9973.196162791755,0.01933656694553859,30.726666666666667,28.825806451612902,21
Nevada,2021-10-01,16897.0,405.0,480.0,31,31,10,36.67590885162251,False,transition,E2021,3080156,131.48684677009865,5485.761110800881,0.02396875184944073,19.37741935483871,28.825806451612902,21
Nevada,2021-11-01,19427.0,421.0,386.0,30,30,11,36.67590885162251,False,cold,E2021,3080156,136.68138886471985,6307.1480795128555,0.021670870438050136,16.446666666666665,28.825806451612902,21
Nevada,2021-12-01,26998.0,397.0,403.0,31,31,12,36.67590885162251,False,cold,E2021,3080156,128.88957572278807,8765.140466911416,0.01470479294762575,9.103225806451613,28.825806451612902,21
Nevada,2022-01-01,172257.0,772.0,531.0,31,31,1,36.67590885162251,False,cold,E2021,3080156,250.636656065472,55924.76484957255,0.004481675635823218,8.493548387096775,28.825806451612902,21
Nevada,2022-02-01,26868.0,442.0,753.0,28,28,2,36.67590885162251,False,cold,E2021,3080156,143.49922536391014,8722.93481239262,0.016450796486526722,11.321428571428571,28.825806451612902,21
Nevada,2022-03-01,29363.0,735.0,388.0,31,31,3,36.67590885162251,False,cold,E2021,3080156,238.62427747166052,9532.958720272609,0.0250315022306985,16.53548387096774,28.825806451612902,21
Nevada,2022-04-01,5546.0,140.0,661.0,30,30,4,36.67590885162251,False,transition,E2021,3080156,45.452243327935335,1800.5581535480671,0.025243418680129824,21.553333333333335,28.825806451612902,21
Nevada,2022-05-01,16346.0,143.0,120.0,31,31,5,36.67590885162251,False,warm,E2021,3080156,46.42621997067681,5306.874067417364,0.008748317631224764,26.01290322580645,28.825806451612902,21
Nevada,2022-06-01,38820.0,222.0,167.0,30,30,6,36.67590885162251,False,warm,E2021,3080156,72.07427156286889,12603.257757074642,0.00571870170015456,32.690000000000005,28.825806451612902,21
Nevada,2022-07-01,52659.0,164.0,182.0,31,31,7,36.67590885162251,False,warm,E2021,3080156,53.24405646986711,17096.21201004105,0.0031143774093697184,35.1741935483871,28.825806451612902,21
Nevada,2022-08-01,15339.0,122.0,179.0,31,31,8,36.67590885162251,False,warm,E2021,3080156,39.60838347148651,4979.942574337144,0.007953582371732186,33.519354838709674,28.825806451612902,21
Nevada,2022-09-01,5493.0,69.0,101.0,30,30,9,36.67590885162251,False,warm,E2022,3080156,22.401462783053844,1783.3512328596344,0.012561441835062807,30.986666666666668,28.825806451612902,21
Nevada,2022-10-01,5628.0,56.0,54.0,31,31,10,36.67590885162251,False,transition,E2022,3080156,18.180897331174137,1827.1801817830005,0.009950248756218905,22.506451612903227,28.825806451612902,21
Nevada,2022-11-01,11446.0,105.0,75.0,30,30,11,36.67590885162251,False,cold,E2022,3080156,34.089182495951505,3716.045550939628,0.009173510396645115,10.09,28.825806451612902,21
Nevada,2022-12-01,11712.0,129.0,121.0,31,31,12,36.67590885162251,False,cold,E2022,3080156,41.880995637883274,3802.404813262705,0.011014344262295082,8.541935483870969,28.825806451612902,21
Nevada,2023-01-01,6799.0,69.0,116.0,31,31,1,36.67590885162251,False,cold,E2022,3080156,22.401462783053844,2207.3557313330884,0.010148551257537873,7.151612903225806,28.825806451612902,21
New Hampshire,2020-02-01,0.0,0.0,0.0,29,29,2,42.919692985787975,False,cold,E2019,1359711,0.0,0.0,,-1.303448275862069,29.461290322580645,21
New Hampshire,2020-03-01,357.0,42.0,3.0,31,31,3,42.919692985787975,False,cold,E2019,1359711,30.88891683600412,262.555793106035,,3.903225806451613,29.461290322580645,21
New Hampshire,2020-04-01,1789.0,157.0,69.0,30,30,4,42.919692985787975,False,transition,E2019,1359711,115.46571293458683,1315.720767133604,0.08775852431525992,5.819999999999999,29.461290322580645,21
New Hampshire,2020-05-01,2505.0,140.0,173.0,31,31,5,42.919692985787975,False,warm,E2019,1359711,102.96305612001373,1842.3032541473888,0.05588822355289421,13.36774193548387,29.461290322580645,21
New Hampshire,2020-06-01,1131.0,61.0,126.0,30,30,6,42.919692985787975,False,warm,E2019,1359711,44.8624744522917,831.7944033695395,0.053934571175950484,20.626666666666665,29.461290322580645,21
New Hampshire,2020-07-01,801.0,28.0,44.0,31,31,7,42.919692985787975,False,warm,E2019,1359711,20.59261122400275,589.0957710866501,0.03495630461922597,23.541935483870965,29.461290322580645,21
New Hampshire,2020-08-01,692.0,10.0,17.0,31,31,8,42.919692985787975,False,warm,E2019,1359711,7.35450400857241,508.93167739321075,0.014450867052023121,22.68064516129032,29.461290322580645,21
New Hampshire,2020-09-01,991.0,31.0,7.0,30,30,9,42.919692985787975,False,warm,E2020,1359711,22.79896242657447,728.8313472495258,0.03128153380423814,17.89333333333333,29.461290322580645,21
New Hampshire,2020-10-01,2818.0,39.0,44.0,31,31,10,42.919692985787975,False,transition,E2020,1359711,28.6825656334324,2072.499229615705,0.013839602555003548,11.258064516129032,29.461290322580645,21
New Hampshire,2020-11-01,9949.0,148.0,43.0,30,30,11,42.919692985787975,False,cold,E2020,1359711,108.84665932687166,7316.996038128691,0.014875866921298622,6.989999999999999,29.461290322580645,21
New Hampshire,2020-12-01,23849.0,306.0,233.0,31,31,12,42.919692985787975,False,cold,E2020,1359711,225.04782266231575,17539.75661004434,0.01283072665520567,0.2774193548387097,29.461290322580645,21
New Hampshire,2021-01-01,21067.0,192.0,298.0,31,31,1,42.919692985787975,False,cold,E2020,1359711,141.20647696459028,15493.733594859495,0.009113779845255613,-2.203225806451613,29.461290322580645,21
New Hampshire,2021-02-01,9475.0,63.0,113.0,28,28,2,42.919692985787975,False,cold,E2020,1359711,46.333375254006185,6968.392548122359,0.006649076517150396,-3.5749999999999997,29.461290322580645,21
New Hampshire,2021-03-01,8752.0,56.0,68.0,31,31,3,42.919692985787975,False,cold,E2020,1359711,41.1852224480055,6436.6619083025735,0.006398537477148081,3.1870967741935488,29.461290322580645,21
New Hampshire,2021-04-01,10710.0,68.0,65.0,30,30,4,42.919692985787975,False,transition,E2020,1359711,50.01062725829239,7876.673793181051,0.006349206349206349,8.013333333333334,29.461290322580645,21
New Hampshire,2021-05-01,3840.0,26.0,50.0,31,31,5,42.919692985787975,False,warm,E2020,1359711,19.121710422288267,2824.1295392918055,0.0067708333333333336,14.35483870967742,29.461290322580645,21
New Hampshire,2021-06-01,778.0,17.0,19.0,30,30,6,42.919692985787975,False,warm,E2020,1359711,12.502656814573097,572.1804118669335,0.021850899742930592,22.14,29.461290322580645,21
New Hampshire,2021-07-01,1153.0,13.0,15.0,31,31,7,42.919692985787975,False,warm,E2020,1359711,9.560855211144133,847.9743121883988,0.011274934952298352,20.27741935483871,29.461290322580645,21
New Hampshire,2021-08-01,7032.0,65.0,30.0,31,31,8,42.919692985787975,False,warm,E2020,1359711,47.80427605572066,5171.687218828119,0.009243458475540386,22.60967741935484,29.461290322580645,21
New Hampshire,2021-09-01,12579.0,77.0,64.0,30,30,9,42.919692985787975,False,warm,E2021,1359711,56.629680866007554,9251.230592383234,0.006121313299944352,18.416666666666668,29.461290322580645,21
New Hampshire,2021-10-01,12173.0,123.0,63.0,31,31,10,42.919692985787975,False,transition,E2021,1359711,90.46039930544065,8952.637729635195,0.010104329253265423,13.396774193548387,29.461290322580645,21
New Hampshire,2021-11-01,28803.0,206.0,172.0,30,30,11,42.919692985787975,False,cold,E2021,1359711,151.50278257659164,21183.177895891113,0.0071520327743637814,4.916666666666667,29.461290322580645,21
New Hampshire,2021-12-01,37423.0,267.0,245.0,31,31,12,42.919692985787975,False,cold,E2021,1359711,196.36525702888335,27522.76035128053,0.007134649814285333,1.3580645161290323,29.461290322580645,21
New Hampshire,2022-01-01,78189.0,198.0,248.0,31,31,1,42.919692985787975,False,cold,E2021,1359711,145.61917936973373,57504.13139262681,0.0025323255189348888,-4.983870967741935,29.461290322580645,21
New Hampshire,2022-02-01,21506.0,103.0,168.0,28,28,2,42.919692985787975,False,cold,E2021,1359711,75.75139128829582,15816.596320835824,0.004789361108527852,-1.542857142857143,29.461290322580645,21
New Hampshire,2022-03-01,4179.0,36.0,75.0,31,31,3,42.919692985787975,False,cold,E2021,1359711,26.476214430860676,3073.44722518241,0.008614501076812634,2.9741935483870967,29.461290322580645,21
New Hampshire,2022-04-01,7441.0,43.0,28.0,30,30,4,42.919692985787975,False,transition,E2021,1359711,31.624367236861364,5472.48643277873,0.005778793172960623,8.156666666666666,29.461290322580645,21
New Hampshire,2022-05-01,15587.0,57.0,57.0,31,31,5,42.919692985787975,False,warm,E2021,1359711,41.920672848862736,11463.465398161816,0.003656893565150446,15.077419354838709,29.461290322580645,21
New Hampshire,2022-06-01,6551.0,46.0,48.0,30,30,6,42.919692985787975,False,warm,E2021,1359711,33.830718439433085,4817.935576015786,0.007021828728438407,18.973333333333336,29.461290322580645,21
New Hampshire,2022-07-01,6183.0,29.0,42.0,31,31,7,42.919692985787975,False,warm,E2021,1359711,21.328061624859988,4547.289828500321,0.004690279799450105,24.47741935483871,29.461290322580645,21
New Hampshire,2022-08-01,6083.0,41.0,35.0,31,31,8,42.919692985787975,False,warm,E2021,1359711,30.153466435146882,4473.744788414597,0.006740095347690284,23.69677419354839,29.461290322580645,21
New Hampshire,2022-09-01,5967.0,43.0,43.0,30,30,9,42.919692985787975,False,warm,E2022,1359711,31.624367236861364,4388.432541915157,0.007206301323948383,16.813333333333333,29.461290322580645,21
New Hampshire,2022-10-01,6856.0,70.0,46.0,31,31,10,42.919692985787975,False,transition,E2022,1359711,51.481528060006866,5042.247948277244,0.010210035005834306,11.667741935483871,29.461290322580645,21
New Hampshire,2022-11-01,4161.0,46.0,65.0,30,30,11,42.919692985787975,False,cold,E2022,1359711,33.830718439433085,3060.2091179669796,0.011055034847392453,7.583333333333333,29.461290322580645,21
New Hampshire,2022-12-01,6172.0,73.0,40.0,31,31,12,42.919692985787975,False,cold,E2022,1359711,53.68787926257859,4539.199874090891,0.011827608554763449,0.8129032258064517,29.461290322580645,21
New Hampshire,2023-01-01,5504.0,53.0,86.0,31,31,1,42.919692985787975,False,cold,E2022,1359711,38.97887124543377,4047.9190063182546,0.009629360465116279,0.7903225806451613,29.461290322580645,21
New Jersey,2020-02-01,0.0,22.0,0.0,29,29,2,40.418263788370275,False,cold,E2019,8882190,2.4768666286129886,0.0,,3.682758620689655,27.893548387096775,21
New Jersey,2020-03-01,18696.0,5952.0,366.0,31,31,3,40.418263788370275,False,cold,E2019,8882190,670.1050078865685,2104.8862949340196,0.31835686777920413,7.761290322580645,27.893548387096775,21
New Jersey,2020-04-01,99956.0,6649.0,8371.0,30,30,4,40.418263788370275,False,transition,E2019,8882190,748.5766460748982,11253.530942256359,0.06651926847813038,9.146666666666667,27.893548387096775,21
New Jersey,2020-05-01,42108.0,2179.0,4781.0,31,31,5,40.418263788370275,False,warm,E2019,8882190,245.322381079441,4740.72272716526,0.05174788638738482,14.696774193548386,27.893548387096775,21
New Jersey,2020-06-01,11873.0,905.0,1517.0,30,30,6,40.418263788370275,False,warm,E2019,8882190,101.88928631339793,1336.7198855237277,0.07622336393497853,22.153333333333332,27.893548387096775,21
New Jersey,2020-07-01,11320.0,207.0,784.0,31,31,7,40.418263788370275,False,warm,E2019,8882190,23.305063278313117,1274.4604652681378,0.018286219081272086,26.370967741935484,27.893548387096775,21
New Jersey,2020-08-01,11547.0,155.0,126.0,31,31,8,40.418263788370275,False,warm,E2019,8882190,17.450651247046054,1300.0172254815536,0.013423400017320517,24.229032258064517,27.893548387096775,21
New Jersey,2020-09-01,15161.0,176.0,177.0,30,30,9,40.418263788370275,False,warm,E2020,8882190,19.81493302890391,1706.8988616546144,0.011608732933183827,19.970000000000002,27.893548387096775,21
New Jersey,2020-10-01,39429.0,501.0,228.0,31,31,10,40.418263788370275,False,transition,E2020,8882190,56.405008224323055,4439.107922708251,0.012706383626264932,14.438709677419356,27.893548387096775,21
New Jersey,2020-11-01,117996.0,1477.0,643.0,30,30,11,40.418263788370275,False,cold,E2020,8882190,166.28781865733563,13284.561577719009,0.012517373470287129,10.013333333333332,27.893548387096775,21
New Jersey,2020-12-01,160941.0,2537.0,2049.0,31,31,12,40.418263788370275,False,cold,E2020,8882190,285.6277562177796,18119.517821618316,0.01576354067639694,2.774193548387097,27.893548387096775,21
New Jersey,2021-01-01,167802.0,2098.0,2442.0,31,31,1,40.418263788370275,False,cold,E2020,8882190,236.203008492275,18891.962455205303,0.012502830717154741,0.8548387096774194,27.893548387096775,21
New Jersey,2021-02-01,92527.0,1316.0,1768.0,28,28,2,40.418263788370275,False,cold,E2020,8882190,148.16165832975875,10417.138115712454,0.014222875484993569,-0.27499999999999997,27.893548387096775,21
New Jersey,2021-03-01,119460.0,1097.0,1309.0,31,31,3,40.418263788370275,False,cold,E2020,8882190,123.50557689038402,13449.385793368527,0.009182990122216642,6.516129032258065,27.893548387096775,21
New Jersey,2021-04-01,88407.0,799.0,993.0,30,30,4,40.418263788370275,False,transition,E2020,8882190,89.95529255735353,9953.288547081294,0.009037745879851143,11.17,27.893548387096775,21
New Jersey,2021-05-01,19109.0,307.0,658.0,31,31,5,40.418263788370275,False,warm,E2020,8882190,34.5635479538267,2151.383836643891,0.01606572819090481,16.39032258064516,27.893548387096775,21
New Jersey,2021-06-01,7063.0,185.0,245.0,30,30,6,40.418263788370275,False,warm,E2020,8882190,20.82819664970013,795.1867726315244,0.026192835905422623,22.720000000000002,27.893548387096775,21
New Jersey,2021-07-01,15958.0,188.0,145.0,31,31,7,40.418263788370275,False,warm,E2020,8882190,21.165951189965536,1796.6289845184576,0.011780924927935832,24.425806451612903,27.893548387096775,21
New Jersey,2021-08-01,52613.0,490.0,280.0,31,31,8,40.418263788370275,False,warm,E2020,8882190,55.166574910016564,5923.426542327962,0.009313287590519453,24.664516129032258,27.893548387096775,21
New Jersey,2021-09-01,62604.0,565.0,545.0,30,30,9,40.418263788370275,False,warm,E2021,8882190,63.610438416651746,7048.261746258524,0.009024982429237749,20.953333333333333,27.893548387096775,21
New Jersey,2021-10-01,44347.0,449.0,545.0,31,31,10,40.418263788370275,False,transition,E2021,8882190,50.550596193055995,4992.800199050009,0.01012469840124473,16.761290322580646,27.893548387096775,21
New Jersey,2021-11-01,53788.0,508.0,418.0,30,30,11,40.418263788370275,False,cold,E2021,8882190,57.193102151609004,6055.713737265247,0.009444485758905332,7.08,27.893548387096775,21
New Jersey,2021-12-01,311548.0,1856.0,647.0,31,31,12,40.418263788370275,False,cold,E2021,8882190,208.9574755775321,35075.58383686906,0.005957348466367944,5.82258064516129,27.893548387096775,21
New Jersey,2022-01-01,547603.0,2093.0,2405.0,31,31,1,40.418263788370275,False,cold,E2021,8882190,235.64008425849931,61651.79983765265,0.0038221120044996102,-1.5225806451612904,27.893548387096775,21
New Jersey,2022-02-01,55659.0,467.0,1473.0,28,28,2,40.418263788370275,False,cold,E2021,8882190,52.577123434648435,6266.359985544105,0.008390377117806644,2.2964285714285713,27.893548387096775,21
New Jersey,2022-03-01,32292.0,185.0,317.0,31,31,3,40.418263788370275,False,cold,E2021,8882190,20.82819664970013,3635.5898714168466,0.005728973120277468,6.735483870967743,27.893548387096775,21
New Jersey,2022-04-01,61887.0,247.0,197.0,30,30,4,40.418263788370275,False,transition,E2021,8882190,27.808457148518553,6967.538411135091,0.003991145151647358,10.473333333333333,27.893548387096775,21
New Jersey,2022-05-01,132901.0,339.0,273.0,31,31,5,40.418263788370275,False,warm,E2021,8882190,38.16626304999105,14962.638718604308,0.002550770874560763,16.9,27.893548387096775,21
New Jersey,2022-06-01,94156.0,247.0,347.0,30,30,6,40.418263788370275,False,warm,E2021,8882190,27.808457148518553,10600.53883107657,0.0026233060028038576,21.796666666666667,27.893548387096775,21
New Jersey,2022-07-01,108924.0,265.0,217.0,31,31,7,40.418263788370275,False,warm,E2021,8882190,29.834984390110996,12263.191847956416,0.002432888986816496,26.358064516129033,27.893548387096775,21
New Jersey,2022-08-01,79257.0,233.0,296.0,31,31,8,40.418263788370275,False,warm,E2021,8882190,26.23226929394665,8923.137199271801,0.002939803424303216,25.60967741935484,27.893548387096775,21
New Jersey,2022-09-01,63972.0,164.0,182.0,30,30,9,40.418263788370275,False,warm,E2022,8882190,18.463914867842277,7202.27781661955,0.002563621584443194,20.21333333333333,27.893548387096775,21
New Jersey,2022-10-01,56925.0,192.0,161.0,31,31,10,40.418263788370275,False,transition,E2022,8882190,21.61629057698608,6408.892401536108,0.003372859025032938,12.980645161290322,27.893548387096775,21
New Jersey,2022-11-01,50780.0,337.0,224.0,30,30,11,40.418263788370275,False,cold,E2022,8882190,37.94109335648078,5717.058518225798,0.006636471051595116,9.41,27.893548387096775,21
New Jersey,2022-12-01,78225.0,338.0,381.0,31,31,12,40.418263788370275,False,cold,E2022,8882190,38.05367820323591,8806.949637420501,0.004320869287312241,2.396774193548387,27.893548387096775,21
New Jersey,2023-01-01,75649.0,206.0,284.0,31,31,1,40.418263788370275,False,cold,E2022,8882190,23.192478431557983,8516.931072179272,0.002723102750862536,5.316129032258065,27.893548387096775,21
New Mexico,2020-02-01,0.0,0.0,0.0,29,29,2,34.22559203172522,False,cold,E2019,2096829,0.0,0.0,,3.7482758620689656,24.07016129032258,21
New Mexico,2020-03-01,315.0,58.0,4.0,31,31,3,34.22559203172522,False,cold,E2019,2096829,27.66081545037769,150.22684253222366,,9.761290322580646,24.07016129032258,21
New Mexico,2020-04-01,3096.0,236.0,119.0,30,30,4,34.22559203172522,False,transition,E2019,2096829,112.5509042463644,1476.5152523167126,0.07622739018087855,13.876666666666667,24.07016129032258,21
New Mexico,2020-05-01,4278.0,175.0,233.0,31,31,5,34.22559203172522,False,warm,E2019,2096829,83.45935696234648,2040.2235947709612,0.040906965871902755,20.641935483870967,24.07016129032258,21
New Mexico,2020-06-01,4458.0,119.0,141.0,30,30,6,34.22559203172522,False,warm,E2019,2096829,56.752362734395604,2126.0675047893747,0.026693584567070435,23.913333333333334,24.07016129032258,21
New Mexico,2020-07-01,8453.0,151.0,145.0,31,31,7,34.22559203172522,False,warm,E2019,2096829,72.01350229322468,4031.3253965869417,0.017863480421152253,26.138709677419353,24.07016129032258,21
New Mexico,2020-08-01,4752.0,112.0,137.0,31,31,8,34.22559203172522,False,warm,E2019,2096829,53.413988455901745,2266.279224486117,0.02356902356902357,26.24516129032258,24.07016129032258,21
New Mexico,2020-09-01,4083.0,99.0,98.0,30,30,9,34.22559203172522,False,warm,E2020,2096829,47.21415051012743,1947.2260255843466,0.024246877296105803,19.216666666666665,24.07016129032258,21
New Mexico,2020-10-01,17055.0,400.0,141.0,31,31,10,34.22559203172522,False,transition,E2020,2096829,190.76424448536338,8133.710474244681,0.023453532688361183,15.096774193548388,24.07016129032258,21
New Mexico,2020-11-01,50605.0,830.0,550.0,30,30,11,34.22559203172522,False,cold,E2020,2096829,395.835807307129,24134.061480454533,0.016401541349669004,9.55,24.07016129032258,21
New Mexico,2020-12-01,45769.0,864.0,909.0,31,31,12,34.22559203172522,False,cold,E2020,2096829,412.05076808838487,21827.72176462649,0.018877406104568596,3.106451612903226,24.07016129032258,21
New Mexico,2021-01-01,31200.0,580.0,806.0,31,31,1,34.22559203172522,False,cold,E2020,2096829,276.6081545037769,14879.611069858343,0.01858974358974359,3.0612903225806454,24.07016129032258,21
New Mexico,2021-02-01,11068.0,265.0,433.0,28,28,2,34.22559203172522,False,cold,E2020,2096829,126.38131197155323,5278.446644910005,0.023942898445970365,3.2178571428571425,24.07016129032258,21
New Mexico,2021-03-01,6520.0,131.0,221.0,31,31,3,34.22559203172522,False,cold,E2020,2096829,62.475290068956504,3109.457185111423,0.0200920245398773,8.029032258064516,24.07016129032258,21
New Mexico,2021-04-01,6081.0,111.0,130.0,30,30,4,34.22559203172522,False,transition,E2020,2096829,52.93707784468834,2900.093426788737,0.018253576714356193,12.253333333333332,24.07016129032258,21
New Mexico,2021-05-01,5088.0,195.0,196.0,31,31,5,34.22559203172522,False,warm,E2020,2096829,92.99756918661464,2426.5211898538223,0.038325471698113206,17.738709677419354,24.07016129032258,21
New Mexico,2021-06-01,2721.0,66.0,77.0,30,30,6,34.22559203172522,False,warm,E2020,2096829,31.476100340084958,1297.6737731116843,0.024255788313120176,23.61,24.07016129032258,21
New Mexico,2021-07-01,4874.0,80.0,70.0,31,31,7,34.22559203172522,False,warm,E2020,2096829,38.15284889707267,2324.462319054153,0.016413623307345096,21.593548387096774,24.07016129032258,21
New Mexico,2021-08-01,22198.0,228.0,108.0,31,31,8,34.22559203172522,False,warm,E2020,2096829,108.73561935665712,10586.46174771524,0.010271195603207496,21.574193548387097,24.07016129032258,21
New Mexico,2021-09-01,20410.0,273.0,283.0,30,30,9,34.22559203172522,False,warm,E2021,2096829,130.1965968612605,9733.745574865667,0.01337579617834395,20.566666666666666,24.07016129032258,21
New Mexico,2021-10-01,22185.0,290.0,248.0,31,31,10,34.22559203172522,False,transition,E2021,2096829,138.30407725188846,10580.261909769466,0.013071895424836602,14.283870967741937,24.07016129032258,21
New Mexico,2021-11-01,39055.0,399.0,318.0,30,30,11,34.22559203172522,False,cold,E2021,2096829,190.28733387414997,18625.743920939665,0.010216361541415952,10.75,24.07016129032258,21
New Mexico,2021-12-01,35779.0,596.0,488.0,31,31,12,34.22559203172522,False,cold,E2021,2096829,284.2387242831914,17063.38475860454,0.016657816037340338,7.583870967741936,24.07016129032258,21
New Mexico,2022-01-01,130044.0,536.0,599.0,31,31,1,34.22559203172522,False,cold,E2021,2096829,255.6240876103869,62019.36352463649,0.004121681892282612,3.6903225806451614,24.07016129032258,21
New Mexico,2022-02-01,31347.0,363.0,465.0,28,28,2,34.22559203172522,False,cold,E2021,2096829,173.11855187046726,14949.716929706714,0.011580055507704086,2.175,24.07016129032258,21
New Mexico,2022-03-01,6424.0,279.0,355.0,31,31,3,34.22559203172522,False,cold,E2021,2096829,133.05806052854095,3063.6737664349357,0.04343088418430884,8.296774193548387,24.07016129032258,21
New Mexico,2022-04-01,4471.0,239.0,225.0,30,30,4,34.22559203172522,False,transition,E2021,2096829,113.98163608000462,2132.267342735149,0.05345560277342876,15.146666666666667,24.07016129032258,21
New Mexico,2022-05-01,13688.0,208.0,292.0,31,31,5,34.22559203172522,False,warm,E2021,2096829,99.19740713238896,6527.952446289135,0.015195791934541203,20.322580645161292,24.07016129032258,21
New Mexico,2022-06-01,27831.0,289.0,150.0,30,30,6,34.22559203172522,False,warm,E2021,2096829,137.82716664067505,13272.89922068037,0.010384104056627501,22.793333333333333,24.07016129032258,21
New Mexico,2022-07-01,27193.0,175.0,305.0,31,31,7,34.22559203172522,False,warm,E2021,2096829,83.45935696234648,12968.630250726215,0.006435479719045342,25.364516129032257,24.07016129032258,21
New Mexico,2022-08-01,20269.0,187.0,201.0,31,31,8,34.22559203172522,False,warm,E2021,2096829,89.18228429690738,9666.501178684575,0.009225911490453402,21.825806451612905,24.07016129032258,21
New Mexico,2022-09-01,7373.0,86.0,120.0,30,30,9,34.22559203172522,False,warm,E2022,2096829,41.014312564353126,3516.2619364764605,0.011664180116641802,20.303333333333335,24.07016129032258,21
New Mexico,2022-10-01,9560.0,78.0,76.0,31,31,10,34.22559203172522,False,transition,E2022,2096829,37.199027674645855,4559.265443200185,0.008158995815899581,11.993548387096775,24.07016129032258,21
New Mexico,2022-11-01,18323.0,80.0,59.0,30,30,11,34.22559203172522,False,cold,E2022,2096829,38.15284889707267,8738.433129263283,0.004366097254816351,4.753333333333333,24.07016129032258,21
New Mexico,2022-12-01,12490.0,141.0,112.0,31,31,12,34.22559203172522,False,cold,E2022,2096829,67.2443961810906,5956.613534055471,0.011289031224979984,3.693548387096774,24.07016129032258,21
New Mexico,2023-01-01,5782.0,97.0,139.0,31,31,1,34.22559203172522,False,cold,E2022,2096829,46.26032928770062,2757.4971540359275,0.016776202006226218,2.7548387096774194,24.07016129032258,21
New York,2020-02-01,0.0,195.0,0.0,29,29,2,41.33499323866982,False,cold,E2019,19453561,10.023871721994755,0.0,,1.196551724137931,29.30967741935484,21
New York,2020-03-01,75853.0,20079.0,2767.0,31,31,3,41.33499323866982,False,cold,E2019,19453561,1032.1503605432445,3899.1832909152213,0.2647093720749344,5.448387096774193,29.30967741935484,21
New York,2020-04-01,232456.0,9392.0,21667.0,30,30,4,41.33499323866982,False,transition,E2019,19453561,482.79078570756275,11949.277564143655,0.04040334514918952,7.003333333333333,29.30967741935484,21
New York,2020-05-01,65373.0,2027.0,6129.0,31,31,5,41.33499323866982,False,warm,E2019,19453561,104.19686143837625,3360.4644414459644,0.031006684716932065,13.206451612903225,29.30967741935484,21
New York,2020-06-01,22227.0,680.0,1346.0,30,30,6,41.33499323866982,False,warm,E2019,19453561,34.95503985105863,1142.5671628962943,0.030593422414180952,20.846666666666668,29.30967741935484,21
New York,2020-07-01,22235.0,294.0,599.0,31,31,7,41.33499323866982,False,warm,E2019,19453561,15.112914288545937,1142.9783986592481,0.01322239712165505,24.712903225806453,29.30967741935484,21
New York,2020-08-01,19010.0,326.0,283.0,31,31,8,41.33499323866982,False,warm,E2019,19453561,16.757857340360463,977.1989817185655,0.017148869016307206,22.93548387096774,29.30967741935484,21
New York,2020-09-01,24383.0,427.0,367.0,30,30,9,41.33499323866982,False,warm,E2020,19453561,21.94970884765005,1253.395201012298,0.01751220112373375,17.986666666666668,29.30967741935484,21
New York,2020-10-01,50224.0,706.0,401.0,31,31,10,41.33499323866982,False,transition,E2020,19453561,36.291556080657934,2581.738119822895,0.01405702453010513,12.151612903225805,29.30967741935484,21
New York,2020-11-01,144652.0,2263.0,895.0,30,30,11,41.33499323866982,False,cold,E2020,19453561,116.32831644550836,7435.759447846078,0.015644443215441197,7.723333333333333,29.30967741935484,21
New York,2020-12-01,322370.0,5210.0,3345.0,31,31,12,41.33499323866982,False,cold,E2020,19453561,267.81729062355214,16571.259112920252,0.016161553494431866,0.9838709677419355,29.30967741935484,21
New York,2021-01-01,441124.0,5024.0,5651.0,31,31,1,41.33499323866982,False,cold,E2020,19453561,258.2560591348802,22675.745587144687,0.011389087875517996,-1.4870967741935484,29.30967741935484,21
New York,2021-02-01,223960.0,2603.0,3967.0,28,28,2,41.33499323866982,False,cold,E2020,19453561,133.80583637103769,11512.5451838869,0.011622611180567958,-2.932142857142857,29.30967741935484,21
New York,2021-03-01,229271.0,2305.0,2680.0,31,31,3,41.33499323866982,False,cold,E2020,19453561,118.48730420101492,11785.55432601774,0.01005360468615743,4.296774193548386,29.30967741935484,21
New York,2021-04-01,175012.0,1357.0,1958.0,30,30,4,41.33499323866982,False,transition,E2020,19453561,69.75586629100965,8996.399168255108,0.007753754028295203,9.403333333333334,29.30967741935484,21
New York,2021-05-01,54254.0,517.0,1043.0,31,31,5,41.33499323866982,False,warm,E2020,19453561,26.5761111808784,2788.898135410787,0.00952925129944336,14.103225806451613,29.30967741935484,21
New York,2021-06-01,12582.0,176.0,372.0,30,30,6,41.33499323866982,False,warm,E2020,19453561,9.047186784979882,646.7710461853231,0.013988237164202829,20.883333333333333,29.30967741935484,21
New York,2021-07-01,35404.0,431.0,171.0,31,31,7,41.33499323866982,False,warm,E2020,19453561,22.155326729126866,1819.9238689512938,0.01217376567619478,22.112903225806452,29.30967741935484,21
New York,2021-08-01,128200.0,971.0,613.0,31,31,8,41.33499323866982,False,warm,E2020,19453561,49.913740728496954,6590.053101331936,0.007574102964118565,22.990322580645163,29.30967741935484,21
New York,2021-09-01,148093.0,1147.0,1104.0,30,30,9,41.33499323866982,False,warm,E2021,19453561,58.96092751347684,7612.642230386508,0.007745133125806081,18.61,29.30967741935484,21
New York,2021-10-01,132900.0,1060.0,1081.0,31,31,10,41.33499323866982,False,transition,E2021,19453561,54.4887385913561,6831.654112067195,0.007975921745673438,14.37741935483871,29.30967741935484,21
New York,2021-11-01,170012.0,1535.0,1095.0,30,30,11,41.33499323866982,False,cold,E2021,19453561,78.90586201672794,8739.376816409089,0.009028774439451333,4.843333333333334,29.30967741935484,21
New York,2021-12-01,750685.0,4373.0,1974.0,31,31,12,41.33499323866982,False,cold,E2021,19453561,224.79174892452852,38588.564839105806,0.005825346183818779,3.267741935483871,29.30967741935484,21
New York,2022-01-01,1325136.0,3936.0,5338.0,31,31,1,41.33499323866982,False,cold,E2021,19453561,202.32799537318644,68117.91424716533,0.002970261165646394,-4.596774193548387,29.30967741935484,21
New York,2022-02-01,119805.0,788.0,2512.0,28,28,2,41.33499323866982,False,cold,E2021,19453561,40.50672265093265,6158.51257258247,0.006577354868327699,-0.31428571428571445,29.30967741935484,21
New York,2022-03-01,70513.0,386.0,609.0,31,31,3,41.33499323866982,False,cold,E2021,19453561,19.842125562512695,3624.6834191436724,0.005474167883936295,4.290322580645161,29.30967741935484,21
New York,2022-04-01,172388.0,588.0,377.0,30,30,4,41.33499323866982,False,transition,E2021,19453561,30.225828577091875,8861.513838006316,0.0034109102721767174,8.453333333333333,29.30967741935484,21
New York,2022-05-01,269689.0,662.0,645.0,31,31,5,41.33499323866982,False,warm,E2021,19453561,34.02975938441296,13863.220209400222,0.0024546792787247533,15.748387096774193,29.30967741935484,21
New York,2022-06-01,173282.0,615.0,678.0,30,30,6,41.33499323866982,False,warm,E2021,19453561,31.61374927706038,8907.469434516384,0.0035491280109878694,19.706666666666667,29.30967741935484,21
New York,2022-07-01,206851.0,777.0,602.0,31,31,7,41.33499323866982,False,warm,E2021,19453561,39.94127347687141,10633.06610034019,0.003756327017998463,24.712903225806453,29.30967741935484,21
New York,2022-08-01,170440.0,750.0,855.0,31,31,8,41.33499323866982,False,warm,E2021,19453561,38.553352776902905,8761.377929727107,0.004400375498709223,23.967741935483872,29.30967741935484,21
New York,2022-09-01,132929.0,985.0,704.0,30,30,9,41.33499323866982,False,warm,E2022,19453561,50.63340331366581,6833.144841707901,0.007409970736257702,17.663333333333334,29.30967741935484,21
New York,2022-10-01,130850.0,1067.0,1318.0,31,31,10,41.33499323866982,False,transition,E2022,19453561,54.84856988394053,6726.274947810326,0.00815437523882308,11.048387096774194,29.30967741935484,21
New York,2022-11-01,128619.0,1092.0,837.0,30,30,11,41.33499323866982,False,cold,E2022,19453561,56.133681643170625,6611.591574416632,0.00849019196230728,7.296666666666667,29.30967741935484,21
New York,2022-12-01,193222.0,1201.0,1156.0,31,31,12,41.33499323866982,False,cold,E2022,19453561,61.73676891341385,9932.47457367831,0.006215648321619692,0.2806451612903226,29.30967741935484,21
New York,2023-01-01,139953.0,1041.0,1301.0,31,31,1,41.33499323866982,False,cold,E2022,19453561,53.51205365434123,7194.209841581189,0.007438211399541274,3.0258064516129033,29.30967741935484,21
North Carolina,2020-02-01,0.0,0.0,0.0,29,29,2,35.5443369351402,False,cold,E2019,10488084,0.0,0.0,,9.110344827586207,23.012903225806454,21
North Carolina,2020-03-01,1578.0,245.0,12.0,31,31,3,35.5443369351402,False,cold,E2019,10488084,23.359843418492833,150.45646087502732,0.1552598225602028,13.903225806451612,23.012903225806454,21
North Carolina,2020-04-01,9542.0,489.0,394.0,30,30,4,35.5443369351402,False,transition,E2019,10488084,46.62434053731835,909.7943914255454,0.051247118004611195,15.44,23.012903225806454,21
North Carolina,2020-05-01,18394.0,511.0,531.0,31,31,5,35.5443369351402,False,warm,E2019,10488084,48.72195912999934,1753.7998360806416,0.0277807980863325,18.429032258064513,23.012903225806454,21
North Carolina,2020-06-01,37712.0,460.0,443.0,30,30,6,35.5443369351402,False,warm,E2019,10488084,43.859297846966136,3595.699653053885,0.0121977089520577,23.540000000000003,23.012903225806454,21
North Carolina,2020-07-01,58452.0,789.0,562.0,31,31,7,35.5443369351402,False,warm,E2019,10488084,75.22823043751366,5573.181908154053,0.013498254978443851,27.112903225806452,23.012903225806454,21
North Carolina,2020-08-01,47201.0,753.0,760.0,31,31,8,35.5443369351402,False,warm,E2019,10488084,71.79576364949023,4500.440690597063,0.01595305184212199,25.225806451612904,23.012903225806454,21
North Carolina,2020-09-01,37753.0,785.0,830.0,30,30,9,35.5443369351402,False,warm,E2020,10488084,74.84684523884438,3599.6088513402447,0.020793049558975447,21.236666666666668,23.012903225806454,21
North Carolina,2020-10-01,64003.0,973.0,846.0,31,31,10,35.5443369351402,False,transition,E2020,10488084,92.77194957630012,6102.4492176073345,0.015202412386919363,17.748387096774195,23.012903225806454,21
North Carolina,2020-11-01,89877.0,1235.0,883.0,30,30,11,35.5443369351402,False,cold,E2020,10488084,117.75268008913734,8569.439375199512,0.013741001591063342,13.32,23.012903225806454,21
North Carolina,2020-12-01,175033.0,2099.0,1487.0,31,31,12,35.5443369351402,False,cold,E2020,10488084,200.13188300169983,16688.748869669616,0.011992024361120474,6.058064516129033,23.012903225806454,21
North Carolina,2021-01-01,217981.0,2587.0,2587.0,31,31,1,35.5443369351402,False,cold,E2020,10488084,246.66087723935087,20783.68174778158,0.011868006844633247,5.306451612903226,23.012903225806454,21
North Carolina,2021-02-01,101022.0,894.0,1877.0,28,28,2,35.5443369351402,False,cold,E2020,10488084,85.23959190258202,9632.073884991767,0.008849557522123894,5.675,23.012903225806454,21
North Carolina,2021-03-01,55584.0,660.0,900.0,31,31,3,35.5443369351402,False,cold,E2020,10488084,62.92855778042968,5299.728720708186,0.011873920552677029,12.59032258064516,23.012903225806454,21
North Carolina,2021-04-01,55620.0,478.0,539.0,30,30,4,35.5443369351402,False,transition,E2020,10488084,45.57553124097786,5303.16118749621,0.008594030924128011,16.25,23.012903225806454,21
North Carolina,2021-05-01,31402.0,410.0,427.0,31,31,5,35.5443369351402,False,warm,E2020,10488084,39.09198286360025,2994.06450215311,0.013056493216992548,19.76774193548387,23.012903225806454,21
North Carolina,2021-06-01,12535.0,182.0,356.0,30,30,6,35.5443369351402,False,warm,E2020,10488084,17.353026539451818,1195.1658663298272,0.01451934583167132,23.82,23.012903225806454,21
North Carolina,2021-07-01,34387.0,509.0,201.0,31,31,7,35.5443369351402,False,warm,E2020,10488084,48.5312665306647,3278.6732066600534,0.014802105446825836,25.72258064516129,23.012903225806454,21
North Carolina,2021-08-01,165578.0,1752.0,833.0,31,31,8,35.5443369351402,False,warm,E2020,10488084,167.0467170171406,15787.249606315128,0.010581115848723864,25.93548387096774,23.012903225806454,21
North Carolina,2021-09-01,181600.0,1885.0,2056.0,30,30,9,35.5443369351402,False,warm,E2021,10488084,179.72777487289386,17314.888019584894,0.010379955947136563,22.19333333333333,23.012903225806454,21
North Carolina,2021-10-01,82260.0,901.0,1526.0,31,31,10,35.5443369351402,False,transition,E2021,10488084,85.90701600025324,7843.186610633553,0.010953075613907124,18.548387096774192,23.012903225806454,21
North Carolina,2021-11-01,56491.0,586.0,690.0,30,30,11,35.5443369351402,False,cold,E2021,10488084,55.872931605048166,5386.207814506443,0.010373333805384929,9.696666666666665,23.012903225806454,21
North Carolina,2021-12-01,152662.0,1010.0,686.0,31,31,12,35.5443369351402,False,cold,E2021,10488084,96.29976266399086,14555.756799812054,0.006615922757464202,11.14516129032258,23.012903225806454,21
North Carolina,2022-01-01,735132.0,2044.0,1331.0,31,31,1,35.5443369351402,False,cold,E2021,10488084,194.88783651999736,70092.1159670346,0.0027804530342849993,4.1,23.012903225806454,21
North Carolina,2022-02-01,167718.0,841.0,1813.0,28,28,2,35.5443369351402,False,cold,E2021,10488084,80.18623802021418,15991.290687603188,0.005014369358089173,8.253571428571428,23.012903225806454,21
North Carolina,2022-03-01,39845.0,285.0,637.0,31,31,3,35.5443369351402,False,cold,E2021,10488084,27.17369540518554,3799.073310244273,0.007152716777512862,12.564516129032258,23.012903225806454,21
North Carolina,2022-04-01,29893.0,1264.0,198.0,30,30,4,35.5443369351402,False,transition,E2021,10488084,120.51772277948956,2850.186935955128,0.04228414679021845,16.01,23.012903225806454,21
North Carolina,2022-05-01,85680.0,513.0,1239.0,31,31,5,35.5443369351402,False,warm,E2021,10488084,48.91265172933397,8169.27095549578,0.005987394957983194,20.948387096774194,23.012903225806454,21
North Carolina,2022-06-01,122283.0,295.0,565.0,30,30,6,35.5443369351402,False,warm,E2021,10488084,28.12715840185872,11659.231562218609,0.0024124367246469254,24.716666666666665,23.012903225806454,21
North Carolina,2022-07-01,115912.0,325.0,274.0,31,31,7,35.5443369351402,False,warm,E2021,10488084,30.98754739187825,11051.780287038127,0.002803851197460142,26.383870967741935,23.012903225806454,21
North Carolina,2022-08-01,137692.0,698.0,852.0,31,31,8,35.5443369351402,False,warm,E2021,10488084,66.55171716778774,13128.422693792307,0.005069285071028092,24.79032258064516,23.012903225806454,21
North Carolina,2022-09-01,78044.0,427.0,190.0,30,30,9,35.5443369351402,False,warm,E2022,10488084,40.712869957944655,7441.206611236142,0.005471272615447696,21.92,23.012903225806454,21
North Carolina,2022-10-01,38574.0,420.0,428.0,31,31,10,35.5443369351402,False,transition,E2022,10488084,40.04544586027343,3677.8881633671126,0.010888163011354798,14.880645161290323,23.012903225806454,21
North Carolina,2022-11-01,37903.0,324.0,418.0,30,30,11,35.5443369351402,False,cold,E2022,10488084,30.892201092210932,3613.9107962903427,0.008548136031448697,12.353333333333333,23.012903225806454,21
North Carolina,2022-12-01,41471.0,338.0,258.0,31,31,12,35.5443369351402,False,cold,E2022,10488084,32.22704928755338,3954.106393503332,0.00815027368522582,5.790322580645161,23.012903225806454,21
North Carolina,2023-01-01,95728.0,327.0,411.0,31,31,1,35.5443369351402,False,cold,E2022,10488084,31.178239991212884,9127.310574552988,0.0034159284639812804,8.748387096774193,23.012903225806454,21
North Dakota,2020-02-01,0.0,0.0,0.0,29,29,2,47.365995809785694,False,cold,E2019,762062,0.0,0.0,,-8.924137931034483,37.75691244239631,21
North Dakota,2020-03-01,122.0,13.0,3.0,31,31,3,47.365995809785694,False,cold,E2019,762062,17.058979453115363,160.09196102154417,,-2.2548387096774194,37.75691244239631,21
North Dakota,2020-04-01,986.0,38.0,16.0,30,30,4,47.365995809785694,False,transition,E2019,762062,49.86470917064491,1293.8579800593652,0.038539553752535496,3.0566666666666666,37.75691244239631,21
North Dakota,2020-05-01,1519.0,26.0,42.0,31,31,5,47.365995809785694,False,warm,E2019,762062,34.117958906230726,1993.2761376370952,0.017116524028966424,11.174193548387096,37.75691244239631,21
North Dakota,2020-06-01,990.0,17.0,18.0,30,30,6,47.365995809785694,False,warm,E2019,762062,22.30789620792009,1299.1068968141699,0.01717171717171717,20.09333333333333,37.75691244239631,21
North Dakota,2020-07-01,2975.0,38.0,24.0,31,31,7,47.365995809785694,False,warm,E2019,762062,49.86470917064491,3903.881836386016,0.012773109243697478,21.56451612903226,37.75691244239631,21
North Dakota,2020-08-01,5386.0,61.0,40.0,31,31,8,47.365995809785694,False,warm,E2019,762062,80.04598051077208,7067.6664103445655,0.011325659116227255,20.738709677419354,37.75691244239631,21
North Dakota,2020-09-01,10168.0,229.0,103.0,30,30,9,47.365995809785694,False,warm,E2020,762062,300.50048421257065,13342.746390713617,0.022521636506687648,14.556666666666667,37.75691244239631,21
North Dakota,2020-10-01,23106.0,418.0,278.0,31,31,10,47.365995809785694,False,transition,E2020,762062,548.511800877094,30320.367634129507,0.018090539253873453,4.161290322580645,37.75691244239631,21
North Dakota,2020-11-01,35503.0,393.0,409.0,30,30,11,47.365995809785694,False,cold,E2020,762062,515.7060711595644,46588.07288645806,0.0110694870855984,0.67,37.75691244239631,21
North Dakota,2020-12-01,11336.0,189.0,366.0,31,31,12,47.365995809785694,False,cold,E2020,762062,248.01131666452335,14875.430083116597,0.01667254763585039,-4.016129032258065,37.75691244239631,21
North Dakota,2021-01-01,4989.0,46.0,148.0,31,31,1,47.365995809785694,False,cold,E2020,762062,60.362542680254364,6546.711422430196,0.009220284626177591,-5.025806451612904,37.75691244239631,21
North Dakota,2021-02-01,2550.0,24.0,28.0,28,28,2,47.365995809785694,False,cold,E2020,762062,31.493500528828363,3346.1844311880136,0.009411764705882352,-13.132142857142856,37.75691244239631,21
North Dakota,2021-03-01,3464.0,23.0,22.0,31,31,3,47.365995809785694,False,cold,E2020,762062,30.181271340127182,4545.561909660893,0.0066397228637413395,1.9870967741935484,37.75691244239631,21
North Dakota,2021-04-01,4332.0,22.0,26.0,30,30,4,47.365995809785694,False,transition,E2020,762062,28.869042151426,5684.576845453519,0.0050784856879039705,4.67,37.75691244239631,21
North Dakota,2021-05-01,2309.0,17.0,20.0,31,31,5,47.365995809785694,False,warm,E2020,762062,22.30789620792009,3029.9371967110287,0.0073624945864010395,12.112903225806452,37.75691244239631,21
North Dakota,2021-06-01,764.0,15.0,16.0,30,30,6,47.365995809785694,False,warm,E2020,762062,19.683437830517725,1002.5431001677028,0.01963350785340314,21.163333333333334,37.75691244239631,21
North Dakota,2021-07-01,963.0,13.0,11.0,31,31,7,47.365995809785694,False,warm,E2020,762062,17.058979453115363,1263.6767087192381,0.013499480789200415,23.43548387096774,37.75691244239631,21
North Dakota,2021-08-01,6258.0,44.0,22.0,31,31,8,47.365995809785694,False,warm,E2020,762062,57.738084302852,8211.930262891996,0.007031000319590924,21.274193548387096,37.75691244239631,21
North Dakota,2021-09-01,14828.0,111.0,53.0,30,30,9,47.365995809785694,False,warm,E2021,762062,145.6574399458312,19457.734410061123,0.0074858376045319665,17.89,37.75691244239631,21
North Dakota,2021-10-01,15745.0,152.0,153.0,31,31,10,47.365995809785694,False,transition,E2021,762062,199.45883668257963,20661.048576100107,0.00965385836773579,9.64516129032258,37.75691244239631,21
North Dakota,2021-11-01,14437.0,144.0,132.0,30,30,11,47.365995809785694,False,cold,E2021,762062,188.96100317297018,18944.652797278963,0.009974371406801966,0.5766666666666667,37.75691244239631,21
North Dakota,2021-12-01,11629.0,81.0,127.0,31,31,12,47.365995809785694,False,cold,E2021,762062,106.29056428479572,15259.913235406044,0.006965345257545791,-10.067741935483872,37.75691244239631,21
North Dakota,2022-01-01,51294.0,80.0,83.0,31,31,1,47.365995809785694,False,cold,E2021,762062,104.97833509609454,67309.48400523842,0.0015596366046711117,-14.064516129032258,37.75691244239631,21
North Dakota,2022-02-01,12271.0,38.0,54.0,28,28,2,47.365995809785694,False,cold,E2021,762062,49.86470917064491,16102.364374552202,0.003096732132670524,-14.321428571428571,37.75691244239631,21
North Dakota,2022-03-01,1681.0,0.0,38.0,31,31,3,47.365995809785694,False,cold,E2021,762062,0.0,2205.8572662066867,0.0,-4.064516129032258,37.75691244239631,21
North Dakota,2022-04-01,1372.0,0.0,0.0,30,30,4,47.365995809785694,False,transition,E2021,762062,0.0,1800.3784468980214,0.0,-0.18999999999999995,37.75691244239631,21
North Dakota,2022-05-01,3770.0,0.0,0.0,31,31,5,47.365995809785694,False,warm,E2021,762062,0.0,4947.104041403455,0.0,11.351612903225806,37.75691244239631,21
North Dakota,2022-06-01,5508.0,0.0,0.0,30,30,6,47.365995809785694,False,warm,E2021,762062,0.0,7227.75837136611,0.0,18.083333333333332,37.75691244239631,21
North Dakota,2022-07-01,7553.0,0.0,0.0,31,31,7,47.365995809785694,False,warm,E2021,762062,0.0,9911.267062260025,0.0,21.116129032258065,37.75691244239631,21
North Dakota,2022-08-01,7259.0,0.0,0.0,31,31,8,47.365995809785694,False,warm,E2021,762062,0.0,9525.471680781879,0.0,20.496774193548386,37.75691244239631,21
North Dakota,2022-09-01,4480.0,0.0,0.0,30,30,9,47.365995809785694,False,warm,E2022,762062,0.0,5878.786765381295,0.0,16.43,37.75691244239631,21
North Dakota,2022-10-01,3658.0,0.0,0.0,31,31,10,47.365995809785694,False,transition,E2022,762062,0.0,4800.134372268923,0.0,7.970967741935484,37.75691244239631,21
North Dakota,2022-11-01,3975.0,182.0,0.0,30,30,11,47.365995809785694,False,cold,E2022,762062,238.8257123436151,5216.111025087198,0.04578616352201258,-4.796666666666667,37.75691244239631,21
North Dakota,2022-12-01,3617.0,28.0,195.0,31,31,12,47.365995809785694,False,cold,E2022,762062,36.74241728363309,4746.332975532175,0.007741222007188278,-14.303225806451612,37.75691244239631,21
North Dakota,2023-01-01,2784.0,17.0,18.0,31,31,1,47.365995809785694,False,cold,E2022,762062,22.30789620792009,3653.2460613440903,0.00610632183908046,-10.251612903225807,37.75691244239631,21
Ohio,2020-02-01,0.0,8.0,0.0,29,29,2,40.39834667583883,False,cold,E2019,11689100,0.6843982855822947,0.0,,-0.16896551724137926,29.151958525345623,21
Ohio,2020-03-01,2199.0,690.0,90.0,31,31,3,40.39834667583883,False,cold,E2019,11689100,59.02935213147291,188.12397874943323,0.31377899045020463,6.67741935483871,29.151958525345623,21
Ohio,2020-04-01,15828.0,1161.0,992.0,30,30,4,40.39834667583883,False,transition,E2019,11689100,99.32330119513051,1354.0820080245699,0.07335102350265353,8.02,29.151958525345623,21
Ohio,2020-05-01,17486.0,628.0,1051.0,31,31,5,40.39834667583883,False,warm,E2019,11689100,53.72526541821013,1495.9235527115004,0.0359144458423882,13.980645161290322,29.151958525345623,21
Ohio,2020-06-01,16276.0,455.0,467.0,30,30,6,40.39834667583883,False,warm,E2019,11689100,38.925152492493005,1392.4083120171783,0.027955271565495207,20.933333333333334,29.151958525345623,21
Ohio,2020-07-01,39370.0,732.0,608.0,31,31,7,40.39834667583883,False,warm,E2019,11689100,62.622443130779956,3368.0950629218673,0.018592837185674373,24.448387096774194,29.151958525345623,21
Ohio,2020-08-01,31996.0,627.0,704.0,31,31,8,40.39834667583883,False,warm,E2019,11689100,53.63971563251234,2737.2509431863873,0.019596199524940617,22.05483870967742,29.151958525345623,21
Ohio,2020-09-01,30832.0,652.0,558.0,30,30,9,40.39834667583883,False,warm,E2020,11689100,55.77846027495701,2637.6709926341637,0.02114686040477426,18.55,29.151958525345623,21
Ohio,2020-10-01,61710.0,1915.0,854.0,31,31,10,40.39834667583883,False,transition,E2020,11689100,163.82783961126177,5279.277275410425,0.031032247609787716,11.683870967741935,29.151958525345623,21
Ohio,2020-11-01,205366.0,5097.0,2759.0,30,30,11,40.39834667583883,False,cold,E2020,11689100,436.04725770161946,17569.01728961169,0.02481910345432058,7.566666666666666,29.151958525345623,21
Ohio,2020-12-01,279317.0,4439.0,5537.0,31,31,12,40.39834667583883,False,cold,E2020,11689100,379.75549871247574,23895.509491748722,0.01589233738010934,0.14838709677419357,29.151958525345623,21
Ohio,2021-01-01,195412.0,2070.0,3704.0,31,31,1,40.39834667583883,False,cold,E2020,11689100,177.08805639441874,16717.45472277592,0.01059300350029681,-1.2193548387096773,29.151958525345623,21
Ohio,2021-02-01,71630.0,677.0,1366.0,28,28,2,40.39834667583883,False,cold,E2020,11689100,57.91720491740168,6127.93114953247,0.009451347200893481,-4.703571428571428,29.151958525345623,21
Ohio,2021-03-01,50144.0,518.0,600.0,31,31,3,40.39834667583883,False,cold,E2020,11689100,44.314788991453575,4289.808454029822,0.010330248883216337,6.683870967741935,29.151958525345623,21
Ohio,2021-04-01,54746.0,504.0,555.0,30,30,4,40.39834667583883,False,transition,E2020,11689100,43.11709199168456,4683.508567811037,0.009206152047638184,10.24,29.151958525345623,21
Ohio,2021-05-01,29622.0,325.0,460.0,31,31,5,40.39834667583883,False,warm,E2020,11689100,27.80368035178072,2534.1557519398416,0.010971575180609006,14.916129032258064,29.151958525345623,21
Ohio,2021-06-01,9390.0,147.0,235.0,30,30,6,40.39834667583883,False,warm,E2020,11689100,12.575818497574664,803.3124877022183,0.015654952076677317,21.68,29.151958525345623,21
Ohio,2021-07-01,17953.0,439.0,165.0,31,31,7,40.39834667583883,False,warm,E2020,11689100,37.55635592132842,1535.8753026323668,0.0244527377040049,22.32903225806452,29.151958525345623,21
Ohio,2021-08-01,91623.0,1765.0,736.0,31,31,8,40.39834667583883,False,warm,E2020,11689100,150.99537175659376,7838.328014988322,0.019263721991203082,23.274193548387096,29.151958525345623,21
Ohio,2021-09-01,193072.0,2541.0,2174.0,30,30,9,40.39834667583883,False,warm,E2021,11689100,217.38200545807632,16517.268224243096,0.013160893345487694,19.39333333333333,29.151958525345623,21
Ohio,2021-10-01,131355.0,1987.0,2484.0,31,31,10,40.39834667583883,False,transition,E2021,11689100,169.98742418150243,11237.392100332789,0.01512694606219786,15.47741935483871,29.151958525345623,21
Ohio,2021-11-01,144890.0,3228.0,2041.0,30,30,11,40.39834667583883,False,cold,E2021,11689100,276.1547082324559,12395.308449752334,0.022278970253295602,4.343333333333334,29.151958525345623,21
Ohio,2021-12-01,325865.0,4461.0,3757.0,31,31,12,40.39834667583883,False,cold,E2021,11689100,381.637593997827,27877.680916409303,0.013689718134810428,4.183870967741935,29.151958525345623,21
Ohio,2022-01-01,564323.0,2730.0,4393.0,31,31,1,40.39834667583883,False,cold,E2021,11689100,233.55091495495805,48277.71171433215,0.004837655030895427,-4.374193548387097,29.151958525345623,21
Ohio,2022-02-01,73535.0,608.0,1734.0,28,28,2,40.39834667583883,False,cold,E2021,11689100,52.01426970425439,6290.903491286755,0.00826817161895696,-1.1642857142857144,29.151958525345623,21
Ohio,2022-03-01,18861.0,195.0,475.0,31,31,3,40.39834667583883,False,cold,E2021,11689100,16.68220821106843,1613.5545080459574,0.01033879433752187,5.619354838709677,29.151958525345623,21
Ohio,2022-04-01,24257.0,153.0,149.0,30,30,4,40.39834667583883,False,transition,E2021,11689100,13.089117211761385,2075.181151671215,0.006307457641093293,8.673333333333334,29.151958525345623,21
Ohio,2022-05-01,66065.0,240.0,171.0,31,31,5,40.39834667583883,False,warm,E2021,11689100,20.531948567468838,5651.846592124287,0.00363278589268145,17.419354838709676,29.151958525345623,21
Ohio,2022-06-01,85330.0,240.0,228.0,30,30,6,40.39834667583883,False,warm,E2021,11689100,20.531948567468838,7299.96321359215,0.002812609867572952,21.433333333333334,29.151958525345623,21
Ohio,2022-07-01,99789.0,409.0,302.0,31,31,7,40.39834667583883,False,warm,E2021,11689100,34.98986235039481,8536.92756499645,0.004098648147591418,23.338709677419356,29.151958525345623,21
Ohio,2022-08-01,101304.0,388.0,430.0,31,31,8,40.39834667583883,False,warm,E2021,11689100,33.19331685074129,8666.535490328597,0.003830056068862039,21.725806451612904,29.151958525345623,21
Ohio,2022-09-01,94200.0,309.0,355.0,30,30,9,40.39834667583883,False,warm,E2022,11689100,26.43488378061613,8058.789812731519,0.0032802547770700635,18.133333333333333,29.151958525345623,21
Ohio,2022-10-01,41292.0,355.0,305.0,31,31,10,40.39834667583883,False,transition,E2022,11689100,30.370173922714322,3532.5217510330135,0.008597306984403759,11.074193548387097,29.151958525345623,21
Ohio,2022-11-01,42721.0,401.0,366.0,30,30,11,40.39834667583883,False,cold,E2022,11689100,34.30546406481252,3654.772394795151,0.009386484398773437,6.333333333333333,29.151958525345623,21
Ohio,2022-12-01,79809.0,468.0,436.0,31,31,12,40.39834667583883,False,cold,E2022,11689100,40.037299706564234,6827.642846754668,0.005864000300717964,-0.09677419354838687,29.151958525345623,21
Ohio,2023-01-01,40199.0,182.0,415.0,31,31,1,40.39834667583883,False,cold,E2022,11689100,15.570060996997203,3439.0158352653325,0.004527475807855917,1.8387096774193548,29.151958525345623,21
Oklahoma,2020-02-01,0.0,1.0,0.0,29,29,2,35.589254707587955,False,cold,E2019,3956971,0.2527185566939965,0.0,,5.937931034482758,30.396198156682026,21
Oklahoma,2020-03-01,568.0,163.0,23.0,31,31,3,35.589254707587955,False,cold,E2019,3956971,41.19312474112143,143.54414020219002,0.2869718309859155,13.83548387096774,30.396198156682026,21
Oklahoma,2020-04-01,3050.0,140.0,199.0,30,30,4,35.589254707587955,False,transition,E2019,3956971,35.38059793715951,770.7915979166893,0.04590163934426229,14.823333333333332,30.396198156682026,21
Oklahoma,2020-05-01,2800.0,65.0,112.0,31,31,5,35.589254707587955,False,warm,E2019,3956971,16.426706185109772,707.6119587431901,0.023214285714285715,19.958064516129035,30.396198156682026,21
Oklahoma,2020-06-01,7339.0,92.0,53.0,30,30,6,35.589254707587955,False,warm,E2019,3956971,23.250107215847677,1854.7014875772402,0.012535767815778717,26.793333333333333,30.396198156682026,21
Oklahoma,2020-07-01,22730.0,254.0,154.0,31,31,7,35.589254707587955,False,warm,E2019,3956971,64.19051340027511,5744.29279365454,0.01117465904091509,28.451612903225808,30.396198156682026,21
Oklahoma,2020-08-01,22246.0,233.0,259.0,31,31,8,35.589254707587955,False,warm,E2019,3956971,58.883423709701184,5621.977012214646,0.010473793041445653,26.783870967741933,30.396198156682026,21
Oklahoma,2020-09-01,28466.0,262.0,231.0,30,30,9,35.589254707587955,False,warm,E2020,3956971,66.21226185382709,7193.886434851304,0.009203962622075458,21.933333333333334,30.396198156682026,21
Oklahoma,2020-10-01,35563.0,414.0,306.0,31,31,10,35.589254707587955,False,transition,E2020,3956971,104.62548247131456,8987.430031708598,0.011641312600174338,15.583870967741936,30.396198156682026,21
Oklahoma,2020-11-01,74983.0,594.0,406.0,30,30,11,35.589254707587955,False,cold,E2020,3956971,150.11482267623393,18949.59553658594,0.007921795607004255,13.053333333333335,30.396198156682026,21
Oklahoma,2020-12-01,93464.0,922.0,746.0,31,31,12,35.589254707587955,False,cold,E2020,3956971,233.00650927186476,23620.08718284769,0.009864760763502525,6.061290322580645,30.396198156682026,21
Oklahoma,2021-01-01,98988.0,1041.0,1058.0,31,31,1,35.589254707587955,False,cold,E2020,3956971,263.08001751845035,25016.104490025326,0.010516426233482846,4.841935483870968,30.396198156682026,21
Oklahoma,2021-02-01,35360.0,607.0,881.0,28,28,2,35.589254707587955,False,cold,E2020,3956971,153.40016391325588,8936.128164699716,0.017166289592760182,0.5392857142857144,30.396198156682026,21
Oklahoma,2021-03-01,14183.0,1928.0,525.0,31,31,3,35.589254707587955,False,cold,E2020,3956971,487.24137730602524,3584.307289590952,0.13593738983289855,13.016129032258064,30.396198156682026,21
Oklahoma,2021-04-01,8565.0,202.0,1835.0,30,30,4,35.589254707587955,False,transition,E2020,3956971,51.04914845218729,2164.53443808408,0.023584354932866317,14.746666666666666,30.396198156682026,21
Oklahoma,2021-05-01,4472.0,436.0,503.0,31,31,5,35.589254707587955,False,warm,E2020,3956971,110.18529071858246,1130.1573855355523,0.09749552772808587,19.03548387096774,30.396198156682026,21
Oklahoma,2021-06-01,5074.0,100.0,97.0,30,30,6,35.589254707587955,False,warm,E2020,3956971,25.27185566939965,1282.293956665338,0.019708316909735908,25.4,30.396198156682026,21
Oklahoma,2021-07-01,22784.0,222.0,97.0,31,31,7,35.589254707587955,False,warm,E2020,3956971,56.10351958606722,5757.939595716016,0.009743679775280898,27.151612903225807,30.396198156682026,21
Oklahoma,2021-08-01,71323.0,764.0,327.0,31,31,8,35.589254707587955,False,warm,E2020,3956971,193.0769773142133,18024.645619085913,0.010711832087825807,28.032258064516128,30.396198156682026,21
Oklahoma,2021-09-01,61807.0,2100.0,1137.0,30,30,9,35.589254707587955,False,warm,E2021,3956971,530.7089690573927,15619.775833585842,0.03397673402689016,26.283333333333335,30.396198156682026,21
Oklahoma,2021-10-01,30213.0,1232.0,1761.0,31,31,10,35.589254707587955,False,transition,E2021,3956971,311.3492618470037,7635.385753395716,0.04077714890940986,19.229032258064517,30.396198156682026,21
Oklahoma,2021-11-01,22949.0,520.0,1203.0,30,30,11,35.589254707587955,False,cold,E2021,3956971,131.41364948087818,5799.638157570525,0.022658939387337138,11.770000000000001,30.396198156682026,21
Oklahoma,2021-12-01,42011.0,676.0,506.0,31,31,12,35.589254707587955,False,cold,E2021,3956971,170.83774432514164,10616.959285271487,0.016091023779486326,11.880645161290323,30.396198156682026,21
Oklahoma,2022-01-01,267976.0,1255.0,914.0,31,31,1,35.589254707587955,False,cold,E2021,3956971,317.1617886509656,67722.5079486304,0.004683255216885094,3.3225806451612905,30.396198156682026,21
Oklahoma,2022-02-01,44681.0,950.0,1279.0,28,28,2,35.589254707587955,False,cold,E2021,3956971,240.08262885929668,11291.717831644457,0.021261833889125132,4.571428571428571,30.396198156682026,21
Oklahoma,2022-03-01,11663.0,268.0,829.0,31,31,3,35.589254707587955,False,cold,E2021,3956971,67.72857319399105,2947.456526722081,0.022978650432993228,11.038709677419355,30.396198156682026,21
Oklahoma,2022-04-01,7724.0,0.0,0.0,30,30,4,35.589254707587955,False,transition,E2021,3956971,0.0,1951.9981319044289,0.0,16.49,30.396198156682026,21
Oklahoma,2022-05-01,8867.0,0.0,0.0,31,31,5,35.589254707587955,False,warm,E2021,3956971,0.0,2240.855442205667,0.0,22.129032258064516,30.396198156682026,21
Oklahoma,2022-06-01,26501.0,775.0,0.0,30,30,6,35.589254707587955,False,warm,E2021,3956971,195.85688143784728,6697.294470947601,0.029244179464925853,27.21333333333333,30.396198156682026,21
Oklahoma,2022-07-01,44584.0,303.0,811.0,31,31,7,35.589254707587955,False,warm,E2021,3956971,76.57372267828094,11267.20413164514,0.0067961600574197025,30.93548387096774,30.396198156682026,21
Oklahoma,2022-08-01,49291.0,279.0,392.0,31,31,8,35.589254707587955,False,warm,E2021,3956971,70.50847731762502,12456.75037800378,0.005660262522570043,28.693548387096776,30.396198156682026,21
Oklahoma,2022-09-01,27537.0,250.0,262.0,30,30,9,35.589254707587955,False,warm,E2022,3956971,63.179639173499126,6959.110895682581,0.009078694120637687,25.44,30.396198156682026,21
Oklahoma,2022-10-01,10554.0,153.0,194.0,31,31,10,35.589254707587955,False,transition,E2022,3956971,38.66593917418146,2667.191647348439,0.014496873223422399,17.75483870967742,30.396198156682026,21
Oklahoma,2022-11-01,12404.0,148.0,154.0,30,30,11,35.589254707587955,False,cold,E2022,3956971,37.40234639071148,3134.7209772323326,0.011931634956465657,9.643333333333334,30.396198156682026,21
Oklahoma,2022-12-01,29293.0,232.0,158.0,31,31,12,35.589254707587955,False,cold,E2022,3956971,58.630705153007185,7402.884681237239,0.007919980882804765,5.170967741935483,30.396198156682026,21
Oklahoma,2023-01-01,20463.0,246.0,240.0,31,31,1,35.589254707587955,False,cold,E2022,3956971,62.16876494672314,5171.37982562925,0.01202169769828471,6.509677419354839,30.396198156682026,21
Oregon,2020-02-01,1.0,4.0,0.0,29,29,2,44.66039539962666,False,cold,E2019,4217737,0.9483758707572331,0.23709396768930827,,-0.5896551724137932,20.048387096774192,21
Oregon,2020-03-01,689.0,74.0,18.0,31,31,3,44.66039539962666,False,cold,E2019,4217737,17.54495360900881,163.3577437379334,0.10740203193033382,1.0161290322580645,20.048387096774192,21
Oregon,2020-04-01,1820.0,67.0,85.0,30,30,4,44.66039539962666,False,transition,E2019,4217737,15.885295835183655,431.51102119454106,0.036813186813186814,5.65,20.048387096774192,21
Oregon,2020-05-01,1733.0,45.0,50.0,31,31,5,44.66039539962666,False,warm,E2019,4217737,10.669228546018871,410.88384600557123,0.025966532025389497,8.77741935483871,20.048387096774192,21
Oregon,2020-06-01,4413.0,79.0,54.0,30,30,6,44.66039539962666,False,warm,E2019,4217737,18.730423447455355,1046.2956794129175,0.01790165420348969,10.983333333333333,20.048387096774192,21
Oregon,2020-07-01,9836.0,145.0,115.0,31,31,7,44.66039539962666,False,warm,E2019,4217737,34.3786253149497,2332.056266192036,0.014741764945099633,15.051612903225806,20.048387096774192,21
Oregon,2020-08-01,8221.0,115.0,137.0,31,31,8,44.66039539962666,False,warm,E2019,4217737,27.26580628427045,1949.1495083738032,0.013988565867899282,16.025806451612905,20.048387096774192,21
Oregon,2020-09-01,6796.0,106.0,100.0,30,30,9,44.66039539962666,False,warm,E2020,4217737,25.131960575066678,1611.290604416539,0.015597410241318423,15.203333333333335,20.048387096774192,21
Oregon,2020-10-01,11412.0,184.0,130.0,31,31,10,44.66039539962666,False,transition,E2020,4217737,43.625290054832725,2705.716359270386,0.016123378899404135,8.40967741935484,20.048387096774192,21
Oregon,2020-11-01,30510.0,528.0,223.0,30,30,11,44.66039539962666,False,cold,E2020,4217737,125.18561493995476,7233.7369542007955,0.017305801376597835,2.5266666666666664,20.048387096774192,21
Oregon,2020-12-01,38478.0,496.0,565.0,31,31,12,44.66039539962666,False,cold,E2020,4217737,117.5986079738969,9122.901688749203,0.012890482873330215,1.261290322580645,20.048387096774192,21
Oregon,2021-01-01,28507.0,312.0,480.0,31,31,1,44.66039539962666,False,cold,E2020,4217737,73.97331791906419,6758.837736919111,0.01094468025397271,1.4903225806451614,20.048387096774192,21
Oregon,2021-02-01,13181.0,208.0,251.0,28,28,2,44.66039539962666,False,cold,E2020,4217737,49.31554527937612,3125.1355881127724,0.015780289811091724,-0.19285714285714284,20.048387096774192,21
Oregon,2021-03-01,9415.0,104.0,175.0,31,31,3,44.66039539962666,False,cold,E2020,4217737,24.65777263968806,2232.2397057948374,0.011046202867764206,-0.0064516129032258125,20.048387096774192,21
Oregon,2021-04-01,19800.0,146.0,112.0,30,30,4,44.66039539962666,False,transition,E2020,4217737,34.615719282639006,4694.460560248303,0.0073737373737373735,5.2733333333333325,20.048387096774192,21
Oregon,2021-05-01,16663.0,143.0,176.0,31,31,5,44.66039539962666,False,warm,E2020,4217737,33.904437379571085,3950.696783606944,0.00858188801536338,8.496774193548386,20.048387096774192,21
Oregon,2021-06-01,7165.0,77.0,103.0,30,30,6,44.66039539962666,False,warm,E2020,4217737,18.25623551207674,1698.7782784938938,0.010746685275645498,15.013333333333332,20.048387096774192,21
Oregon,2021-07-01,11115.0,179.0,84.0,31,31,7,44.66039539962666,False,warm,E2020,4217737,42.43982021638618,2635.2994508666616,0.016104363472784527,18.148387096774194,20.048387096774192,21
Oregon,2021-08-01,56532.0,612.0,340.0,31,31,8,44.66039539962666,False,warm,E2020,4217737,145.10150822585666,13403.396181411976,0.010825727021863723,17.287096774193547,20.048387096774192,21
Oregon,2021-09-01,53767.0,651.0,593.0,30,30,9,44.66039539962666,False,warm,E2021,4217737,154.34817296573968,12747.831360751037,0.0121077984637417,12.983333333333333,20.048387096774192,21
Oregon,2021-10-01,34999.0,639.0,581.0,31,31,10,44.66039539962666,False,transition,E2021,4217737,151.503045353468,8298.051775158101,0.018257664504700136,6.319354838709677,20.048387096774192,21
Oregon,2021-11-01,26046.0,645.0,789.0,30,30,11,44.66039539962666,False,cold,E2021,4217737,152.92560915960382,6175.349482435723,0.024763879290486065,4.3566666666666665,20.048387096774192,21
Oregon,2021-12-01,30164.0,377.0,494.0,31,31,12,44.66039539962666,False,cold,E2021,4217737,89.38442581886922,7151.702441380295,0.012498342394907836,-0.1451612903225807,20.048387096774192,21
Oregon,2022-01-01,212613.0,520.0,445.0,31,31,1,44.66039539962666,False,cold,E2021,4217737,123.2888631984403,50409.2597523269,0.002445758255609958,0.20645161290322583,20.048387096774192,21
Oregon,2022-02-01,60053.0,519.0,522.0,28,28,2,44.66039539962666,False,cold,E2021,4217737,123.05176923075099,14238.20404164603,0.008642365910112734,-0.34285714285714286,20.048387096774192,21
Oregon,2022-03-01,10223.0,502.0,522.0,31,31,3,44.66039539962666,False,cold,E2021,4217737,119.02117178003276,2423.8116316877986,0.049104959405262646,1.9483870967741934,20.048387096774192,21
Oregon,2022-04-01,17159.0,109.0,358.0,30,30,4,44.66039539962666,False,transition,E2021,4217737,25.843242478134602,4068.2953915808407,0.006352351535637275,1.6966666666666668,20.048387096774192,21
Oregon,2022-05-01,44137.0,143.0,133.0,31,31,5,44.66039539962666,False,warm,E2021,4217737,33.904437379571085,10464.616451902999,0.0032399120918956883,5.829032258064516,20.048387096774192,21
Oregon,2022-06-01,46244.0,267.0,178.0,30,30,6,44.66039539962666,False,warm,E2021,4217737,63.30408937304531,10964.173441824372,0.005773721996367096,11.21,20.048387096774192,21
Oregon,2022-07-01,38660.0,346.0,288.0,31,31,7,44.66039539962666,False,warm,E2021,4217737,82.03451282050067,9166.052790868658,0.008949818934299017,17.406451612903226,20.048387096774192,21
Oregon,2022-08-01,27796.0,178.0,311.0,31,31,8,44.66039539962666,False,warm,E2021,4217737,42.20272624869687,6590.263925892013,0.006403799107785293,18.906451612903226,20.048387096774192,21
Oregon,2022-09-01,16628.0,125.0,149.0,30,30,9,44.66039539962666,False,warm,E2022,4217737,29.636745961163534,3942.398494737818,0.007517440461871542,14.966666666666667,20.048387096774192,21
Oregon,2022-10-01,13412.0,142.0,119.0,31,31,10,44.66039539962666,False,transition,E2022,4217737,33.667343411881774,3179.9042946490026,0.010587533552042947,11.070967741935483,20.048387096774192,21
Oregon,2022-11-01,16444.0,161.0,184.0,30,30,11,44.66039539962666,False,cold,E2022,4217737,38.17212879797863,3898.773204682985,0.009790805156896133,0.3133333333333333,20.048387096774192,21
Oregon,2022-12-01,14671.0,193.0,98.0,31,31,12,44.66039539962666,False,cold,E2022,4217737,45.75913576403649,3478.4055999698417,0.013155204144230114,-1.1419354838709677,20.048387096774192,21
Oregon,2023-01-01,9598.0,155.0,202.0,31,31,1,44.66039539962666,False,cold,E2022,4217737,36.74956499184278,2275.627901881981,0.016149197749531153,-0.5967741935483871,20.048387096774192,21
Pennsylvania,2020-02-01,0.0,2.0,0.0,29,29,2,40.47103564303458,False,cold,E2019,12801989,0.15622572398710857,0.0,,2.5344827586206895,29.2258064516129,21
Pennsylvania,2020-03-01,4963.0,1649.0,63.0,31,31,3,40.47103564303458,False,cold,E2019,12801989,128.80810942737102,387.6741340740099,0.33225871448720534,7.077419354838709,29.2258064516129,21
Pennsylvania,2020-04-01,42990.0,3245.0,2466.0,30,30,4,40.47103564303458,False,transition,E2019,12801989,253.47623716908365,3358.0719371028986,0.07548267038846243,8.693333333333333,29.2258064516129,21
Pennsylvania,2020-05-01,27710.0,1536.0,3044.0,31,31,5,40.47103564303458,False,warm,E2019,12801989,119.98135602209938,2164.5074058413893,0.05543125225550343,14.23225806451613,29.2258064516129,21
Pennsylvania,2020-06-01,14810.0,624.0,1089.0,30,30,6,40.47103564303458,False,warm,E2019,12801989,48.74242588397787,1156.851486124539,0.04213369345037137,21.783333333333335,29.2258064516129,21
Pennsylvania,2020-07-01,25679.0,488.0,547.0,31,31,7,40.47103564303458,False,warm,E2019,12801989,38.11907665285449,2005.8601831324804,0.019003855290315043,26.306451612903224,29.2258064516129,21
Pennsylvania,2020-08-01,22274.0,445.0,454.0,31,31,8,40.47103564303458,False,warm,E2019,12801989,34.760223587131655,1739.8858880444282,0.01997845021100835,24.23548387096774,29.2258064516129,21
Pennsylvania,2020-09-01,25512.0,560.0,470.0,30,30,9,40.47103564303458,False,warm,E2020,12801989,43.7432027163904,1992.8153351795568,0.021950454687989965,19.06,29.2258064516129,21
Pennsylvania,2020-10-01,49513.0,1238.0,665.0,31,31,10,40.47103564303458,False,transition,E2020,12801989,96.7037231480202,3867.6021358868534,0.025003534425302447,13.387096774193548,29.2258064516129,21
Pennsylvania,2020-11-01,155565.0,4150.0,1559.0,30,30,11,40.47103564303458,False,cold,E2020,12801989,324.16837727325026,12151.627376027272,0.0266769517565005,8.726666666666667,29.2258064516129,21
Pennsylvania,2020-12-01,279558.0,6199.0,5673.0,31,31,12,40.47103564303458,False,cold,E2020,12801989,484.221631498043,21837.075473194047,0.022174289414003533,1.5806451612903225,29.2258064516129,21
Pennsylvania,2021-01-01,203060.0,3456.0,5626.0,31,31,1,40.47103564303458,False,cold,E2020,12801989,269.9580510497236,15861.597756411133,0.017019600118191668,0.07096774193548386,29.2258064516129,21
Pennsylvania,2021-02-01,87993.0,1201.0,2339.0,28,28,2,40.47103564303458,False,cold,E2020,12801989,93.8135472542587,6873.385065398822,0.013648812973759276,-1.8107142857142857,29.2258064516129,21
Pennsylvania,2021-03-01,95393.0,1044.0,1094.0,31,31,3,40.47103564303458,False,cold,E2020,12801989,81.54982792127068,7451.420244151123,0.010944199259903767,6.290322580645161,29.2258064516129,21
Pennsylvania,2021-04-01,127806.0,1121.0,1120.0,30,30,4,40.47103564303458,False,transition,E2020,12801989,87.56451829477435,9983.292439948198,0.008771106207846267,10.856666666666666,29.2258064516129,21
Pennsylvania,2021-05-01,52431.0,610.0,1005.0,31,31,5,40.47103564303458,False,warm,E2020,12801989,47.64884581606811,4095.5354671840446,0.011634338463885868,15.33548387096774,29.2258064516129,21
Pennsylvania,2021-06-01,10643.0,245.0,464.0,30,30,6,40.47103564303458,False,warm,E2020,12801989,19.1376511884208,831.3551901973982,0.023019825237245137,22.133333333333333,29.2258064516129,21
Pennsylvania,2021-07-01,14205.0,261.0,172.0,31,31,7,40.47103564303458,False,warm,E2020,12801989,20.38745698031767,1109.5932046184387,0.018373812038014782,23.85483870967742,29.2258064516129,21
Pennsylvania,2021-08-01,71310.0,858.0,385.0,31,31,8,40.47103564303458,False,warm,E2020,12801989,67.02083559046957,5570.228188760356,0.012031973075305007,24.406451612903226,29.2258064516129,21
Pennsylvania,2021-09-01,132222.0,1883.0,1165.0,30,30,9,40.47103564303458,False,warm,E2021,12801989,147.0865191338627,10328.238838511734,0.014241200405378832,19.63,29.2258064516129,21
Pennsylvania,2021-10-01,137297.0,2109.0,2052.0,31,31,10,40.47103564303458,False,transition,E2021,12801989,164.74002594440597,10724.661613129023,0.01536086003335834,15.729032258064517,29.2258064516129,21
Pennsylvania,2021-11-01,155986.0,2691.0,1969.0,30,30,11,40.47103564303458,False,cold,E2021,12801989,210.20171162465456,12184.512890926559,0.017251548215865525,5.6466666666666665,29.2258064516129,21
Pennsylvania,2021-12-01,299504.0,3747.0,3284.0,31,31,12,40.47103564303458,False,cold,E2021,12801989,292.6888938898479,23395.11461851748,0.01251068433142796,4.635483870967741,29.2258064516129,21
Pennsylvania,2022-01-01,625057.0,3427.0,3876.0,31,31,1,40.47103564303458,False,cold,E2021,12801989,267.6927780519105,48824.99117910506,0.005482699977762028,-2.9193548387096775,29.2258064516129,21
Pennsylvania,2022-02-01,95944.0,1261.0,2635.0,28,28,2,40.47103564303458,False,cold,E2021,12801989,98.50031897387196,7494.460431109572,0.013143083465354791,1.0107142857142857,29.2258064516129,21
Pennsylvania,2022-03-01,23928.0,528.0,1059.0,31,31,3,40.47103564303458,False,cold,E2021,12801989,41.24359113259666,1869.084561781767,0.022066198595787363,5.719354838709678,29.2258064516129,21
Pennsylvania,2022-04-01,38866.0,320.0,402.0,30,30,4,40.47103564303458,False,transition,E2021,12801989,24.99611583793737,3035.934494241481,0.00823341738280245,9.456666666666667,29.2258064516129,21
Pennsylvania,2022-05-01,87105.0,682.0,470.0,31,31,5,40.47103564303458,False,warm,E2021,12801989,53.27297187960402,6804.020843948546,0.007829630905229321,16.716129032258067,29.2258064516129,21
Pennsylvania,2022-06-01,98933.0,467.0,619.0,30,30,6,40.47103564303458,False,warm,E2021,12801989,36.47870655098985,7727.939775608306,0.004720366308511821,21.46333333333333,29.2258064516129,21
Pennsylvania,2022-07-01,74336.0,467.0,398.0,31,31,7,40.47103564303458,False,warm,E2021,12801989,36.47870655098985,5806.597709152851,0.00628228583727938,25.37741935483871,29.2258064516129,21
Pennsylvania,2022-08-01,105309.0,584.0,552.0,31,31,8,40.47103564303458,False,warm,E2021,12801989,45.6179114042357,8225.987383679209,0.005545584897777018,24.22258064516129,29.2258064516129,21
Pennsylvania,2022-09-01,68601.0,484.0,497.0,30,30,9,40.47103564303458,False,warm,E2022,12801989,37.80662520488027,5358.6204456198175,0.0070552907392020525,19.1,29.2258064516129,21
Pennsylvania,2022-10-01,50886.0,544.0,492.0,31,31,10,40.47103564303458,False,transition,E2022,12801989,42.49339692449353,3974.8510954040034,0.0106905632197461,11.564516129032258,29.2258064516129,21
Pennsylvania,2022-11-01,55408.0,672.0,682.0,30,30,11,40.47103564303458,False,cold,E2022,12801989,52.49184325966848,4328.077457338855,0.012128212532486284,7.8100000000000005,29.2258064516129,21
Pennsylvania,2022-12-01,55345.0,599.0,505.0,31,31,12,40.47103564303458,False,cold,E2022,12801989,46.789604334139014,4323.156347033262,0.010823019242930708,0.8161290322580645,29.2258064516129,21
Pennsylvania,2023-01-01,53760.0,658.0,741.0,31,31,1,40.47103564303458,False,cold,E2022,12801989,51.398263191758716,4199.347460773478,0.012239583333333333,3.764516129032258,29.2258064516129,21
Puerto Rico,2020-02-01,0.0,1.0,0.0,29,29,2,17.84316234446089,False,cold,E2019,3754939,0.26631591085767303,0.0,,25.441379310344825,3.389746543778802,21
Puerto Rico,2020-03-01,239.0,62.0,8.0,31,31,3,17.84316234446089,False,cold,E2019,3754939,16.51158647317573,63.64950269498386,,25.283870967741933,3.389746543778802,21
Puerto Rico,2020-04-01,710.0,63.0,84.0,30,30,4,17.84316234446089,False,transition,E2019,3754939,16.777902384033403,189.08429670894787,0.08873239436619719,26.456666666666667,3.389746543778802,21
Puerto Rico,2020-05-01,339.0,23.0,44.0,31,31,5,17.84316234446089,False,warm,E2019,3754939,6.12526594972648,90.28109378075116,,27.37741935483871,3.389746543778802,21
Puerto Rico,2020-06-01,405.0,31.0,17.0,30,30,6,17.84316234446089,False,warm,E2019,3754939,8.255793236587865,107.85794389735759,,28.003333333333334,3.389746543778802,21
Puerto Rico,2020-07-01,4304.0,194.0,66.0,31,31,7,17.84316234446089,False,warm,E2019,3754939,51.66528670638857,1146.223680331425,0.04507434944237918,28.009677419354837,3.389746543778802,21
Puerto Rico,2020-08-01,9479.0,235.0,215.0,31,31,8,17.84316234446089,False,warm,E2019,3754939,62.58423905155317,2524.408519019883,0.024791644688258254,28.229032258064517,3.389746543778802,21
Puerto Rico,2020-09-01,8524.0,165.0,227.0,30,30,9,17.84316234446089,False,warm,E2020,3754939,43.94212529151606,2270.076824150805,0.01935710933833881,28.026666666666664,3.389746543778802,21
Puerto Rico,2020-10-01,10138.0,238.0,161.0,31,31,10,17.84316234446089,False,transition,E2020,3754939,63.38318678412619,2699.9107042750893,0.02347603077530085,27.40967741935484,3.389746543778802,21
Puerto Rico,2020-11-01,18407.0,370.0,284.0,30,30,11,17.84316234446089,False,cold,E2020,3754939,98.53688701733903,4902.0769711571875,0.020101048514152224,26.73,3.389746543778802,21
Puerto Rico,2020-12-01,23746.0,350.0,397.0,31,31,12,17.84316234446089,False,cold,E2020,3754939,93.21056880018557,6323.937619226304,0.014739324517813526,25.774193548387096,3.389746543778802,21
Puerto Rico,2021-01-01,17333.0,247.0,326.0,31,31,1,17.84316234446089,False,cold,E2020,3754939,65.78002998184525,4616.053682896047,0.01425027404373161,25.322580645161292,3.389746543778802,21
Puerto Rico,2021-02-01,6673.0,117.0,207.0,28,28,2,17.84316234446089,False,cold,E2020,3754939,31.158961570347746,1777.1260731532523,0.01753334332384235,25.467857142857145,3.389746543778802,21
Puerto Rico,2021-03-01,7173.0,142.0,82.0,31,31,3,17.84316234446089,False,cold,E2020,3754939,37.81685934178957,1910.284028582089,0.019796458943259446,25.287096774193547,3.389746543778802,21
Puerto Rico,2021-04-01,24486.0,233.0,192.0,30,30,4,17.84316234446089,False,transition,E2020,3754939,62.05160722983782,6521.011393260982,0.009515641591113289,25.8,3.389746543778802,21
Puerto Rico,2021-05-01,6801.0,72.0,195.0,31,31,5,17.84316234446089,False,warm,E2020,3754939,19.17474558175246,1811.2145097430343,0.0105866784296427,26.725806451612904,3.389746543778802,21
Puerto Rico,2021-06-01,1301.0,23.0,44.0,30,30,6,17.84316234446089,False,warm,E2020,3754939,6.12526594972648,346.47700002583264,0.017678708685626442,26.853333333333335,3.389746543778802,21
Puerto Rico,2021-07-01,6743.0,172.0,31.0,31,31,7,17.84316234446089,False,warm,E2020,3754939,45.806336667519766,1795.7681869132894,0.025507934153937418,27.480645161290322,3.389746543778802,21
Puerto Rico,2021-08-01,24025.0,354.0,295.0,31,31,8,17.84316234446089,False,warm,E2020,3754939,94.27583244361627,6398.239758355595,0.014734651404786681,27.774193548387096,3.389746543778802,21
Puerto Rico,2021-09-01,10422.0,123.0,274.0,30,30,9,17.84316234446089,False,warm,E2021,3754939,32.75685703549379,2775.5444229586687,0.01180195739781232,27.96333333333333,3.389746543778802,21
Puerto Rico,2021-10-01,4034.0,47.0,85.0,31,31,10,17.84316234446089,False,transition,E2021,3754939,12.516847810310633,1074.3183843998531,0.011650966782350025,27.780645161290323,3.389746543778802,21
Puerto Rico,2021-11-01,3166.0,25.0,36.0,30,30,11,17.84316234446089,False,cold,E2021,3754939,6.657897771441826,843.1561737753929,0.007896399241945672,27.12,3.389746543778802,21
Puerto Rico,2021-12-01,84276.0,344.0,35.0,31,31,12,17.84316234446089,False,cold,E2021,3754939,91.61267333503953,22444.039703441253,0.004081826379989558,26.55806451612903,3.389746543778802,21
Puerto Rico,2022-01-01,185211.0,453.0,550.0,31,31,1,17.84316234446089,False,cold,E2021,3754939,120.6411076185259,49324.63616586049,0.0024458590472488137,25.532258064516128,3.389746543778802,21
Puerto Rico,2022-02-01,15996.0,70.0,255.0,28,28,2,17.84316234446089,False,cold,E2021,3754939,18.642113760037113,4259.989310079338,0.004376094023505877,24.839285714285715,3.389746543778802,21
Puerto Rico,2022-03-01,7079.0,36.0,60.0,31,31,3,17.84316234446089,False,cold,E2021,3754939,9.58737279087623,1885.2503329614676,0.0050854640485944345,25.429032258064513,3.389746543778802,21
Puerto Rico,2022-04-01,56704.0,113.0,37.0,30,30,4,17.84316234446089,False,transition,E2021,3754939,30.093697926917056,15101.177409273492,0.0019928047404063204,25.83,3.389746543778802,21
Puerto Rico,2022-05-01,132954.0,191.0,156.0,31,31,5,17.84316234446089,False,warm,E2021,3754939,50.86633897381555,35407.76561217106,0.0014365870902718232,26.67096774193548,3.389746543778802,21
Puerto Rico,2022-06-01,102981.0,214.0,208.0,30,30,6,17.84316234446089,False,warm,E2021,3754939,56.991604923542035,27425.47881603403,0.002078053233120673,27.576666666666664,3.389746543778802,21
Puerto Rico,2022-07-01,80855.0,201.0,197.0,31,31,7,17.84316234446089,False,warm,E2021,3754939,53.52949808239229,21532.972972397154,0.0024859316059612888,27.483870967741936,3.389746543778802,21
Puerto Rico,2022-08-01,69543.0,176.0,203.0,31,31,8,17.84316234446089,False,warm,E2021,3754939,46.871600310950456,18520.40738877516,0.002530808276893433,27.896774193548385,3.389746543778802,21
Puerto Rico,2022-09-01,33277.0,147.0,181.0,30,30,9,17.84316234446089,False,warm,E2022,3754939,39.14843889607794,8862.194565610786,0.004417465516723262,27.66,3.389746543778802,21
Puerto Rico,2022-10-01,25048.0,90.0,108.0,31,31,10,17.84316234446089,False,transition,E2022,3754939,23.968431977190576,6670.6809351629945,0.0035931012456084316,27.41290322580645,3.389746543778802,21
Puerto Rico,2022-11-01,28755.0,168.0,107.0,30,30,11,17.84316234446089,False,cold,E2022,3754939,44.741073024089076,7657.914016712389,0.00584246218049035,26.616666666666667,3.389746543778802,21
Puerto Rico,2022-12-01,43112.0,152.0,174.0,31,31,12,17.84316234446089,False,cold,E2022,3754939,40.4800184503663,11481.411548896001,0.0035257005010205975,25.822580645161292,3.389746543778802,21
Puerto Rico,2023-01-01,29549.0,132.0,152.0,31,31,1,17.84316234446089,False,cold,E2022,3754939,35.153700233212845,7869.368849933381,0.004467156248942434,25.200000000000003,3.389746543778802,21
Rhode Island,2020-02-01,0.0,1.0,0.0,29,29,2,39.0407267199561,False,cold,E2019,1059361,0.9439652771812441,0.0,,12.293103448275861,15.999999999999998,21
Rhode Island,2020-03-01,488.0,213.0,11.0,31,31,3,39.0407267199561,False,cold,E2019,1059361,201.064604039605,460.6550552644471,,11.670967741935485,15.999999999999998,21
Rhode Island,2020-04-01,8133.0,511.0,353.0,30,30,4,39.0407267199561,False,transition,E2019,1059361,482.36625663961576,7677.269599315059,0.06283044387065044,10.6,15.999999999999998,21
Rhode Island,2020-05-01,6307.0,219.0,463.0,31,31,5,39.0407267199561,False,warm,E2019,1059361,206.72839570269247,5953.589003182107,0.03472332329158078,13.983870967741936,15.999999999999998,21
Rhode Island,2020-06-01,1885.0,73.0,150.0,30,30,6,39.0407267199561,False,warm,E2019,1059361,68.90946523423082,1779.3745474866453,0.03872679045092838,20.313333333333333,15.999999999999998,21
Rhode Island,2020-07-01,2209.0,47.0,49.0,31,31,7,39.0407267199561,False,warm,E2019,1059361,44.366368027518476,2085.2192972933685,0.02127659574468085,24.4741935483871,15.999999999999998,21
Rhode Island,2020-08-01,2927.0,53.0,52.0,31,31,8,39.0407267199561,False,warm,E2019,1059361,50.03015969060594,2762.9863663095016,0.018107277075503928,25.225806451612904,15.999999999999998,21
Rhode Island,2020-09-01,2799.0,67.0,47.0,30,30,9,39.0407267199561,False,warm,E2020,1059361,63.24567357114336,2642.1588108303026,0.023937120400142908,23.13,15.999999999999998,21
Rhode Island,2020-10-01,8126.0,147.0,91.0,31,31,10,39.0407267199561,False,transition,E2020,1059361,138.76289574564288,7670.6618423747905,0.018090081220772828,20.716129032258067,15.999999999999998,21
Rhode Island,2020-11-01,23849.0,448.0,199.0,30,30,11,39.0407267199561,False,cold,E2020,1059361,422.8964441771974,22512.62789549549,0.018784854710889344,16.326666666666668,15.999999999999998,21
Rhode Island,2020-12-01,31226.0,453.0,515.0,31,31,12,39.0407267199561,False,cold,E2020,1059361,427.6162705631036,29476.25974526153,0.01450714148466022,13.606451612903227,15.999999999999998,21
Rhode Island,2021-01-01,26489.0,256.0,411.0,31,31,1,39.0407267199561,False,cold,E2020,1059361,241.6551109583985,25004.696227253975,0.009664388991656914,9.806451612903226,15.999999999999998,21
Rhode Island,2021-02-01,11184.0,107.0,161.0,28,28,2,39.0407267199561,False,cold,E2020,1059361,101.00428465839313,10557.307659995035,0.009567238912732475,10.592857142857143,15.999999999999998,21
Rhode Island,2021-03-01,11707.0,63.0,117.0,31,31,3,39.0407267199561,False,cold,E2020,1059361,59.46981246241838,11051.001499960825,0.005381395746134791,11.16451612903226,15.999999999999998,21
Rhode Island,2021-04-01,10857.0,46.0,52.0,30,30,4,39.0407267199561,False,transition,E2020,1059361,43.422402750337234,10248.631014356768,0.004236897853919131,12.926666666666668,15.999999999999998,21
Rhode Island,2021-05-01,3557.0,20.0,37.0,31,31,5,39.0407267199561,False,warm,E2020,1059361,18.879305543624884,3357.6844909336855,0.0056227157717177395,16.81935483870968,15.999999999999998,21
Rhode Island,2021-06-01,870.0,14.0,22.0,30,30,6,39.0407267199561,False,warm,E2020,1059361,13.215513880537419,821.2497911476825,0.016091954022988506,22.009999999999998,15.999999999999998,21
Rhode Island,2021-07-01,1726.0,15.0,10.0,31,31,7,39.0407267199561,False,warm,E2020,1059361,14.159479157718662,1629.2840684148275,0.00869061413673233,24.835483870967742,15.999999999999998,21
Rhode Island,2021-08-01,8278.0,63.0,30.0,31,31,8,39.0407267199561,False,warm,E2020,1059361,59.46981246241838,7814.1445645063395,0.007610533945397439,25.806451612903224,15.999999999999998,21
Rhode Island,2021-09-01,9744.0,55.0,68.0,30,30,9,39.0407267199561,False,warm,E2021,1059361,51.91809024496843,9197.997660854044,0.005644499178981938,24.206666666666667,15.999999999999998,21
Rhode Island,2021-10-01,7044.0,35.0,40.0,31,31,10,39.0407267199561,False,transition,E2021,1059361,33.038784701343545,6649.291412464684,0.004968767745599092,20.496774193548386,15.999999999999998,21
Rhode Island,2021-11-01,12358.0,100.0,54.0,30,30,11,39.0407267199561,False,cold,E2021,1059361,94.39652771812442,11665.522895405815,0.00809192425958893,15.66,15.999999999999998,21
Rhode Island,2021-12-01,39333.0,234.0,134.0,31,31,12,39.0407267199561,False,cold,E2021,1059361,220.88787486041113,37128.986247369874,0.005949202959347113,14.506451612903225,15.999999999999998,21
Rhode Island,2022-01-01,112683.0,162.0,250.0,31,31,1,39.0407267199561,False,cold,E2021,1059361,152.92237490336154,106368.83932861414,0.0014376614041159714,11.412903225806453,15.999999999999998,21
Rhode Island,2022-02-01,12146.0,29.0,96.0,28,28,2,39.0407267199561,False,cold,E2021,1059361,27.37499303825608,11465.402256643392,0.0023876173225753335,10.603571428571428,15.999999999999998,21
Rhode Island,2022-03-01,5337.0,101.0,110.0,31,31,3,39.0407267199561,False,cold,E2021,1059361,95.34049299530567,5037.9426843163,0.0189244894135282,11.425806451612903,15.999999999999998,21
Rhode Island,2022-04-01,10367.0,30.0,18.0,30,30,4,39.0407267199561,False,transition,E2021,1059361,28.318958315437325,9786.088028537959,0.0028937976270859457,14.396666666666667,15.999999999999998,21
Rhode Island,2022-05-01,21161.0,39.0,39.0,31,31,5,39.0407267199561,False,warm,E2021,1059361,36.81464581006852,19975.24923043231,0.0018430130901186145,18.816129032258065,15.999999999999998,21
Rhode Island,2022-06-01,9979.0,24.0,30.0,30,30,6,39.0407267199561,False,warm,E2021,1059361,22.65516665234986,9419.829500991635,0.0024050506062731737,20.573333333333334,15.999999999999998,21
Rhode Island,2022-07-01,7630.0,11.0,21.0,31,31,7,39.0407267199561,False,warm,E2021,1059361,10.383618048993686,7202.455064892893,0.0014416775884665792,23.812903225806455,15.999999999999998,21
Rhode Island,2022-08-01,6239.0,25.0,13.0,31,31,8,39.0407267199561,False,warm,E2021,1059361,23.599131929531104,5889.399364333783,0.0040070524122455525,25.62258064516129,15.999999999999998,21
Rhode Island,2022-09-01,8823.0,25.0,26.0,30,30,9,39.0407267199561,False,warm,E2022,1059361,23.599131929531104,8328.605640570117,0.0028335033435339455,22.473333333333336,15.999999999999998,21
Rhode Island,2022-10-01,6581.0,45.0,27.0,31,31,10,39.0407267199561,False,transition,E2022,1059361,42.478437473155985,6212.235489129768,0.006837866585625285,21.183870967741935,15.999999999999998,21
Rhode Island,2022-11-01,4862.0,39.0,47.0,30,30,11,39.0407267199561,False,cold,E2022,1059361,36.81464581006852,4589.559177655209,0.008021390374331552,17.413333333333334,15.999999999999998,21
Rhode Island,2022-12-01,6741.0,42.0,27.0,31,31,12,39.0407267199561,False,cold,E2022,1059361,39.64654164161225,6363.269933478767,0.006230529595015576,12.912903225806453,15.999999999999998,21
Rhode Island,2023-01-01,10566.0,37.0,51.0,31,31,1,39.0407267199561,False,cold,E2022,1059361,34.926715255706036,9973.937118697026,0.003501798220707931,12.958064516129031,15.999999999999998,21
South Carolina,2020-02-01,0.0,3.0,0.0,29,29,2,34.0646144999731,False,cold,E2019,5148714,0.5826697695774129,0.0,,10.475862068965517,21.86774193548387,21
South Carolina,2020-03-01,1083.0,121.0,22.0,31,31,3,34.0646144999731,False,cold,E2019,5148714,23.501014039622323,210.34378681744607,0.11172668513388735,15.358064516129033,21.86774193548387,21
South Carolina,2020-04-01,5012.0,292.0,222.0,30,30,4,34.0646144999731,False,transition,E2019,5148714,56.71319090553486,973.4469617073312,0.05826017557861133,17.06,21.86774193548387,21
South Carolina,2020-05-01,5766.0,237.0,250.0,31,31,5,34.0646144999731,False,warm,E2019,5148714,46.03091179661562,1119.8912971277875,0.041103017689906346,20.19677419354839,21.86774193548387,21
South Carolina,2020-06-01,24538.0,568.0,245.0,30,30,6,34.0646144999731,False,warm,E2019,5148714,110.31880970665685,4765.850268630186,0.02314777080446654,24.503333333333334,21.86774193548387,21
South Carolina,2020-07-01,52617.0,1238.0,973.0,31,31,7,34.0646144999731,False,warm,E2019,5148714,240.44839157894575,10219.445088618246,0.02352851739931961,28.177419354838708,21.86774193548387,21
South Carolina,2020-08-01,29976.0,753.0,1008.0,31,31,8,34.0646144999731,False,warm,E2019,5148714,146.25011216393065,5822.03633761751,0.02512009607686149,26.509677419354837,21.86774193548387,21
South Carolina,2020-09-01,28950.0,496.0,658.0,30,30,9,34.0646144999731,False,warm,E2020,5148714,96.33473523679893,5622.763276422034,0.01713298791018998,23.016666666666666,21.86774193548387,21
South Carolina,2020-10-01,28670.0,566.0,557.0,31,31,10,34.0646144999731,False,transition,E2020,5148714,109.93036319360523,5568.380764594809,0.019741890477851413,19.761290322580646,21.86774193548387,21
South Carolina,2020-11-01,40875.0,688.0,446.0,30,30,11,34.0646144999731,False,cold,E2020,5148714,133.62560048975337,7938.875610492251,0.016831804281345567,15.09,21.86774193548387,21
South Carolina,2020-12-01,90020.0,1411.0,915.0,31,31,12,34.0646144999731,False,cold,E2020,5148714,274.0490149579099,17483.977552452903,0.015674294601199734,7.693548387096774,21.86774193548387,21
South Carolina,2021-01-01,135879.0,1951.0,1746.0,31,31,1,34.0646144999731,False,cold,E2020,5148714,378.9295734818442,26390.861873469763,0.014358362955276385,8.029032258064516,21.86774193548387,21
South Carolina,2021-02-01,73437.0,683.0,1504.0,28,28,2,34.0646144999731,False,cold,E2020,5148714,132.65448420712434,14263.17328948549,0.0093004888543922,8.428571428571429,21.86774193548387,21
South Carolina,2021-03-01,34807.0,358.0,600.0,31,31,3,34.0646144999731,False,cold,E2020,5148714,69.53192583623795,6760.328889893671,0.01028528744218117,14.103225806451613,21.86774193548387,21
South Carolina,2021-04-01,27029.0,307.0,351.0,30,30,4,34.0646144999731,False,transition,E2020,5148714,59.62653975342192,5249.660400635965,0.011358170853527692,17.9,21.86774193548387,21
South Carolina,2021-05-01,14603.0,129.0,239.0,31,31,5,34.0646144999731,False,warm,E2020,5148714,25.054800091828756,2836.2422150463203,0.00883380127371088,21.925806451612903,21.86774193548387,21
South Carolina,2021-06-01,3578.0,69.0,83.0,30,30,6,34.0646144999731,False,warm,E2020,5148714,13.401404700280498,694.9308118493278,0.019284516489659027,24.5,21.86774193548387,21
South Carolina,2021-07-01,20308.0,343.0,85.0,31,31,7,34.0646144999731,False,warm,E2020,5148714,66.61857698835088,3944.2858935260338,0.01688989560764231,26.425806451612903,21.86774193548387,21
South Carolina,2021-08-01,118139.0,1615.0,694.0,31,31,8,34.0646144999731,False,warm,E2020,5148714,313.670559289174,22945.341302701996,0.013670337483811442,26.306451612903224,21.86774193548387,21
South Carolina,2021-09-01,122099.0,1584.0,1874.0,30,30,9,34.0646144999731,False,warm,E2021,5148714,307.64963833687403,23714.46539854418,0.012973079222598057,23.05666666666667,21.86774193548387,21
South Carolina,2021-10-01,39766.0,684.0,1244.0,31,31,10,34.0646144999731,False,transition,E2021,5148714,132.84870746365016,7723.482019005134,0.017200623648342805,19.638709677419353,21.86774193548387,21
South Carolina,2021-11-01,21169.0,416.0,494.0,30,30,11,34.0646144999731,False,cold,E2021,5148714,80.79687471473459,4111.512117394752,0.01965137701355756,11.273333333333333,21.86774193548387,21
South Carolina,2021-12-01,56999.0,596.0,426.0,31,31,12,34.0646144999731,False,cold,E2021,5148714,115.75706088937936,11070.53139871432,0.010456323795154302,12.832258064516129,21.86774193548387,21
South Carolina,2022-01-01,379796.0,1425.0,630.0,31,31,1,34.0646144999731,False,cold,E2021,5148714,276.76814054927115,73765.21593547438,0.003752014239223162,6.309677419354839,21.86774193548387,21
South Carolina,2022-02-01,106039.0,847.0,1599.0,28,28,2,34.0646144999731,False,cold,E2021,5148714,164.50709827735625,20595.239898739765,0.00798762719376833,11.282142857142857,21.86774193548387,21
South Carolina,2022-03-01,6985.0,354.0,726.0,31,31,3,34.0646144999731,False,cold,E2021,5148714,68.75503281013472,1356.649446832743,0.050680028632784535,14.832258064516129,21.86774193548387,21
South Carolina,2022-04-01,6132.0,157.0,176.0,30,30,4,34.0646144999731,False,transition,E2021,5148714,30.493051274551277,1190.977009016232,0.025603392041748205,17.58,21.86774193548387,21
South Carolina,2022-05-01,21490.0,116.0,138.0,31,31,5,34.0646144999731,False,warm,E2021,5148714,22.5298977569933,4173.857782739535,0.0053978594695207075,23.429032258064513,21.86774193548387,21
South Carolina,2022-06-01,50644.0,125.0,128.0,30,30,6,34.0646144999731,False,warm,E2021,5148714,24.27790706572554,9836.242603492834,0.0024682094621277942,27.266666666666666,21.86774193548387,21
South Carolina,2022-07-01,58759.0,95.0,159.0,31,31,7,34.0646144999731,False,warm,E2021,5148714,18.45120936995141,11412.364330199734,0.001616773600639902,26.725806451612904,21.86774193548387,21
South Carolina,2022-08-01,69116.0,104.0,71.0,31,31,8,34.0646144999731,False,warm,E2021,5148714,20.199218678683646,13423.934598037491,0.0015047167081428323,25.925806451612903,21.86774193548387,21
South Carolina,2022-09-01,33793.0,196.0,102.0,30,30,9,34.0646144999731,False,warm,E2022,5148714,38.06775827905764,6563.386507776505,0.005800017755156393,23.59333333333333,21.86774193548387,21
South Carolina,2022-10-01,13619.0,152.0,213.0,31,31,10,34.0646144999731,False,transition,E2022,5148714,29.521934991922254,2645.126530624929,0.011160878184888758,16.467741935483872,21.86774193548387,21
South Carolina,2022-11-01,16686.0,132.0,133.0,30,30,11,34.0646144999731,False,cold,E2022,5148714,25.637469861406167,3240.8092583895705,0.007910823444804028,13.996666666666666,21.86774193548387,21
South Carolina,2022-12-01,31680.0,258.0,123.0,31,31,12,34.0646144999731,False,cold,E2022,5148714,50.10960018365751,6152.99276673748,0.008143939393939394,7.709677419354839,21.86774193548387,21
South Carolina,2023-01-01,42630.0,421.0,388.0,31,31,1,34.0646144999731,False,cold,E2022,5148714,81.76799099736361,8279.737425695037,0.009875674407694112,10.129032258064516,21.86774193548387,21
South Dakota,2020-02-01,0.0,1.0,0.0,29,29,2,44.019343828825924,False,cold,E2019,884659,1.1303790500068387,0.0,,-4.213793103448276,34.68387096774194,21
South Dakota,2020-03-01,108.0,7.0,1.0,31,31,3,44.019343828825924,False,cold,E2019,884659,7.912653350047871,122.08093740073859,,3.1774193548387095,34.68387096774194,21
South Dakota,2020-04-01,2341.0,40.0,16.0,30,30,4,44.019343828825924,False,transition,E2019,884659,45.21516200027355,2646.2173560660094,0.01708671507902606,6.803333333333333,34.68387096774194,21
South Dakota,2020-05-01,2544.0,33.0,45.0,31,31,5,44.019343828825924,False,warm,E2019,884659,37.30250865022568,2875.684303217398,0.012971698113207548,13.661290322580646,34.68387096774194,21
South Dakota,2020-06-01,1771.0,37.0,29.0,30,30,6,44.019343828825924,False,warm,E2019,884659,41.82402485025303,2001.9012975621115,0.020892151326933936,23.163333333333334,34.68387096774194,21
South Dakota,2020-07-01,2000.0,41.0,39.0,31,31,7,44.019343828825924,False,warm,E2019,884659,46.34554105028039,2260.7581000136774,0.0205,25.05483870967742,34.68387096774194,21
South Dakota,2020-08-01,4745.0,43.0,37.0,31,31,8,44.019343828825924,False,warm,E2019,884659,48.60629915029407,5363.64859228245,0.009062170706006322,24.851612903225806,34.68387096774194,21
South Dakota,2020-09-01,8880.0,131.0,56.0,30,30,9,44.019343828825924,False,warm,E2020,884659,148.0796555508959,10037.765964060729,0.014752252252252252,17.89333333333333,34.68387096774194,21
South Dakota,2020-10-01,23603.0,444.0,202.0,31,31,10,44.019343828825924,False,transition,E2020,884659,501.8882982030364,26680.336717311417,0.01881116807185527,7.367741935483871,34.68387096774194,21
South Dakota,2020-11-01,34472.0,604.0,521.0,30,30,11,44.019343828825924,False,cold,E2020,884659,682.7489462041307,38966.42661183575,0.017521466697609654,4.25,34.68387096774194,21
South Dakota,2020-12-01,18700.0,292.0,542.0,31,31,12,44.019343828825924,False,cold,E2020,884659,330.0706826019969,21138.088235127885,0.015614973262032086,-2.148387096774193,34.68387096774194,21
South Dakota,2021-01-01,9086.0,190.0,290.0,31,31,1,44.019343828825924,False,cold,E2020,884659,214.77201950129938,10270.624048362137,0.020911292097732775,-2.1451612903225805,34.68387096774194,21
South Dakota,2021-02-01,4177.0,60.0,110.0,28,28,2,44.019343828825924,False,cold,E2020,884659,67.82274300041033,4721.593291878566,0.014364376346660282,-8.642857142857142,34.68387096774194,21
South Dakota,2021-03-01,5332.0,31.0,47.0,31,31,3,44.019343828825924,False,cold,E2020,884659,35.041750550212,6027.181094636465,0.005813953488372093,4.906451612903226,34.68387096774194,21
South Dakota,2021-04-01,4901.0,47.0,32.0,30,30,4,44.019343828825924,False,transition,E2020,884659,53.12781535032142,5539.987724083517,0.009589879616404815,7.836666666666667,34.68387096774194,21
South Dakota,2021-05-01,1531.0,26.0,47.0,31,31,5,44.019343828825924,False,warm,E2020,884659,29.389855300177807,1730.6103255604703,0.016982364467668192,15.32258064516129,34.68387096774194,21
South Dakota,2021-06-01,355.0,16.0,21.0,30,30,6,44.019343828825924,False,warm,E2020,884659,18.08606480010942,401.28456275242775,,25.013333333333332,34.68387096774194,21
South Dakota,2021-07-01,679.0,16.0,10.0,31,31,7,44.019343828825924,False,warm,E2020,884659,18.08606480010942,767.5273749546435,0.023564064801178203,25.770967741935483,34.68387096774194,21
South Dakota,2021-08-01,7034.0,50.0,26.0,31,31,8,44.019343828825924,False,warm,E2020,884659,56.51895250034194,7951.086237748104,0.0071083309638896785,24.53548387096774,34.68387096774194,21
South Dakota,2021-09-01,12759.0,105.0,72.0,30,30,9,44.019343828825924,False,warm,E2021,884659,118.68980025071808,14422.506299037255,0.008229485069362802,20.19,34.68387096774194,21
South Dakota,2021-10-01,9464.0,91.0,92.0,31,31,10,44.019343828825924,False,transition,E2021,884659,102.86449355062233,10697.907329264723,0.009615384615384616,11.925806451612903,34.68387096774194,21
South Dakota,2021-11-01,11726.0,144.0,99.0,30,30,11,44.019343828825924,False,cold,E2021,884659,162.77458320098478,13254.824740380192,0.012280402524304963,3.61,34.68387096774194,21
South Dakota,2021-12-01,12996.0,152.0,152.0,31,31,12,44.019343828825924,False,cold,E2021,884659,171.8176156010395,14690.406133888877,0.011695906432748537,-2.2838709677419353,34.68387096774194,21
South Dakota,2022-01-01,47209.0,171.0,164.0,31,31,1,44.019343828825924,False,cold,E2021,884659,193.29481755116944,53364.064571772855,0.0036221906839797495,-6.245161290322581,34.68387096774194,21
South Dakota,2022-02-01,9469.0,103.0,155.0,28,28,2,44.019343828825924,False,cold,E2021,884659,116.42904215070439,10703.559224514756,0.010877600591403528,-5.710714285714286,34.68387096774194,21
South Dakota,2022-03-01,1227.0,26.0,78.0,31,31,3,44.019343828825924,False,cold,E2021,884659,29.389855300177807,1386.9750943583913,0.021189894050529748,1.3709677419354838,34.68387096774194,21
South Dakota,2022-04-01,703.0,18.0,29.0,30,30,4,44.019343828825924,False,transition,E2021,884659,20.346822900123097,794.6564721548077,0.025604551920341393,5.586666666666667,34.68387096774194,21
South Dakota,2022-05-01,1892.0,12.0,15.0,31,31,5,44.019343828825924,False,warm,E2021,884659,13.564548600082066,2138.677162612939,0.006342494714587738,14.793548387096775,34.68387096774194,21
South Dakota,2022-06-01,4819.0,16.0,11.0,30,30,6,44.019343828825924,False,warm,E2021,884659,18.08606480010942,5447.296641982956,0.0033201909109773814,22.35666666666667,34.68387096774194,21
South Dakota,2022-07-01,5763.0,32.0,18.0,31,31,7,44.019343828825924,False,warm,E2021,884659,36.17212960021884,6514.374465189412,0.0055526635432934235,25.17096774193548,34.68387096774194,21
South Dakota,2022-08-01,7261.0,38.0,37.0,31,31,8,44.019343828825924,False,warm,E2021,884659,42.95440390025988,8207.682282099657,0.005233438920258918,24.1,34.68387096774194,21
South Dakota,2022-09-01,3824.0,32.0,28.0,30,30,9,44.019343828825924,False,warm,E2022,884659,36.17212960021884,4322.569487226152,0.008368200836820083,20.21333333333333,34.68387096774194,21
South Dakota,2022-10-01,2816.0,39.0,38.0,31,31,10,44.019343828825924,False,transition,E2022,884659,44.084782950266714,3183.147404819258,0.013849431818181818,10.899999999999999,34.68387096774194,21
South Dakota,2022-11-01,4610.0,28.0,40.0,30,30,11,44.019343828825924,False,cold,E2022,884659,31.650613400191485,5211.047420531527,0.006073752711496746,-0.3233333333333334,34.68387096774194,21
South Dakota,2022-12-01,3059.0,29.0,19.0,31,31,12,44.019343828825924,False,cold,E2022,884659,32.780992450198326,3457.82951397092,0.009480222294867604,-8.912903225806453,34.68387096774194,21
South Dakota,2023-01-01,2073.0,22.0,31.0,31,31,1,44.019343828825924,False,cold,E2022,884659,24.868339100150454,2343.275770664177,0.010612638687891944,-7.616129032258065,34.68387096774194,21
Tennessee,2020-02-01,0.0,0.0,0.0,29,29,2,34.318710119315035,False,cold,E2019,6829174,0.0,0.0,,8.951724137931036,21.974193548387095,21
Tennessee,2020-03-01,2391.0,157.0,0.0,31,31,3,34.318710119315035,False,cold,E2019,6829174,22.989603135020428,350.1155483811073,0.06566290255123379,14.474193548387097,21.974193548387095,21
Tennessee,2020-04-01,9416.0,156.0,199.0,30,30,4,34.318710119315035,False,transition,E2019,6829174,22.84317254180374,1378.7904657283589,0.01656754460492778,16.113333333333333,21.974193548387095,21
Tennessee,2020-05-01,11467.0,213.0,165.0,31,31,5,34.318710119315035,False,warm,E2019,6829174,31.189716355155102,1679.1196124157914,0.018575041423214443,19.15806451612903,21.974193548387095,21
Tennessee,2020-06-01,20422.0,345.0,240.0,30,30,6,34.318710119315035,False,warm,E2019,6829174,50.518554659758266,2990.405574671256,0.01689354617569288,24.240000000000002,21.974193548387095,21
Tennessee,2020-07-01,60844.0,678.0,456.0,31,31,7,34.318710119315035,False,warm,E2019,6829174,99.27994220091624,8909.423013676325,0.01114325159424101,27.299999999999997,21.974193548387095,21
Tennessee,2020-08-01,48796.0,684.0,694.0,31,31,8,34.318710119315035,False,warm,E2019,6829174,100.15852576021639,7145.227226601636,0.01401754242150996,25.92258064516129,21.974193548387095,21
Tennessee,2020-09-01,41128.0,737.0,700.0,30,30,9,34.318710119315035,False,warm,E2020,6829174,107.919347200701,6022.397437816052,0.01791966543474032,21.993333333333332,21.974193548387095,21
Tennessee,2020-10-01,62933.0,1241.0,899.0,31,31,10,34.318710119315035,False,transition,E2020,6829174,181.72036618191308,9215.31652290599,0.019719384106907347,18.33225806451613,21.974193548387095,21
Tennessee,2020-11-01,113676.0,1925.0,1249.0,30,30,11,34.318710119315035,False,cold,E2020,6829174,281.8788919421295,16645.644114500523,0.016934093388226188,13.803333333333335,21.974193548387095,21
Tennessee,2020-12-01,214432.0,2548.0,2305.0,31,31,12,34.318710119315035,False,cold,E2020,6829174,373.1051515161277,31399.404964641406,0.011882554842560811,6.541935483870968,21.974193548387095,21
Tennessee,2021-01-01,135917.0,2449.0,2743.0,31,31,1,34.318710119315035,False,cold,E2020,6829174,358.6085227876753,19902.40693823294,0.018018349433845657,6.641935483870968,21.974193548387095,21
Tennessee,2021-02-01,47212.0,517.0,1761.0,28,28,2,34.318710119315035,False,cold,E2020,6829174,75.70461669302905,6913.281166946398,0.010950605778191985,7.2,21.974193548387095,21
Tennessee,2021-03-01,37634.0,414.0,439.0,31,31,3,34.318710119315035,False,cold,E2020,6829174,60.62226559170992,5510.768945116935,0.011000690864643673,13.490322580645161,21.974193548387095,21
Tennessee,2021-04-01,35489.0,253.0,287.0,30,30,4,34.318710119315035,False,transition,E2020,6829174,37.046940083822726,5196.6753226671335,0.007128969539857421,16.293333333333333,21.974193548387095,21
Tennessee,2021-05-01,17218.0,151.0,253.0,31,31,5,34.318710119315035,False,warm,E2020,6829174,22.111019575720285,2521.241954004979,0.008769891973516087,20.229032258064517,21.974193548387095,21
Tennessee,2021-06-01,6615.0,134.0,112.0,30,30,6,34.318710119315035,False,warm,E2020,6829174,19.621699491036544,968.6383741284085,0.020256991685563115,24.38,21.974193548387095,21
Tennessee,2021-07-01,32118.0,514.0,185.0,31,31,7,34.318710119315035,False,warm,E2020,6829174,75.26532491337898,4703.05779293367,0.016003487141166946,26.04516129032258,21.974193548387095,21
Tennessee,2021-08-01,161868.0,1501.0,774.0,31,31,8,34.318710119315035,False,warm,E2020,6829174,219.79232041825264,23702.42726279928,0.009272987866656783,25.980645161290322,21.974193548387095,21
Tennessee,2021-09-01,169988.0,1484.0,1682.0,30,30,9,34.318710119315035,False,warm,E2021,6829174,217.3030003335689,24891.443679718806,0.00873002800197661,22.383333333333333,21.974193548387095,21
Tennessee,2021-10-01,50596.0,704.0,1176.0,31,31,10,34.318710119315035,False,transition,E2021,6829174,103.0871376245502,7408.802294391679,0.013914143410546288,18.141935483870967,21.974193548387095,21
Tennessee,2021-11-01,36332.0,1346.0,820.0,30,30,11,34.318710119315035,False,cold,E2021,6829174,197.09557846966558,5320.1163127488035,0.03704723109104921,10.076666666666666,21.974193548387095,21
Tennessee,2021-12-01,119528.0,3878.0,3622.0,31,31,12,34.318710119315035,False,cold,E2021,6829174,567.8578404943263,17502.5559460046,0.03244428083796266,11.641935483870967,21.974193548387095,21
Tennessee,2022-01-01,442458.0,1923.0,1888.0,31,31,1,34.318710119315035,False,cold,E2021,6829174,281.5860307556961,64789.387413470504,0.00434617523019134,5.325806451612903,21.974193548387095,21
Tennessee,2022-02-01,126715.0,1480.0,1849.0,28,28,2,34.318710119315035,False,cold,E2021,6829174,216.71727796070212,18554.952619452954,0.011679753778163595,9.432142857142859,21.974193548387095,21
Tennessee,2022-03-01,13038.0,693.0,1107.0,31,31,3,34.318710119315035,False,cold,E2021,6829174,101.47640109916661,1909.1620743592125,0.05315232397606995,12.935483870967742,21.974193548387095,21
Tennessee,2022-04-01,10948.0,234.0,549.0,30,30,4,34.318710119315035,False,transition,E2021,6829174,34.26475881270561,1603.122134536329,0.021373766898063574,15.943333333333333,21.974193548387095,21
Tennessee,2022-05-01,34224.0,257.0,317.0,31,31,5,34.318710119315035,False,warm,E2021,6829174,37.63266245668949,5011.44062224802,0.007509350163627864,21.812903225806455,21.974193548387095,21
Tennessee,2022-06-01,62335.0,323.0,240.0,30,30,6,34.318710119315035,False,warm,E2021,6829174,47.29708160899107,9127.75102816241,0.005181679634234378,25.84,21.974193548387095,21
Tennessee,2022-07-01,81399.0,377.0,317.0,31,31,7,34.318710119315035,False,warm,E2021,6829174,55.20433364269237,11919.3038572454,0.004631506529564245,26.548387096774192,21.974193548387095,21
Tennessee,2022-08-01,94816.0,391.0,456.0,31,31,8,34.318710119315035,False,warm,E2021,6829174,57.25436194772603,13883.963126433739,0.004123776577792777,25.33225806451613,21.974193548387095,21
Tennessee,2022-09-01,38608.0,366.0,387.0,30,30,9,34.318710119315035,False,warm,E2022,6829174,53.59359711730877,5653.392342909991,0.009479900538748446,22.13,21.974193548387095,21
Tennessee,2022-10-01,25309.0,225.0,250.0,31,31,10,34.318710119315035,False,transition,E2022,6829174,32.94688347375539,3706.011883721223,0.008890118139792168,15.793548387096774,21.974193548387095,21
Tennessee,2022-11-01,29392.0,259.0,210.0,30,30,11,34.318710119315035,False,cold,E2022,6829174,37.92552364312287,4303.887995824971,0.008811921611322809,12.266666666666667,21.974193548387095,21
Tennessee,2022-12-01,44542.0,326.0,258.0,31,31,12,34.318710119315035,False,cold,E2022,6829174,47.73637338864115,6522.311483057834,0.007318934937811504,6.590322580645162,21.974193548387095,21
Tennessee,2023-01-01,41432.0,298.0,405.0,31,31,1,34.318710119315035,False,cold,E2022,6829174,43.63631677857381,6066.912338153926,0.007192508206217417,9.02258064516129,21.974193548387095,21
Texas,2020-02-01,0.0,8.0,0.0,29,29,2,30.47745530398597,False,cold,E2019,28995881,0.2759012564577707,0.0,,12.244827586206897,22.802764976958528,21
Texas,2020-03-01,3533.0,637.0,76.0,31,31,3,30.47745530398597,False,cold,E2019,28995881,21.96863754544999,121.84489238316297,0.18030002830455705,20.05483870967742,22.802764976958528,21
Texas,2020-04-01,19910.0,976.0,851.0,30,30,4,30.47745530398597,False,transition,E2019,28995881,33.65995328784802,686.6492520092768,0.049020592667001504,19.983333333333334,22.802764976958528,21
Texas,2020-05-01,30255.0,862.0,952.0,31,31,5,30.47745530398597,False,warm,E2019,28995881,29.72836038332479,1043.4240642662314,0.028491158486200627,24.05483870967742,22.802764976958528,21
Texas,2020-06-01,112456.0,2778.0,981.0,30,30,6,30.47745530398597,False,warm,E2019,28995881,95.80671130496087,3878.3439620268823,0.02470299494913566,27.653333333333332,22.802764976958528,21
Texas,2020-07-01,253084.0,6553.0,4841.0,31,31,7,30.47745530398597,False,warm,E2019,28995881,225.9976166959714,8728.274198669804,0.025892589021826746,29.393548387096775,22.802764976958528,21
Texas,2020-08-01,235776.0,3629.0,5436.0,31,31,8,30.47745530398597,False,warm,E2019,28995881,125.15570746065622,8131.361830323417,0.015391727741585233,30.716129032258067,22.802764976958528,21
Texas,2020-09-01,129941.0,2534.0,3162.0,30,30,9,30.47745530398597,False,warm,E2020,28995881,87.39172298299886,4481.360645672397,0.01950115821796046,25.386666666666667,22.802764976958528,21
Texas,2020-10-01,148312.0,3383.0,2515.0,31,31,10,30.47745530398597,False,transition,E2020,28995881,116.67174382457978,5114.93339347061,0.022810022115540212,21.051612903225806,22.802764976958528,21
Texas,2020-11-01,303922.0,4839.0,3558.0,30,30,11,30.47745530398597,False,cold,E2020,28995881,166.88577249989405,10481.557708144823,0.01592184836898941,18.346666666666668,22.802764976958528,21
Texas,2020-12-01,568809.0,7799.0,5718.0,31,31,12,30.47745530398597,False,cold,E2020,28995881,268.9692373892692,19616.88972306101,0.013711105133709206,11.67741935483871,22.802764976958528,21
Texas,2021-01-01,604733.0,8186.0,9018.0,31,31,1,30.47745530398597,False,cold,E2020,28995881,282.31596067041386,20855.82431518463,0.013536552495068072,11.151612903225805,22.802764976958528,21
Texas,2021-02-01,283302.0,5147.0,6682.0,28,28,2,30.47745530398597,False,cold,E2020,28995881,177.50797087351822,9770.42221962492,0.018167891508002063,8.571428571428571,22.802764976958528,21
Texas,2021-03-01,139105.0,2370.0,4425.0,31,31,3,30.47745530398597,False,cold,E2020,28995881,81.73574722561456,4797.4055349447735,0.01703748966607958,16.567741935483873,22.802764976958528,21
Texas,2021-04-01,99966.0,1380.0,1951.0,30,30,4,30.47745530398597,False,transition,E2020,28995881,47.592966738965444,3447.5931253821877,0.01380469359582258,19.52,22.802764976958528,21
Texas,2021-05-01,60592.0,940.0,1247.0,31,31,5,30.47745530398597,False,warm,E2020,28995881,32.418397633788054,2089.676116411155,0.01551359915500396,22.835483870967742,22.802764976958528,21
Texas,2021-06-01,44555.0,780.0,826.0,30,30,6,30.47745530398597,False,warm,E2020,28995881,26.900372504632642,1536.5975601844966,0.01750645269891146,26.9,22.802764976958528,21
Texas,2021-07-01,137355.0,2372.0,935.0,31,31,7,30.47745530398597,False,warm,E2020,28995881,81.804722539729,4737.0521350946365,0.01726912016308107,27.18064516129032,22.802764976958528,21
Texas,2021-08-01,464733.0,7183.0,3818.0,31,31,8,30.47745530398597,False,warm,E2020,28995881,247.72484064202084,16027.552327173642,0.01545618667062593,28.980645161290322,22.802764976958528,21
Texas,2021-09-01,456476.0,7367.0,8136.0,30,30,9,30.47745530398597,False,warm,E2021,28995881,254.07056954054957,15742.787742852166,0.016138855054811205,27.46,22.802764976958528,21
Texas,2021-10-01,175340.0,3555.0,5976.0,31,31,10,30.47745530398597,False,transition,E2021,28995881,122.60362083842185,6047.065788413189,0.020274894490703774,23.296774193548387,22.802764976958528,21
Texas,2021-11-01,94240.0,1792.0,2611.0,30,30,11,30.47745530398597,False,cold,E2021,28995881,61.801881446540634,3250.1168010725387,0.019015280135823428,15.793333333333333,22.802764976958528,21
Texas,2021-12-01,260356.0,2763.0,1925.0,31,31,12,30.47745530398597,False,cold,E2021,28995881,95.28939644910254,8979.068440789917,0.010612392262901565,18.241935483870968,22.802764976958528,21
Texas,2022-01-01,1607020.0,5831.0,3744.0,31,31,1,30.47745530398597,False,cold,E2021,28995881,201.0975283006576,55422.35464409583,0.0036284551530161415,10.096774193548388,22.802764976958528,21
Texas,2022-02-01,357293.0,3120.0,5410.0,28,28,2,30.47745530398597,False,cold,E2021,28995881,107.60149001853057,12322.198452945782,0.008732328928918284,9.417857142857143,22.802764976958528,21
Texas,2022-03-01,121150.0,983.0,2444.0,31,31,3,30.47745530398597,False,cold,E2021,28995881,33.90136688724857,4178.179652482365,0.008113908378043747,15.680645161290323,22.802764976958528,21
Texas,2022-04-01,96742.0,345.0,673.0,30,30,4,30.47745530398597,False,transition,E2021,28995881,11.898241684741361,3336.4049190297064,0.003566186351326208,22.06,22.802764976958528,21
Texas,2022-05-01,120380.0,258.0,260.0,31,31,5,30.47745530398597,False,warm,E2021,28995881,8.897815520763105,4151.624156548304,0.002143213158331949,26.887096774193548,22.802764976958528,21
Texas,2022-06-01,243547.0,467.0,343.0,30,30,6,30.47745530398597,False,warm,E2021,28995881,16.105735845722364,8399.365413315085,0.0019174943645374404,30.793333333333333,22.802764976958528,21
Texas,2022-07-01,344794.0,858.0,548.0,31,31,7,30.47745530398597,False,warm,E2021,28995881,29.590409755095905,11891.137227387573,0.0024884423742872557,31.374193548387098,22.802764976958528,21
Texas,2022-08-01,303315.0,728.0,941.0,31,31,8,30.47745530398597,False,warm,E2021,28995881,25.10701433765713,10460.62370031109,0.002400145063712642,29.0258064516129,22.802764976958528,21
Texas,2022-09-01,146721.0,433.0,606.0,30,30,9,30.47745530398597,False,warm,E2022,28995881,14.933155505776838,5060.063531092572,0.0029511794494312335,27.173333333333336,22.802764976958528,21
Texas,2022-10-01,54775.0,282.0,342.0,31,31,10,30.47745530398597,False,transition,E2022,28995881,9.725519290136416,1889.0614153092986,0.005148334094020995,22.26774193548387,22.802764976958528,21
Texas,2022-11-01,63160.0,349.0,244.0,30,30,11,30.47745530398597,False,cold,E2022,28995881,12.036192312970245,2178.2404197340993,0.005525649145028499,14.953333333333335,22.802764976958528,21
Texas,2022-12-01,125728.0,634.0,399.0,31,31,12,30.47745530398597,False,cold,E2022,28995881,21.865174574278328,4336.064146490324,0.005042631712904047,12.551612903225807,22.802764976958528,21
Texas,2023-01-01,125603.0,926.0,728.0,31,31,1,30.47745530398597,False,cold,E2022,28995881,31.935570434986957,4331.753189358171,0.007372435371766598,13.183870967741935,22.802764976958528,21
Utah,2020-02-01,0.0,0.0,0.0,29,29,2,40.2422809672315,False,cold,E2019,3205958,0.0,0.0,,-7.5793103448275865,28.275460829493085,21
Utah,2020-03-01,888.0,32.0,5.0,31,31,3,40.2422809672315,False,cold,E2019,3205958,9.981415851361746,276.9842898752884,0.036036036036036036,-1.9774193548387096,28.275460829493085,21
Utah,2020-04-01,3784.0,60.0,41.0,30,30,4,40.2422809672315,False,transition,E2019,3205958,18.715154721303275,1180.3024244235264,0.015856236786469344,0.9866666666666667,28.275460829493085,21
Utah,2020-05-01,5125.0,66.0,67.0,31,31,5,40.2422809672315,False,warm,E2019,3205958,20.5866701934336,1598.5861324446546,0.012878048780487804,6.606451612903226,28.275460829493085,21
Utah,2020-06-01,12420.0,93.0,59.0,30,30,6,40.2422809672315,False,warm,E2019,3205958,29.008489818020074,3874.0370273097774,0.00748792270531401,12.353333333333333,28.275460829493085,21
Utah,2020-07-01,17979.0,132.0,132.0,31,31,7,40.2422809672315,False,warm,E2019,3205958,41.1733403868672,5607.996112238526,0.0073418988820290335,18.58709677419355,28.275460829493085,21
Utah,2020-08-01,11911.0,58.0,103.0,31,31,8,40.2422809672315,False,warm,E2019,3205958,18.091316230593165,3715.270131424055,0.0048694484090336665,20.429032258064513,28.275460829493085,21
Utah,2020-09-01,20935.0,116.0,52.0,30,30,9,40.2422809672315,False,warm,E2020,3205958,36.18263246118633,6530.029401508067,0.005540960114640554,13.113333333333333,28.275460829493085,21
Utah,2020-10-01,41614.0,230.0,145.0,31,31,10,40.2422809672315,False,transition,E2020,3205958,71.74142643166255,12980.20747620524,0.005526986110443601,6.448387096774193,28.275460829493085,21
Utah,2020-11-01,81050.0,374.0,267.0,30,30,11,40.2422809672315,False,cold,E2020,3205958,116.65779776279041,25281.05483602717,0.004614435533621221,-2.6566666666666667,28.275460829493085,21
Utah,2020-12-01,80906.0,386.0,398.0,31,31,12,40.2422809672315,False,cold,E2020,3205958,120.40082870705106,25236.138464696043,0.004770968778582552,-7.638709677419354,28.275460829493085,21
Utah,2021-01-01,70012.0,305.0,396.0,31,31,1,40.2422809672315,False,cold,E2020,3205958,95.13536983329163,21838.09020579808,0.004356396046392047,-7.396774193548388,28.275460829493085,21
Utah,2021-02-01,24611.0,210.0,270.0,28,28,2,40.2422809672315,False,cold,E2020,3205958,65.50304152456145,7676.644547433248,0.008532769899638373,-6.939285714285715,28.275460829493085,21
Utah,2021-03-01,14406.0,115.0,187.0,31,31,3,40.2422809672315,False,cold,E2020,3205958,35.87071321583127,4493.508648584916,0.00798278495071498,-3.351612903225807,28.275460829493085,21
Utah,2021-04-01,11682.0,112.0,80.0,30,30,4,40.2422809672315,False,transition,E2020,3205958,34.93495547976611,3643.8406242377473,0.009587399417907892,0.6733333333333333,28.275460829493085,21
Utah,2021-05-01,8847.0,41.0,100.0,31,31,5,40.2422809672315,False,warm,E2020,3205958,12.788689059557237,2759.5495636561677,0.004634339324064655,6.035483870967742,28.275460829493085,21
Utah,2021-06-01,8969.0,94.0,69.0,30,30,6,40.2422809672315,False,warm,E2020,3205958,29.320409063375127,2797.603711589484,0.01048054409633181,17.03666666666667,28.275460829493085,21
Utah,2021-07-01,17328.0,148.0,80.0,31,31,7,40.2422809672315,False,warm,E2020,3205958,46.164048312548076,5404.936683512386,0.008541089566020314,19.98709677419355,28.275460829493085,21
Utah,2021-08-01,31955.0,257.0,183.0,31,31,8,40.2422809672315,False,warm,E2020,3205958,80.16324605624902,9967.37948532077,0.008042559849788765,16.480645161290322,28.275460829493085,21
Utah,2021-09-01,44072.0,289.0,298.0,30,30,9,40.2422809672315,False,warm,E2021,3205958,90.14466190761077,13746.904981287964,0.00655745144309312,13.173333333333334,28.275460829493085,21
Utah,2021-10-01,41388.0,310.0,276.0,31,31,10,40.2422809672315,False,transition,E2021,3205958,96.69496606006692,12909.713726754999,0.007490093746979801,2.2806451612903227,28.275460829493085,21
Utah,2021-11-01,45919.0,310.0,320.0,30,30,11,40.2422809672315,False,cold,E2021,3205958,96.69496606006692,14323.019827458751,0.0067510180970839955,1.2333333333333334,28.275460829493085,21
Utah,2021-12-01,41191.0,292.0,259.0,31,31,12,40.2422809672315,False,cold,E2021,3205958,91.08041964367592,12848.265635420052,0.007088927192833386,-5.064516129032258,28.275460829493085,21
Utah,2022-01-01,248531.0,329.0,331.0,31,31,1,40.2422809672315,False,cold,E2021,3205958,102.62143172181295,77521.60196733706,0.0013237785225987905,-6.464516129032258,28.275460829493085,21
Utah,2022-02-01,37329.0,213.0,293.0,28,28,2,40.2422809672315,False,cold,E2021,3205958,66.43879926062662,11643.633509858832,0.005706019448686008,-7.846428571428571,28.275460829493085,21
Utah,2022-03-01,5070.0,168.0,303.0,31,31,3,40.2422809672315,False,cold,E2021,3205958,52.40243321964917,1581.4305739501267,0.033136094674556214,-2.674193548387097,28.275460829493085,21
Utah,2022-04-01,4331.0,25.0,33.0,30,30,4,40.2422809672315,False,transition,E2021,3205958,7.797981133876364,1350.9222516327413,0.005772338951743246,-0.20333333333333328,28.275460829493085,21
Utah,2022-05-01,16726.0,41.0,30.0,31,31,5,40.2422809672315,False,warm,E2021,3205958,12.788689059557237,5217.161297808642,0.0024512734664594044,3.658064516129032,28.275460829493085,21
Utah,2022-06-01,33916.0,78.0,57.0,30,30,6,40.2422809672315,False,warm,E2021,3205958,24.329701137694254,10579.053125462031,0.0022997995046585683,13.0,28.275460829493085,21
Utah,2022-07-01,27397.0,69.0,66.0,31,31,7,40.2422809672315,False,warm,E2021,3205958,21.522427929498765,8545.65156499243,0.002518523925977297,19.219354838709677,28.275460829493085,21
Utah,2022-08-01,16520.0,48.0,68.0,31,31,8,40.2422809672315,False,warm,E2021,3205958,14.972123777042619,5152.9059332655015,0.0029055690072639223,17.200000000000003,28.275460829493085,21
Utah,2022-09-01,11604.0,46.0,53.0,30,30,9,40.2422809672315,False,warm,E2022,3205958,14.34828528633251,3619.510923100053,0.003964150293002413,14.413333333333332,28.275460829493085,21
Utah,2022-10-01,7056.0,42.0,35.0,31,31,10,40.2422809672315,False,transition,E2022,3205958,13.100608304912292,2200.902195225265,0.005952380952380952,4.800000000000001,28.275460829493085,21
Utah,2022-11-01,13402.0,72.0,54.0,30,30,11,40.2422809672315,False,cold,E2022,3205958,22.458185665563928,4180.341726248441,0.005372332487688405,-6.239999999999999,28.275460829493085,21
Utah,2022-12-01,15954.0,73.0,77.0,31,31,12,40.2422809672315,False,cold,E2022,3205958,22.77010491091898,4976.35964039454,0.004575655008148427,-7.15483870967742,28.275460829493085,21
Utah,2023-01-01,6518.0,39.0,66.0,31,31,1,40.2422809672315,False,cold,E2022,3205958,12.164850568847127,2033.0896412242455,0.005983430500153421,-7.780645161290322,28.275460829493085,21
Vermont,2020-02-01,0.0,2.0,0.0,29,29,2,42.80521247210115,False,cold,E2019,623989,3.20518470678169,0.0,,0.4,27.35483870967742,21
Vermont,2020-03-01,293.0,38.0,13.0,31,31,3,42.80521247210115,False,cold,E2019,623989,60.89850942885211,469.5595595435176,,4.580645161290323,27.35483870967742,21
Vermont,2020-04-01,573.0,14.0,36.0,30,30,4,42.80521247210115,False,transition,E2019,623989,22.43629294747183,918.2854184929542,0.02443280977312391,6.123333333333333,27.35483870967742,21
Vermont,2020-05-01,115.0,2.0,6.0,31,31,5,42.80521247210115,False,warm,E2019,623989,3.20518470678169,184.29812063994717,,13.077419354838709,27.35483870967742,21
Vermont,2020-06-01,227.0,0.0,1.0,30,30,6,42.80521247210115,False,warm,E2019,623989,0.0,363.78846421972185,,19.836666666666666,27.35483870967742,21
Vermont,2020-07-01,206.0,2.0,1.0,31,31,7,42.80521247210115,False,warm,E2019,623989,3.20518470678169,330.1340247985141,,23.27741935483871,27.35483870967742,21
Vermont,2020-08-01,210.0,0.0,1.0,31,31,8,42.80521247210115,False,warm,E2019,623989,0.0,336.54439421207746,,22.693548387096776,27.35483870967742,21
Vermont,2020-09-01,128.0,0.0,0.0,30,30,9,42.80521247210115,False,warm,E2020,623989,0.0,205.13182123402817,,18.09333333333333,27.35483870967742,21
Vermont,2020-10-01,427.0,5.0,0.0,31,31,10,42.80521247210115,False,transition,E2020,623989,8.012961766954225,684.3069348978909,,12.241935483870968,27.35483870967742,21
Vermont,2020-11-01,1993.0,48.0,11.0,30,30,11,42.80521247210115,False,cold,E2020,623989,76.92443296276056,3193.9665603079543,0.02408429503261415,8.09,27.35483870967742,21
Vermont,2020-12-01,3240.0,57.0,67.0,31,31,12,42.80521247210115,False,cold,E2020,623989,91.34776414327817,5192.399224986338,0.017592592592592594,1.7967741935483872,27.35483870967742,21
Vermont,2021-01-01,4553.0,29.0,38.0,31,31,1,42.80521247210115,False,cold,E2020,623989,46.47517824833451,7296.602984988517,0.006369426751592357,-1.1419354838709677,27.35483870967742,21
Vermont,2021-02-01,3233.0,22.0,30.0,28,28,2,42.80521247210115,False,cold,E2020,623989,35.25703177459859,5181.181078512602,0.006804825239715435,-1.6500000000000001,27.35483870967742,21
Vermont,2021-03-01,4077.0,24.0,23.0,31,31,3,42.80521247210115,False,cold,E2020,623989,38.46221648138028,6533.769024774475,0.005886681383370125,3.3129032258064517,27.35483870967742,21
Vermont,2021-04-01,3677.0,12.0,19.0,30,30,4,42.80521247210115,False,transition,E2020,623989,19.23110824069014,5892.732083418137,0.003263530051672559,8.053333333333333,27.35483870967742,21
Vermont,2021-05-01,1268.0,1.0,9.0,31,31,5,42.80521247210115,False,warm,E2020,623989,1.602592353390845,2032.0871040995914,0.0007886435331230284,14.174193548387096,27.35483870967742,21
Vermont,2021-06-01,190.0,3.0,1.0,30,30,6,42.80521247210115,False,warm,E2020,623989,4.807777060172535,304.4925471442606,,21.686666666666667,27.35483870967742,21
Vermont,2021-07-01,479.0,11.0,4.0,31,31,7,42.80521247210115,False,warm,E2020,623989,17.628515887299294,767.6417372742147,,20.325806451612905,27.35483870967742,21
Vermont,2021-08-01,3311.0,31.0,16.0,31,31,8,42.80521247210115,False,warm,E2020,623989,49.680362955116195,5306.183282077088,0.009362730292962852,22.63225806451613,27.35483870967742,21
Vermont,2021-09-01,5462.0,50.0,41.0,30,30,9,42.80521247210115,False,warm,E2021,623989,80.12961766954226,8753.359434220796,0.009154155986818015,19.026666666666664,27.35483870967742,21
Vermont,2021-10-01,6529.0,53.0,47.0,31,31,10,42.80521247210115,False,transition,E2021,623989,84.93739472971478,10463.325475288828,0.008117629039669168,14.148387096774194,27.35483870967742,21
Vermont,2021-11-01,9823.0,51.0,46.0,30,30,11,42.80521247210115,False,cold,E2021,623989,81.7322100229331,15742.26468735827,0.005191896569276188,6.02,27.35483870967742,21
Vermont,2021-12-01,14433.0,59.0,61.0,31,31,12,42.80521247210115,False,cold,E2021,623989,94.55294885005986,23130.215436490067,0.004087854222961269,2.987096774193548,27.35483870967742,21
Vermont,2022-01-01,40025.0,69.0,65.0,31,31,1,42.80521247210115,False,cold,E2021,623989,110.5788723839683,64143.75894446857,0.0017239225484072455,-3.4870967741935486,27.35483870967742,21
Vermont,2022-02-01,7892.0,28.0,62.0,28,28,2,42.80521247210115,False,cold,E2021,623989,44.87258589494366,12647.658852960549,0.0035478966041561076,-0.375,27.35483870967742,21
Vermont,2022-03-01,4275.0,15.0,19.0,31,31,3,42.80521247210115,False,cold,E2021,623989,24.038885300862674,6851.082310745863,0.0035087719298245615,3.512903225806452,27.35483870967742,21
Vermont,2022-04-01,7203.0,28.0,20.0,30,30,4,42.80521247210115,False,transition,E2021,623989,44.87258589494366,11543.472721474256,0.003887269193391642,8.45,27.35483870967742,21
Vermont,2022-05-01,7618.0,25.0,24.0,31,31,5,42.80521247210115,False,warm,E2021,623989,40.06480883477113,12208.548548131457,0.003281701233919664,14.358064516129033,27.35483870967742,21
Vermont,2022-06-01,4208.0,10.0,22.0,30,30,6,42.80521247210115,False,warm,E2021,623989,16.02592353390845,6743.7086230686755,0.002376425855513308,18.566666666666666,27.35483870967742,21
Vermont,2022-07-01,1981.0,13.0,10.0,31,31,7,42.80521247210115,False,warm,E2021,623989,20.833700594080984,3174.735452067264,0.006562342251388188,23.86774193548387,27.35483870967742,21
Vermont,2022-08-01,2659.0,17.0,14.0,31,31,8,42.80521247210115,False,warm,E2021,623989,27.244070007644364,4261.293067666257,0.006393380970289583,23.200000000000003,27.35483870967742,21
Vermont,2022-09-01,2135.0,15.0,12.0,30,30,9,42.80521247210115,False,warm,E2022,623989,24.038885300862674,3421.534674489454,0.00702576112412178,17.33,27.35483870967742,21
Vermont,2022-10-01,2452.0,29.0,21.0,31,31,10,42.80521247210115,False,transition,E2022,623989,46.47517824833451,3929.556450514352,0.011827079934747145,12.47741935483871,27.35483870967742,21
Vermont,2022-11-01,1882.0,28.0,30.0,30,30,11,42.80521247210115,False,cold,E2022,623989,44.87258589494366,3016.0788090815704,0.01487778958554729,8.503333333333334,27.35483870967742,21
Vermont,2022-12-01,1616.0,93.0,21.0,31,31,12,42.80521247210115,False,cold,E2022,623989,149.0410888653486,2589.7892430796055,0.05754950495049505,2.0258064516129033,27.35483870967742,21
Vermont,2023-01-01,1797.0,26.0,98.0,31,31,1,42.80521247210115,False,cold,E2022,623989,41.66740118816197,2879.8584590433484,0.014468558708959377,2.170967741935484,27.35483870967742,21
Virginia,2020-02-01,0.0,3.0,0.0,29,29,2,37.799101309493665,False,cold,E2019,8535519,0.351472476366112,0.0,,6.493103448275862,26.835483870967742,21
Virginia,2020-03-01,1249.0,321.0,27.0,31,31,3,37.799101309493665,False,cold,E2019,8535519,37.60755497117398,146.32970766042465,0.2570056044835869,11.654838709677419,26.835483870967742,21
Virginia,2020-04-01,14598.0,776.0,525.0,30,30,4,37.799101309493665,False,transition,E2019,8535519,90.91421388670098,1710.265069997501,0.05315796684477326,12.843333333333334,26.835483870967742,21
Virginia,2020-05-01,28760.0,511.0,823.0,31,31,5,37.799101309493665,False,warm,E2019,8535519,59.86747847436108,3369.4494734297937,0.017767732962447845,17.187096774193545,26.835483870967742,21
Virginia,2020-06-01,18180.0,437.0,388.0,30,30,6,37.799101309493665,False,warm,E2019,8535519,51.197824057330315,2129.923206778639,0.02403740374037404,23.73,26.835483870967742,21
Virginia,2020-07-01,27101.0,388.0,411.0,31,31,7,37.799101309493665,False,warm,E2019,8535519,45.45710694335049,3175.085193999334,0.01431681487767979,28.051612903225806,26.835483870967742,21
Virginia,2020-08-01,30706.0,585.0,406.0,31,31,8,37.799101309493665,False,warm,E2019,8535519,68.53713289139183,3597.4379530992783,0.01905165114309907,24.75483870967742,26.835483870967742,21
Virginia,2020-09-01,27677.0,494.0,628.0,30,30,9,37.799101309493665,False,warm,E2020,8535519,57.875801108286446,3242.5679094616276,0.017848755284170972,19.996666666666666,26.835483870967742,21
Virginia,2020-10-01,32919.0,423.0,446.0,31,31,10,37.799101309493665,False,transition,E2020,8535519,49.557619167621795,3856.707483165347,0.012849722045019593,15.709677419354838,26.835483870967742,21
Virginia,2020-11-01,56645.0,716.0,408.0,30,30,11,37.799101309493665,False,cold,E2020,8535519,83.88476435937874,6636.386141252805,0.012640127107423427,11.696666666666665,26.835483870967742,21
Virginia,2020-12-01,111749.0,1286.0,970.0,31,31,12,37.799101309493665,False,cold,E2020,8535519,150.66453486894002,13092.23258714555,0.011507932956894468,4.480645161290322,26.835483870967742,21
Virginia,2021-01-01,155195.0,1391.0,1432.0,31,31,1,37.799101309493665,False,cold,E2020,8535519,162.96607154175393,18182.256989879585,0.008962917619768678,2.7225806451612904,26.835483870967742,21
Virginia,2021-02-01,71271.0,2786.0,2088.0,28,28,2,37.799101309493665,False,cold,E2020,8535519,326.400773051996,8349.931621029724,0.039090233054117386,2.882142857142857,26.835483870967742,21
Virginia,2021-03-01,42926.0,523.0,1700.0,31,31,3,37.799101309493665,False,cold,E2020,8535519,61.27336837982553,5029.102506830574,0.012183758095326841,10.041935483870969,26.835483870967742,21
Virginia,2021-04-01,40614.0,434.0,518.0,30,30,4,37.799101309493665,False,transition,E2020,8535519,50.8463515809642,4758.234385044424,0.010685970355049982,14.139999999999999,26.835483870967742,21
Virginia,2021-05-01,15948.0,286.0,416.0,31,31,5,37.799101309493665,False,warm,E2020,8535519,33.50704274690268,1868.4276843622515,0.017933283170303488,18.53548387096774,26.835483870967742,21
Virginia,2021-06-01,4802.0,131.0,229.0,30,30,6,37.799101309493665,False,warm,E2020,8535519,15.347631467986892,562.5902771700233,0.027280299875052063,24.033333333333335,26.835483870967742,21
Virginia,2021-07-01,14044.0,156.0,117.0,31,31,7,37.799101309493665,False,warm,E2020,8535519,18.276568771037823,1645.3598193618923,0.011107946454001708,26.219354838709677,26.835483870967742,21
Virginia,2021-08-01,72051.0,717.0,310.0,31,31,8,37.799101309493665,False,warm,E2020,8535519,84.00192185150077,8441.314464884912,0.009951284506807679,25.603225806451615,26.835483870967742,21
Virginia,2021-09-01,100341.0,1260.0,908.0,30,30,9,37.799101309493665,False,warm,E2021,8535519,147.61844007376703,11755.699917017348,0.012557180016144946,22.033333333333335,26.835483870967742,21
Virginia,2021-10-01,57995.0,868.0,1157.0,31,31,10,37.799101309493665,False,transition,E2021,8535519,101.6927031619284,6794.548755617555,0.014966807483403741,17.98709677419355,26.835483870967742,21
Virginia,2021-11-01,44345.0,682.0,803.0,30,30,11,37.799101309493665,False,cold,E2021,8535519,79.90140962722947,5195.348988151745,0.01537941143308152,8.356666666666666,26.835483870967742,21
Virginia,2021-12-01,149402.0,678.0,877.0,31,31,12,37.799101309493665,False,cold,E2021,8535519,79.43277965874131,17503.56363801662,0.0045380918595467265,8.712903225806452,26.835483870967742,21
Virginia,2022-01-01,427132.0,2293.0,630.0,31,31,1,37.799101309493665,False,cold,E2021,8535519,268.64212943583163,50041.71392507005,0.005368363878145398,1.2161290322580645,26.835483870967742,21
Virginia,2022-02-01,94292.0,1375.0,2554.0,28,28,2,37.799101309493665,False,cold,E2021,8535519,161.09155166780133,11047.014247171144,0.014582361175921606,5.735714285714286,26.835483870967742,21
Virginia,2022-03-01,28949.0,604.0,921.0,31,31,3,37.799101309493665,False,cold,E2021,8535519,70.76312524171055,3391.592239440859,0.020864278558844866,10.496774193548386,26.835483870967742,21
Virginia,2022-04-01,32567.0,214.0,544.0,30,30,4,37.799101309493665,False,transition,E2021,8535519,25.07170331411599,3815.46804593839,0.006571068873399454,14.166666666666666,26.835483870967742,21
Virginia,2022-05-01,86298.0,129.0,153.0,31,31,5,37.799101309493665,False,warm,E2021,8535519,15.113316483742816,10110.457255147578,0.001494820273934506,19.596774193548388,26.835483870967742,21
Virginia,2022-06-01,81475.0,386.0,209.0,30,30,6,37.799101309493665,False,warm,E2021,8535519,45.22279195910641,9545.406670642991,0.004737649585762504,24.113333333333333,26.835483870967742,21
Virginia,2022-07-01,85485.0,396.0,320.0,31,31,7,37.799101309493665,False,warm,E2021,8535519,46.394366880326785,10015.208214052362,0.004632391647657484,26.60967741935484,26.835483870967742,21
Virginia,2022-08-01,85390.0,480.0,498.0,31,31,8,37.799101309493665,False,warm,E2021,8535519,56.235596218577925,10004.078252300767,0.005621267127298279,25.293548387096774,26.835483870967742,21
Virginia,2022-09-01,47254.0,379.0,433.0,30,30,9,37.799101309493665,False,warm,E2022,8535519,44.40268951425215,5536.160132734753,0.008020485038303635,21.69333333333333,26.835483870967742,21
Virginia,2022-10-01,32920.0,196.0,350.0,31,31,10,37.799101309493665,False,transition,E2022,8535519,22.962868455919317,3856.824640657469,0.005953827460510328,13.47741935483871,26.835483870967742,21
Virginia,2022-11-01,29232.0,322.0,219.0,30,30,11,37.799101309493665,False,cold,E2022,8535519,37.72471246329602,3424.7478097113953,0.011015325670498084,10.596666666666666,26.835483870967742,21
Virginia,2022-12-01,49790.0,336.0,252.0,31,31,12,37.799101309493665,False,cold,E2022,8535519,39.36491735300454,5833.271532756239,0.006748343040771239,3.6903225806451614,26.835483870967742,21
Virginia,2023-01-01,61494.0,668.0,465.0,31,31,1,37.799101309493665,False,cold,E2022,8535519,78.26120473752094,7204.482820552564,0.010862848407974761,6.819354838709677,26.835483870967742,21
Washington,2020-02-01,6.0,94.0,1.0,29,29,2,47.214833468969495,False,cold,E2019,7614893,12.34423123213944,0.7879296531152834,,0.20689655172413798,23.709677419354836,21
Washington,2020-03-01,5425.0,631.0,224.0,31,31,3,47.214833468969495,False,cold,E2019,7614893,82.8639351859573,712.4197280250688,0.11631336405529955,1.1483870967741936,23.709677419354836,21
Washington,2020-04-01,8895.0,336.0,611.0,30,30,4,47.214833468969495,False,transition,E2019,7614893,44.124060574455875,1168.1057107434076,0.03777403035413154,5.526666666666667,23.709677419354836,21
Washington,2020-05-01,7375.0,187.0,287.0,31,31,5,47.214833468969495,False,warm,E2019,7614893,24.557140855426333,968.4968652875359,0.02535593220338983,10.40967741935484,23.709677419354836,21
Washington,2020-06-01,11737.0,232.0,180.0,30,30,6,47.214833468969495,False,warm,E2019,7614893,30.46661325379096,1541.321723102347,0.019766550225781717,12.833333333333334,23.709677419354836,21
Washington,2020-07-01,24147.0,360.0,300.0,31,31,7,47.214833468969495,False,warm,E2019,7614893,47.275779186917006,3171.022888962458,0.014908684308609765,16.82903225806452,23.709677419354836,21
Washington,2020-08-01,17916.0,200.0,309.0,31,31,8,47.214833468969495,False,warm,E2019,7614893,26.264321770509447,2352.757944202236,0.011163206072784104,17.661290322580644,23.709677419354836,21
Washington,2020-09-01,13961.0,208.0,188.0,30,30,9,47.214833468969495,False,warm,E2020,7614893,27.314894641329825,1833.380981190412,0.014898646228780173,16.323333333333334,23.709677419354836,21
Washington,2020-10-01,21345.0,347.0,245.0,31,31,10,47.214833468969495,False,transition,E2020,7614893,45.56859827183389,2803.0597409576208,0.016256734598266574,8.887096774193548,23.709677419354836,21
Washington,2020-11-01,61154.0,511.0,417.0,30,30,11,47.214833468969495,False,cold,E2020,7614893,67.10534212365164,8030.841667768674,0.00835595382149982,2.0033333333333334,23.709677419354836,21
Washington,2020-12-01,74790.0,959.0,697.0,31,31,12,47.214833468969495,False,cold,E2020,7614893,125.9374228895928,9821.543126082008,0.012822569862281053,-1.038709677419355,23.709677419354836,21
Washington,2021-01-01,64845.0,757.0,826.0,31,31,1,47.214833468969495,False,cold,E2020,7614893,99.41045790137827,8515.549726043426,0.011673991826663583,-0.05161290322580641,23.709677419354836,21
Washington,2021-02-01,28176.0,352.0,671.0,28,28,2,47.214833468969495,False,cold,E2020,7614893,46.22520631609663,3700.117651029371,0.01249290176036343,-1.3178571428571428,23.709677419354836,21
Washington,2021-03-01,24713.0,248.0,291.0,31,31,3,47.214833468969495,False,cold,E2020,7614893,32.56775899543172,3245.350919573,0.010035204143568163,1.567741935483871,23.709677419354836,21
Washington,2021-04-01,38554.0,280.0,252.0,30,30,4,47.214833468969495,False,transition,E2020,7614893,36.77005047871323,5062.973307701106,0.007262540851792292,4.53,23.709677419354836,21
Washington,2021-05-01,32809.0,136.0,266.0,31,31,5,47.214833468969495,False,warm,E2020,7614893,17.859738803946424,4308.530664843222,0.004145204059861623,8.974193548387097,23.709677419354836,21
Washington,2021-06-01,15746.0,225.0,165.0,30,30,6,47.214833468969495,False,warm,E2020,7614893,29.547361991823127,2067.790052992209,0.014289343325288962,16.906666666666666,23.709677419354836,21
Washington,2021-07-01,21481.0,293.0,192.0,31,31,7,47.214833468969495,False,warm,E2020,7614893,38.47723139379634,2820.9194797615673,0.013639960895675247,20.02258064516129,23.709677419354836,21
Washington,2021-08-01,89965.0,959.0,452.0,31,31,8,47.214833468969495,False,warm,E2020,7614893,125.9374228895928,11814.348540419413,0.010659700994831323,18.39032258064516,23.709677419354836,21
Washington,2021-09-01,94585.0,1102.0,1152.0,30,30,9,47.214833468969495,False,warm,E2021,7614893,144.71641295550705,12421.05437331818,0.011650896019453402,13.363333333333333,23.709677419354836,21
Washington,2021-10-01,67809.0,693.0,902.0,31,31,10,47.214833468969495,False,transition,E2021,7614893,91.00587493481524,8904.786974682376,0.010219882316506659,6.583870967741936,23.709677419354836,21
Washington,2021-11-01,49030.0,615.0,675.0,30,30,11,47.214833468969495,False,cold,E2021,7614893,80.76278944431655,6438.698482040391,0.01254334081174791,2.496666666666667,23.709677419354836,21
Washington,2021-12-01,74610.0,676.0,550.0,31,31,12,47.214833468969495,False,cold,E2021,7614893,88.77340758432193,9797.90523648855,0.009060447661171424,-2.4096774193548383,23.709677419354836,21
Washington,2022-01-01,490662.0,1214.0,923.0,31,31,1,47.214833468969495,False,cold,E2021,7614893,159.42443314699236,64434.52324280854,0.0024742083144812517,-1.6516129032258065,23.709677419354836,21
Washington,2022-02-01,84253.0,740.0,1090.0,28,28,2,47.214833468969495,False,cold,E2021,7614893,97.17799055088496,11064.239510653662,0.008783070039049054,-0.06785714285714287,23.709677419354836,21
Washington,2022-03-01,30782.0,295.0,612.0,31,31,3,47.214833468969495,False,cold,E2021,7614893,38.739874611501435,4042.341763699109,0.009583522838022222,2.7161290322580647,23.709677419354836,21
Washington,2022-04-01,43344.0,213.0,225.0,30,30,4,47.214833468969495,False,transition,E2021,7614893,27.97150268559256,5692.003814104807,0.004914174972314507,2.0566666666666666,23.709677419354836,21
Washington,2022-05-01,75535.0,252.0,216.0,31,31,5,47.214833468969495,False,warm,E2021,7614893,33.093045430841904,9919.377724677155,0.0033362017607731515,6.854838709677419,23.709677419354836,21
Washington,2022-06-01,85501.0,394.0,320.0,30,30,6,47.214833468969495,False,warm,E2021,7614893,51.74071388790361,11228.128878501642,0.00460813323820774,12.866666666666667,23.709677419354836,21
Washington,2022-07-01,70797.0,411.0,365.0,31,31,7,47.214833468969495,False,warm,E2021,7614893,53.97318123839692,9297.175941933787,0.00580533073435315,18.825806451612905,23.709677419354836,21
Washington,2022-08-01,54779.0,325.0,435.0,31,31,8,47.214833468969495,False,warm,E2021,7614893,42.67952287707785,7193.666411333686,0.005932930502564851,20.416129032258063,23.709677419354836,21
Washington,2022-09-01,31455.0,271.0,300.0,30,30,9,47.214833468969495,False,warm,E2022,7614893,35.5881559990403,4130.721206456873,0.008615482435224925,15.94,23.709677419354836,21
Washington,2022-10-01,22023.0,189.0,238.0,31,31,10,47.214833468969495,False,transition,E2022,7614893,24.819784073131427,2892.095791759648,0.00858193706579485,12.02258064516129,23.709677419354836,21
Washington,2022-11-01,19443.0,286.0,128.0,30,30,11,47.214833468969495,False,cold,E2022,7614893,37.55798013182851,2553.286040920076,0.014709664146479453,-0.8433333333333334,23.709677419354836,21
Washington,2022-12-01,26027.0,321.0,333.0,31,31,12,47.214833468969495,False,cold,E2022,7614893,42.15423644166766,3417.907513605247,0.012333346140546356,-3.293548387096774,23.709677419354836,21
Washington,2023-01-01,20522.0,256.0,342.0,31,31,1,47.214833468969495,False,cold,E2022,7614893,33.61833186625209,2694.9820568719742,0.01247441769808011,-0.7032258064516129,23.709677419354836,21
West Virginia,2020-02-01,0.0,0.0,0.0,29,29,2,38.71626293256997,False,cold,E2019,1792147,0.0,0.0,,3.9413793103448276,26.183870967741935,21
West Virginia,2020-03-01,162.0,26.0,1.0,31,31,3,38.71626293256997,False,cold,E2019,1792147,14.507738483506097,90.39437055107645,,9.761290322580646,26.183870967741935,21
West Virginia,2020-04-01,963.0,44.0,40.0,30,30,4,38.71626293256997,False,transition,E2019,1792147,24.551557433625703,537.3443138313988,0.04569055036344756,9.656666666666666,26.183870967741935,21
West Virginia,2020-05-01,885.0,19.0,34.0,31,31,5,38.71626293256997,False,warm,E2019,1792147,10.601808891792917,493.8210983808806,0.021468926553672316,14.480645161290322,26.183870967741935,21
West Virginia,2020-06-01,895.0,12.0,18.0,30,30,6,38.71626293256997,False,warm,E2019,1792147,6.695879300079737,499.4009977976137,0.013407821229050279,20.4,26.183870967741935,21
West Virginia,2020-07-01,3674.0,70.0,23.0,31,31,7,38.71626293256997,False,warm,E2019,1792147,39.0592959171318,2050.055045707746,0.01905280348394121,24.419354838709676,26.183870967741935,21
West Virginia,2020-08-01,3670.0,144.0,99.0,31,31,8,38.71626293256997,False,warm,E2019,1792147,80.35055160095685,2047.8230859410528,0.03923705722070845,22.19677419354839,26.183870967741935,21
West Virginia,2020-09-01,5601.0,99.0,140.0,30,30,9,38.71626293256997,False,warm,E2020,1792147,55.241004225657825,3125.301663312217,0.017675415104445636,18.48,26.183870967741935,21
West Virginia,2020-10-01,8610.0,244.0,104.0,31,31,10,38.71626293256997,False,transition,E2020,1792147,136.149545768288,4804.2933978072115,0.028339140534262487,14.27741935483871,26.183870967741935,21
West Virginia,2020-11-01,23382.0,471.0,276.0,30,30,11,38.71626293256997,False,cold,E2020,1792147,262.81326252812966,13046.920816205367,0.02014370028226841,10.053333333333335,26.183870967741935,21
West Virginia,2020-12-01,37492.0,720.0,603.0,31,31,12,38.71626293256997,False,cold,E2020,1792147,401.7527580047842,20920.15889321579,0.019204096873999786,2.403225806451613,26.183870967741935,21
West Virginia,2021-01-01,35667.0,412.0,686.0,31,31,1,38.71626293256997,False,cold,E2020,1792147,229.8918559694043,19901.827249661997,0.011551293913141,0.6806451612903226,26.183870967741935,21
West Virginia,2021-02-01,10854.0,345.0,276.0,28,28,2,38.71626293256997,False,cold,E2020,1792147,192.50652987729242,6056.422826922122,0.03178551686014373,0.5964285714285714,26.183870967741935,21
West Virginia,2021-03-01,9883.0,56.0,362.0,31,31,3,38.71626293256997,False,cold,E2020,1792147,31.247436733705438,5514.614593557337,0.005666295659212789,8.8,26.183870967741935,21
West Virginia,2021-04-01,11390.0,110.0,17.0,30,30,4,38.71626293256997,False,transition,E2020,1792147,61.37889358406425,6355.505435659017,0.009657594381035996,11.276666666666667,26.183870967741935,21
West Virginia,2021-05-01,8159.0,91.0,113.0,31,31,5,38.71626293256997,False,warm,E2020,1792147,50.77708469227134,4552.639934112548,0.011153327613678148,15.241935483870968,26.183870967741935,21
West Virginia,2021-06-01,2754.0,57.0,99.0,30,30,6,38.71626293256997,False,warm,E2020,1792147,31.80542667537875,1536.7042993682996,0.020697167755991286,21.279999999999998,26.183870967741935,21
West Virginia,2021-07-01,2975.0,88.0,55.0,31,31,7,38.71626293256997,False,warm,E2020,1792147,49.103114867251406,1660.0200764781014,0.02957983193277311,22.596774193548388,26.183870967741935,21
West Virginia,2021-08-01,22674.0,433.0,138.0,31,31,8,38.71626293256997,False,warm,E2020,1792147,241.60964474454383,12651.863937500662,0.0190967628120314,23.06451612903226,26.183870967741935,21
West Virginia,2021-09-01,50769.0,797.0,586.0,30,30,9,38.71626293256997,False,warm,E2021,1792147,444.7179835136292,28328.591348812348,0.01569855620555851,19.133333333333333,26.183870967741935,21
West Virginia,2021-10-01,32073.0,488.0,756.0,31,31,10,38.71626293256997,False,transition,E2021,1792147,272.299091536576,17896.411399288118,0.015215290119415085,15.864516129032259,26.183870967741935,21
West Virginia,2021-11-01,22262.0,485.0,442.0,30,30,11,38.71626293256997,False,cold,E2021,1792147,270.625121711556,12421.972081531258,0.021786003054532387,5.819999999999999,26.183870967741935,21
West Virginia,2021-12-01,33368.0,398.0,468.0,31,31,12,38.71626293256997,False,cold,E2021,1792147,222.07999678597793,18619.008373755056,0.011927595300887077,7.467741935483871,26.183870967741935,21
West Virginia,2022-01-01,118609.0,574.0,427.0,31,31,1,38.71626293256997,False,cold,E2021,1792147,320.28622652048074,66182.62899192979,0.004839430397356018,-1.7645161290322582,26.183870967741935,21
West Virginia,2022-02-01,43340.0,468.0,554.0,28,28,2,38.71626293256997,False,cold,E2021,1792147,261.13929270310973,24183.284072121314,0.010798338717120442,3.335714285714286,26.183870967741935,21
West Virginia,2022-03-01,7658.0,171.0,424.0,31,31,3,38.71626293256997,False,cold,E2021,1792147,95.41628002613625,4273.086973334219,0.022329589971271872,8.0,26.183870967741935,21
West Virginia,2022-04-01,3435.0,93.0,115.0,30,30,4,38.71626293256997,False,transition,E2021,1792147,51.89306457561796,1916.6954496478247,0.027074235807860263,10.903333333333334,26.183870967741935,21
West Virginia,2022-05-01,14721.0,103.0,92.0,31,31,5,38.71626293256997,False,warm,E2021,1792147,57.472963992351076,8214.169931372817,0.0069968072821139865,18.293548387096774,26.183870967741935,21
West Virginia,2022-06-01,16578.0,103.0,116.0,30,30,6,38.71626293256997,False,warm,E2021,1792147,57.472963992351076,9250.357253060156,0.006213053444323802,21.183333333333334,26.183870967741935,21
West Virginia,2022-07-01,22604.0,113.0,92.0,31,31,7,38.71626293256997,False,warm,E2021,1792147,63.05286340908419,12612.80464158353,0.004999115200849408,23.274193548387096,26.183870967741935,21
West Virginia,2022-08-01,27559.0,145.0,130.0,31,31,8,38.71626293256997,False,warm,E2021,1792147,80.90854154263015,15377.644802574789,0.00526143909430676,21.848387096774193,26.183870967741935,21
West Virginia,2022-09-01,17892.0,108.0,130.0,30,30,9,38.71626293256997,False,warm,E2022,1792147,60.26291370071763,9983.556036418888,0.006036217303822937,18.05666666666667,26.183870967741935,21
West Virginia,2022-10-01,7546.0,100.0,106.0,31,31,10,38.71626293256997,False,transition,E2022,1792147,55.79899416733114,4210.592099866808,0.013252054068380599,11.293548387096775,26.183870967741935,21
West Virginia,2022-11-01,6542.0,19.0,84.0,30,30,11,38.71626293256997,False,cold,E2022,1792147,10.601808891792917,3650.370198426803,0.002904310608376643,8.386666666666667,26.183870967741935,21
West Virginia,2022-12-01,10075.0,0.0,0.0,31,31,12,38.71626293256997,False,cold,E2022,1792147,0.0,5621.748662358612,0.0,3.1193548387096777,26.183870967741935,21
West Virginia,2023-01-01,9820.0,320.0,0.0,31,31,1,38.71626293256997,False,cold,E2022,1792147,178.55678133545965,5479.461227231918,0.032586558044806514,4.84516129032258,26.183870967741935,21
Wisconsin,2020-02-01,0.0,4.0,0.0,29,29,2,43.712786614597164,False,cold,E2019,5822434,0.6869979118698468,0.0,,-6.286206896551724,35.40967741935484,21
Wisconsin,2020-03-01,1412.0,265.0,43.0,31,31,3,43.712786614597164,False,cold,E2019,5822434,45.513611661377354,242.51026289005594,0.18767705382436262,2.429032258064516,35.40967741935484,21
Wisconsin,2020-04-01,5442.0,264.0,314.0,30,30,4,43.712786614597164,False,transition,E2019,5822434,45.341862183409894,934.6606590989267,0.04851157662624035,5.753333333333333,35.40967741935484,21
Wisconsin,2020-05-01,11549.0,247.0,293.0,31,31,5,43.712786614597164,False,warm,E2019,5822434,42.42212105796305,1983.5347210462153,0.021387133085115594,12.951612903225806,35.40967741935484,21
Wisconsin,2020-06-01,10256.0,122.0,165.0,30,30,6,43.712786614597164,False,warm,E2019,5822434,20.95343631203033,1761.4626460342874,0.01189547581903276,20.67,35.40967741935484,21
Wisconsin,2020-07-01,24281.0,224.0,163.0,31,31,7,43.712786614597164,False,warm,E2019,5822434,38.47188306471143,4170.249074527938,0.009225320209217083,24.1,35.40967741935484,21
Wisconsin,2020-08-01,22663.0,185.0,208.0,31,31,8,43.712786614597164,False,warm,E2019,5822434,31.773653423980416,3892.358419176585,0.008163085204959626,22.26451612903226,35.40967741935484,21
Wisconsin,2020-09-01,46671.0,599.0,216.0,30,30,9,43.712786614597164,False,warm,E2020,5822434,102.87793730250957,8015.719886219405,0.0128345225086242,16.026666666666667,35.40967741935484,21
Wisconsin,2020-10-01,115595.0,1233.0,937.0,31,31,10,43.712786614597164,False,transition,E2020,5822434,211.7671063338803,19853.380905648737,0.010666551321423938,7.064516129032258,35.40967741935484,21
Wisconsin,2020-11-01,173861.0,1608.0,1155.0,30,30,11,43.712786614597164,False,cold,E2020,5822434,276.17316057167847,29860.53598890086,0.009248767693732349,5.489999999999999,35.40967741935484,21
Wisconsin,2020-12-01,108708.0,1339.0,1748.0,31,31,12,43.712786614597164,False,cold,E2020,5822434,229.97255099843125,18670.54225088683,0.012317400743275564,-2.583870967741935,35.40967741935484,21
Wisconsin,2021-01-01,71702.0,781.0,1192.0,31,31,1,43.712786614597164,False,cold,E2020,5822434,134.1363422925876,12314.78106922294,0.010892304259295417,-6.064516129032258,35.40967741935484,21
Wisconsin,2021-02-01,25227.0,369.0,580.0,28,28,2,43.712786614597164,False,cold,E2020,5822434,63.37555736999337,4332.724080685157,0.014627185158758473,-10.860714285714286,35.40967741935484,21
Wisconsin,2021-03-01,18674.0,190.0,301.0,31,31,3,43.712786614597164,False,cold,E2020,5822434,32.632400813817725,3207.24975156438,0.010174574274392204,3.635483870967742,35.40967741935484,21
Wisconsin,2021-04-01,24409.0,315.0,235.0,30,30,4,43.712786614597164,False,transition,E2020,5822434,54.101085559750445,4192.233007707773,0.012905075996558647,8.610000000000001,35.40967741935484,21
Wisconsin,2021-05-01,13970.0,319.0,306.0,31,31,5,43.712786614597164,False,warm,E2020,5822434,54.78808347162029,2399.34020720544,0.02283464566929134,14.174193548387096,35.40967741935484,21
Wisconsin,2021-06-01,3202.0,120.0,272.0,30,30,6,43.712786614597164,False,warm,E2020,5822434,20.609937356095408,549.9418284518124,0.037476577139287946,22.78666666666667,35.40967741935484,21
Wisconsin,2021-07-01,9576.0,184.0,162.0,31,31,7,43.712786614597164,False,warm,E2020,5822434,31.601903946012957,1644.6730010164133,0.01921470342522974,22.36774193548387,35.40967741935484,21
Wisconsin,2021-08-01,46742.0,363.0,172.0,31,31,8,43.712786614597164,False,warm,E2020,5822434,62.3450605021886,8027.914099155096,0.0077660348294895385,22.725806451612904,35.40967741935484,21
Wisconsin,2021-09-01,76224.0,495.0,426.0,30,30,9,43.712786614597164,False,warm,E2021,5822434,85.01599159389355,13091.432208591801,0.006494017632241814,18.19,35.40967741935484,21
Wisconsin,2021-10-01,72293.0,590.0,528.0,31,31,10,43.712786614597164,False,transition,E2021,5822434,101.33219200080241,12416.28501070171,0.008161232761124867,13.667741935483871,35.40967741935484,21
Wisconsin,2021-11-01,98326.0,1035.0,589.0,30,30,11,43.712786614597164,False,cold,E2021,5822434,177.7607096963229,16887.43917062864,0.010526208734210687,2.7333333333333334,35.40967741935484,21
Wisconsin,2021-12-01,139880.0,1095.0,1168.0,31,31,12,43.712786614597164,False,cold,E2021,5822434,188.06567837437058,24024.316978088544,0.007828138404346582,-1.0516129032258066,35.40967741935484,21
Wisconsin,2022-01-01,395965.0,1140.0,1201.0,31,31,1,43.712786614597164,False,cold,E2021,5822434,195.79440488290635,68006.78204338597,0.002879042339600722,-11.30967741935484,35.40967741935484,21
Wisconsin,2022-02-01,55369.0,908.0,923.0,28,28,2,43.712786614597164,False,cold,E2021,5822434,155.94852599445525,9509.596845580389,0.016399068070581013,-7.171428571428572,35.40967741935484,21
Wisconsin,2022-03-01,13263.0,408.0,1005.0,31,31,3,43.712786614597164,False,cold,E2021,5822434,70.07378701072439,2277.913326282445,0.03076227097941642,0.5612903225806453,35.40967741935484,21
Wisconsin,2022-04-01,25341.0,125.0,111.0,30,30,4,43.712786614597164,False,transition,E2021,5822434,21.468684745932716,4352.303521173448,0.00493271773016061,5.543333333333334,35.40967741935484,21
Wisconsin,2022-05-01,64980.0,213.0,187.0,31,31,5,43.712786614597164,False,warm,E2021,5822434,36.582638807069344,11160.281078325663,0.003277931671283472,16.019354838709678,35.40967741935484,21
Wisconsin,2022-06-01,51059.0,136.0,197.0,30,30,6,43.712786614597164,False,warm,E2021,5822434,23.357929003574792,8769.356595540628,0.00266358526410623,20.576666666666664,35.40967741935484,21
Wisconsin,2022-07-01,51067.0,132.0,125.0,31,31,7,43.712786614597164,False,warm,E2021,5822434,22.670931091704947,8770.730591364367,0.0025848395245461845,22.51290322580645,35.40967741935484,21
Wisconsin,2022-08-01,54684.0,207.0,150.0,31,31,8,43.712786614597164,False,warm,E2021,5822434,35.55214193926457,9391.948453172676,0.003785385121790652,21.561290322580643,35.40967741935484,21
Wisconsin,2022-09-01,34243.0,183.0,191.0,30,30,9,43.712786614597164,False,warm,E2022,5822434,31.430154468045494,5881.217374039792,0.005344157930087901,17.373333333333335,35.40967741935484,21
Wisconsin,2022-10-01,31052.0,179.0,198.0,31,31,10,43.712786614597164,False,transition,E2022,5822434,30.74315655617565,5333.164789845621,0.0057645240242174415,9.86774193548387,35.40967741935484,21
Wisconsin,2022-11-01,28751.0,174.0,147.0,30,30,11,43.712786614597164,False,cold,E2022,5822434,29.88440916633834,4937.969241042492,0.006051963409968349,3.6300000000000003,35.40967741935484,21
Wisconsin,2022-12-01,34441.0,255.0,194.0,31,31,12,43.712786614597164,False,cold,E2022,5822434,43.79611688170274,5915.223770677349,0.00740396620307192,-5.058064516129033,35.40967741935484,21
Wisconsin,2023-01-01,22585.0,266.0,314.0,31,31,1,43.712786614597164,False,cold,E2022,5822434,45.68536113934482,3878.961959895123,0.011777728580916538,-3.3935483870967738,35.40967741935484,21
Wyoming,2020-02-01,0.0,0.0,0.0,29,29,2,42.7794419243857,False,cold,E2019,578759,0.0,0.0,,-8.855172413793104,33.00910138248848,21
Wyoming,2020-03-01,109.0,2.0,0.0,31,31,3,42.7794419243857,False,cold,E2019,578759,3.4556698038389038,188.33400430922023,,-2.512903225806452,33.00910138248848,21
Wyoming,2020-04-01,450.0,10.0,7.0,30,30,4,42.7794419243857,False,transition,E2019,578759,17.27834901919452,777.5257058637533,,0.4533333333333332,33.00910138248848,21
Wyoming,2020-05-01,344.0,8.0,9.0,31,31,5,42.7794419243857,False,warm,E2019,578759,13.822679215355615,594.3752062602914,,10.387096774193548,33.00910138248848,21
Wyoming,2020-06-01,584.0,5.0,4.0,30,30,6,42.7794419243857,False,warm,E2019,578759,8.63917450959726,1009.0555827209598,0.008561643835616438,16.906666666666666,33.00910138248848,21
Wyoming,2020-07-01,1239.0,12.0,6.0,31,31,7,42.7794419243857,False,warm,E2019,578759,20.73401882303342,2140.7874434782007,0.009685230024213076,20.990322580645163,33.00910138248848,21
Wyoming,2020-08-01,1124.0,12.0,11.0,31,31,8,42.7794419243857,False,warm,E2019,578759,20.73401882303342,1942.0864297574637,0.010676156583629894,22.10967741935484,33.00910138248848,21
Wyoming,2020-09-01,2098.0,12.0,13.0,30,30,9,42.7794419243857,False,warm,E2020,578759,20.73401882303342,3624.99762422701,0.005719733079122974,13.943333333333333,33.00910138248848,21
Wyoming,2020-10-01,7350.0,115.0,37.0,31,31,10,42.7794419243857,False,transition,E2020,578759,198.70101372073697,12699.58652910797,0.015646258503401362,5.758064516129032,33.00910138248848,21
Wyoming,2020-11-01,20007.0,175.0,128.0,30,30,11,42.7794419243857,False,cold,E2020,578759,302.37110783590407,34568.79288270247,0.008746938571499975,1.0733333333333335,33.00910138248848,21
Wyoming,2020-12-01,11104.0,199.0,223.0,31,31,12,42.7794419243857,False,cold,E2020,578759,343.8391454819709,19185.87875091359,0.017921469740634004,-5.058064516129033,33.00910138248848,21
Wyoming,2021-01-01,7503.0,112.0,158.0,31,31,1,42.7794419243857,False,cold,E2020,578759,193.5175090149786,12963.945269101647,0.014927362388377982,-7.080645161290323,33.00910138248848,21
Wyoming,2021-02-01,2482.0,31.0,75.0,28,28,2,42.7794419243857,False,cold,E2020,578759,53.562881959503,4288.4862265640795,0.01248992747784045,-10.360714285714286,33.00910138248848,21
Wyoming,2021-03-01,1916.0,12.0,29.0,31,31,3,42.7794419243857,False,cold,E2020,578759,20.73401882303342,3310.5316720776696,0.006263048016701462,-3.2612903225806456,33.00910138248848,21
Wyoming,2021-04-01,1832.0,8.0,7.0,30,30,4,42.7794419243857,False,transition,E2020,578759,13.822679215355615,3165.3935403164355,0.004366812227074236,0.4666666666666667,33.00910138248848,21
Wyoming,2021-05-01,2002.0,21.0,12.0,31,31,5,42.7794419243857,False,warm,E2020,578759,36.28453294030849,3459.1254736427427,0.01048951048951049,8.719354838709679,33.00910138248848,21
Wyoming,2021-06-01,2146.0,32.0,28.0,30,30,6,42.7794419243857,False,warm,E2020,578759,55.29071686142246,3707.9336995191434,0.014911463187325256,19.64333333333333,33.00910138248848,21
Wyoming,2021-07-01,2837.0,43.0,29.0,31,31,7,42.7794419243857,False,warm,E2020,578759,74.29690078253643,4901.867616745485,0.01515685583362707,22.648387096774194,33.00910138248848,21
Wyoming,2021-08-01,10009.0,146.0,82.0,31,31,8,42.7794419243857,False,warm,E2020,578759,252.26389568023995,17293.899533311793,0.01458687181536617,19.429032258064513,33.00910138248848,21
Wyoming,2021-09-01,15466.0,194.0,138.0,30,30,9,42.7794419243857,False,warm,E2021,578759,335.19997097237365,26722.694593086242,0.01254364412259149,16.12333333333333,33.00910138248848,21
Wyoming,2021-10-01,12324.0,198.0,178.0,31,31,10,42.7794419243857,False,transition,E2021,578759,342.11131058005145,21293.837331255323,0.016066212268743916,5.229032258064516,33.00910138248848,21
Wyoming,2021-11-01,8163.0,179.0,254.0,30,30,11,42.7794419243857,False,cold,E2021,578759,309.2824474435819,14104.316304368485,0.021928212666911674,2.32,33.00910138248848,21
Wyoming,2021-12-01,4549.0,75.0,98.0,31,31,12,42.7794419243857,False,cold,E2021,578759,129.58761764395888,7859.920968831586,0.016487140030775994,-3.103225806451613,33.00910138248848,21
Wyoming,2022-01-01,30867.0,88.0,99.0,31,31,1,42.7794419243857,False,cold,E2021,578759,152.04947136891175,53333.079917547715,0.0028509411345449833,-5.6,33.00910138248848,21
Wyoming,2022-02-01,8596.0,80.0,111.0,28,28,2,42.7794419243857,False,cold,E2021,578759,138.22679215355615,14852.468816899607,0.009306654257794323,-8.132142857142856,33.00910138248848,21
Wyoming,2022-03-01,1011.0,38.0,55.0,31,31,3,42.7794419243857,False,cold,E2021,578759,65.65772627293917,1746.8410858405657,0.03758654797230465,-2.1806451612903226,33.00910138248848,21
Wyoming,2022-04-01,438.0,13.0,21.0,30,30,4,42.7794419243857,False,transition,E2021,578759,22.461853724952874,756.7916870407199,,0.61,33.00910138248848,21
Wyoming,2022-05-01,1922.0,9.0,8.0,31,31,5,42.7794419243857,False,warm,E2021,578759,15.550514117275066,3320.8986814891864,0.004682622268470343,7.632258064516129,33.00910138248848,21
Wyoming,2022-06-01,5984.0,21.0,14.0,30,30,6,42.7794419243857,False,warm,E2021,578759,36.28453294030849,10339.364053086,0.0035093582887700536,16.176666666666666,33.00910138248848,21
Wyoming,2022-07-01,5575.0,21.0,22.0,31,31,7,42.7794419243857,False,warm,E2021,578759,36.28453294030849,9632.679578200943,0.003766816143497758,22.458064516129035,33.00910138248848,21
Wyoming,2022-08-01,4797.0,20.0,25.0,31,31,8,42.7794419243857,False,warm,E2021,578759,34.55669803838904,8288.42402450761,0.004169272461955389,20.793548387096774,33.00910138248848,21
Wyoming,2022-09-01,1900.0,15.0,13.0,30,30,9,42.7794419243857,False,warm,E2022,578759,25.917523528791776,3282.8863136469586,0.007894736842105263,16.18,33.00910138248848,21
Wyoming,2022-10-01,1716.0,18.0,14.0,31,31,10,42.7794419243857,False,transition,E2022,578759,31.10102823455013,2964.964691693779,0.01048951048951049,6.690322580645161,33.00910138248848,21
Wyoming,2022-11-01,2481.0,34.0,30.0,30,30,11,42.7794419243857,False,cold,E2022,578759,58.74638666526136,4286.75839166216,0.013704151551793631,-4.473333333333333,33.00910138248848,21
Wyoming,2022-12-01,1922.0,12.0,20.0,31,31,12,42.7794419243857,False,cold,E2022,578759,20.73401882303342,3320.8986814891864,0.006243496357960458,-8.361290322580645,33.00910138248848,21
Wyoming,2023-01-01,326.0,28.0,21.0,31,31,1,42.7794419243857,False,cold,E2022,578759,48.37937725374465,563.2741780257413,,-8.906451612903227,33.00910138248848,21
