region,ym,confirmed,deaths,raw_deaths,days,dim,month,lat,south,season,epoch,cfr,temp_c,amplitude,date,cal_month,annual_t
Afghanistan,2020-04-01,1661.0,157.0,56.0,30,30,4,33.93911,False,transition,E2019,0.09452137266706803,-3.26,29.770967741935486,2020-04-01,2020-04,2.616944377071712
Afghanistan,2020-05-01,13353.0,392.0,194.0,31,31,5,33.93911,False,warm,E2019,0.029356698869167978,3.629032258064516,29.770967741935486,2020-05-01,2020-05,2.616944377071712
Afghanistan,2020-06-01,16265.0,603.0,485.0,30,30,6,33.93911,False,warm,E2019,0.03707347064248386,10.08,29.770967741935486,2020-06-01,2020-06,2.616944377071712
Afghanistan,2020-07-01,5183.0,201.0,536.0,31,31,7,33.93911,False,warm,E2019,0.03878062897935559,11.561290322580644,29.770967741935486,2020-07-01,2020-07,2.616944377071712
Afghanistan,2020-08-01,1620.0,59.0,131.0,31,31,8,33.93911,False,warm,E2019,0.03641975308641975,13.183870967741935,29.770967741935486,2020-08-01,2020-08,2.616944377071712
Afghanistan,2020-09-01,1106.0,55.0,56.0,30,30,9,33.93911,False,warm,E2020,0.04972875226039783,7.79,29.770967741935486,2020-09-01,2020-09,2.616944377071712
Afghanistan,2020-10-01,1980.0,158.0,71.0,31,31,10,33.93911,False,transition,E2020,0.0797979797979798,1.1096774193548387,29.770967741935486,2020-10-01,2020-10,2.616944377071712
Afghanistan,2020-11-01,4881.0,413.0,230.0,30,30,11,33.93911,False,cold,E2020,0.08461380864576931,-6.22,29.770967741935486,2020-11-01,2020-11,2.616944377071712
Afghanistan,2020-12-01,6115.0,289.0,426.0,31,31,12,33.93911,False,cold,E2020,0.04726083401471791,-12.85483870967742,29.770967741935486,2020-12-01,2020-12,2.616944377071712
Afghanistan,2021-01-01,2693.0,69.0,211.0,31,31,1,33.93911,False,cold,E2020,0.025621982918678055,-11.254838709677419,29.770967741935486,2021-01-01,2021-01,2.616944377071712
Afghanistan,2021-02-01,691.0,31.0,43.0,28,28,2,33.93911,False,cold,E2020,0.04486251808972504,-7.482142857142857,29.770967741935486,2021-02-01,2021-02,2.616944377071712
Afghanistan,2021-03-01,740.0,94.0,41.0,31,31,3,33.93911,False,cold,E2020,0.12702702702702703,-6.541935483870968,29.770967741935486,2021-03-01,2021-03,2.616944377071712
Afghanistan,2021-04-01,3291.0,225.0,141.0,30,30,4,33.93911,False,transition,E2020,0.06836827711941659,-1.32,29.770967741935486,2021-04-01,2021-04,2.616944377071712
Afghanistan,2021-05-01,12093.0,1433.0,319.0,31,31,5,33.93911,False,warm,E2020,0.11849830480443231,4.164516129032258,29.770967741935486,2021-05-01,2021-05,2.616944377071712
Afghanistan,2021-06-01,46821.0,2078.0,1927.0,30,30,6,33.93911,False,warm,E2020,0.04438179449392367,10.316666666666666,29.770967741935486,2021-06-01,2021-06,2.616944377071712
Afghanistan,2021-07-01,28495.0,772.0,1837.0,31,31,7,33.93911,False,warm,E2020,0.027092472363572557,13.245161290322581,29.770967741935486,2021-07-01,2021-07,2.616944377071712
Afghanistan,2021-08-01,6066.0,134.0,410.0,31,31,8,33.93911,False,warm,E2020,0.022090339597757996,11.496774193548386,29.770967741935486,2021-08-01,2021-08,2.616944377071712
Afghanistan,2021-09-01,1954.0,50.0,86.0,30,30,9,33.93911,False,warm,E2021,0.0255885363357216,10.34,29.770967741935486,2021-09-01,2021-09,2.616944377071712
Afghanistan,2021-10-01,1076.0,54.0,76.0,31,31,10,33.93911,False,transition,E2021,0.05018587360594796,1.738709677419355,29.770967741935486,2021-10-01,2021-10,2.616944377071712
Albania,2020-04-01,530.0,5.0,16.0,30,30,4,41.1533,False,transition,E2019,0.009433962264150943,13.68,21.90967741935484,2020-04-01,2020-04,17.127584259510257
Albania,2020-06-01,1398.0,73.0,29.0,30,30,6,41.1533,False,warm,E2019,0.05221745350500715,20.553333333333335,21.90967741935484,2020-06-01,2020-06,17.127584259510257
Albania,2020-07-01,2741.0,123.0,95.0,31,31,7,41.1533,False,warm,E2019,0.044874133527909525,25.68064516129032,21.90967741935484,2020-07-01,2020-07,17.127584259510257
Albania,2020-08-01,4237.0,124.0,127.0,31,31,8,41.1533,False,warm,E2019,0.029265990087325937,25.799999999999997,21.90967741935484,2020-08-01,2020-08,17.127584259510257
Albania,2020-09-01,4136.0,98.0,103.0,30,30,9,41.1533,False,warm,E2020,0.023694390715667313,23.05666666666667,21.90967741935484,2020-09-01,2020-09,17.127584259510257
Albania,2020-10-01,7226.0,223.0,122.0,31,31,10,41.1533,False,transition,E2020,0.03086078051480764,16.067741935483873,21.90967741935484,2020-10-01,2020-10,17.127584259510257
Albania,2020-11-01,17307.0,413.0,301.0,30,30,11,41.1533,False,cold,E2020,0.023863176749292194,11.9,21.90967741935484,2020-11-01,2020-11,17.127584259510257
Albania,2020-12-01,20134.0,198.0,371.0,31,31,12,41.1533,False,cold,E2020,0.009834111453263137,10.316129032258065,21.90967741935484,2020-12-01,2020-12,17.127584259510257
Albania,2021-01-01,19811.0,370.0,199.0,31,31,1,41.1533,False,cold,E2020,0.018676492857503408,7.17741935483871,21.90967741935484,2021-01-01,2021-01,17.127584259510257
Albania,2021-02-01,29040.0,471.0,416.0,28,28,2,41.1533,False,cold,E2020,0.01621900826446281,8.267857142857142,21.90967741935484,2021-02-01,2021-02,17.127584259510257
Albania,2021-03-01,17990.0,221.0,439.0,31,31,3,41.1533,False,cold,E2020,0.012284602556976098,8.600000000000001,21.90967741935484,2021-03-01,2021-03,17.127584259510257
Albania,2021-04-01,5928.0,83.0,159.0,30,30,4,41.1533,False,transition,E2020,0.014001349527665317,12.24,21.90967741935484,2021-04-01,2021-04,17.127584259510257
Albania,2021-05-01,1230.0,13.0,57.0,31,31,5,41.1533,False,warm,E2020,0.01056910569105691,18.425806451612903,21.90967741935484,2021-05-01,2021-05,17.127584259510257
Albania,2021-07-01,560.0,21.0,1.0,31,31,7,41.1533,False,warm,E2020,0.0375,26.861290322580647,21.90967741935484,2021-07-01,2021-07,17.127584259510257
Albania,2021-08-01,13306.0,117.0,41.0,31,31,8,41.1533,False,warm,E2020,0.008793025702690516,26.538709677419355,21.90967741935484,2021-08-01,2021-08,17.127584259510257
Albania,2021-09-01,23744.0,261.0,200.0,30,30,9,41.1533,False,warm,E2021,0.010992250673854448,20.803333333333335,21.90967741935484,2021-09-01,2021-09,17.127584259510257
Albania,2021-10-01,15169.0,180.0,226.0,31,31,10,41.1533,False,transition,E2021,0.011866306282549937,15.2,21.90967741935484,2021-10-01,2021-10,17.127584259510257
Algeria,2020-03-01,715.0,377.0,44.0,31,31,3,28.0339,False,cold,E2019,0.5272727272727272,20.74516129032258,25.648387096774197,2020-03-01,2020-03,28.194023041474658
Algeria,2020-04-01,3290.0,183.0,406.0,30,30,4,28.0339,False,transition,E2019,0.055623100303951366,25.836666666666666,25.648387096774197,2020-04-01,2020-04,28.194023041474658
Algeria,2020-05-01,5388.0,270.0,203.0,31,31,5,28.0339,False,warm,E2019,0.05011135857461024,30.61935483870968,25.648387096774197,2020-05-01,2020-05,28.194023041474658
Algeria,2020-06-01,4513.0,255.0,259.0,30,30,6,28.0339,False,warm,E2019,0.056503434522490584,34.51,25.648387096774197,2020-06-01,2020-06,28.194023041474658
Algeria,2020-07-01,16487.0,318.0,298.0,31,31,7,28.0339,False,warm,E2019,0.0192879238187663,36.65483870967742,25.648387096774197,2020-07-01,2020-07,28.194023041474658
Algeria,2020-08-01,14100.0,261.0,300.0,31,31,8,28.0339,False,warm,E2019,0.01851063829787234,36.13870967741936,25.648387096774197,2020-08-01,2020-08,28.194023041474658
Algeria,2020-09-01,7036.0,201.0,226.0,30,30,9,28.0339,False,warm,E2020,0.02856736782262649,33.24666666666666,25.648387096774197,2020-09-01,2020-09,28.194023041474658
Algeria,2020-10-01,6412.0,375.0,228.0,31,31,10,28.0339,False,transition,E2020,0.05848409232688709,26.870967741935484,25.648387096774197,2020-10-01,2020-10,28.194023041474658
Algeria,2020-11-01,25257.0,420.0,467.0,30,30,11,28.0339,False,cold,E2020,0.016629053331749615,19.313333333333333,25.648387096774197,2020-11-01,2020-11,28.194023041474658
Algeria,2020-12-01,16411.0,178.0,325.0,31,31,12,28.0339,False,cold,E2020,0.010846383523246603,14.964516129032257,25.648387096774197,2020-12-01,2020-12,28.194023041474658
Algeria,2021-01-01,7729.0,108.0,135.0,31,31,1,28.0339,False,cold,E2020,0.013973347134170009,15.383870967741935,25.648387096774197,2021-01-01,2021-01,28.194023041474658
Algeria,2021-02-01,5753.0,96.0,92.0,28,28,2,28.0339,False,cold,E2020,0.016686945941248043,17.821428571428573,25.648387096774197,2021-02-01,2021-02,28.194023041474658
Algeria,2021-03-01,4100.0,115.0,110.0,31,31,3,28.0339,False,cold,E2020,0.02804878048780488,19.251612903225805,25.648387096774197,2021-03-01,2021-03,28.194023041474658
Algeria,2021-04-01,4916.0,233.0,160.0,30,30,4,28.0339,False,transition,E2020,0.04739625711960944,27.336666666666666,25.648387096774197,2021-04-01,2021-04,28.194023041474658
Algeria,2021-05-01,6805.0,236.0,219.0,31,31,5,28.0339,False,warm,E2020,0.034680382072005876,32.33548387096774,25.648387096774197,2021-05-01,2021-05,28.194023041474658
Algeria,2021-06-01,10713.0,353.0,244.0,30,30,6,28.0339,False,warm,E2020,0.0329506207411556,37.15333333333333,25.648387096774197,2021-06-01,2021-06,28.194023041474658
Algeria,2021-07-01,31766.0,990.0,538.0,31,31,7,28.0339,False,warm,E2020,0.03116539696530882,37.73870967741936,25.648387096774197,2021-07-01,2021-07,28.194023041474658
Algeria,2021-08-01,24688.0,741.0,1015.0,31,31,8,28.0339,False,warm,E2020,0.03001458198314971,36.880645161290325,25.648387096774197,2021-08-01,2021-08,28.194023041474658
Algeria,2021-09-01,7279.0,156.0,543.0,30,30,9,28.0339,False,warm,E2021,0.02143151531803819,34.93333333333333,25.648387096774197,2021-09-01,2021-09,28.194023041474658
Algeria,2021-10-01,3093.0,140.0,108.0,31,31,10,28.0339,False,transition,E2021,0.04526349822179114,26.14516129032258,25.648387096774197,2021-10-01,2021-10,28.194023041474658
Argentina,2020-03-01,1054.0,143.0,27.0,31,31,3,-38.4161,True,warm,E2019,0.13567362428842505,22.567741935483873,19.19677419354839,2020-03-01,2020-03,15.04234984639017
Argentina,2020-04-01,3374.0,269.0,191.0,30,30,4,-38.4161,True,transition,E2019,0.07972732661529341,15.643333333333334,19.19677419354839,2020-04-01,2020-04,15.04234984639017
Argentina,2020-05-01,12423.0,595.0,321.0,31,31,5,-38.4161,True,cold,E2019,0.0478950334057796,11.796774193548387,19.19677419354839,2020-05-01,2020-05,15.04234984639017
Argentina,2020-06-01,47679.0,1479.0,768.0,30,30,6,-38.4161,True,cold,E2019,0.03101994588812685,8.32,19.19677419354839,2020-06-01,2020-06,15.04234984639017
Argentina,2020-07-01,126772.0,4240.0,2236.0,31,31,7,-38.4161,True,cold,E2019,0.03344587132805351,6.532258064516129,19.19677419354839,2020-07-01,2020-07,15.04234984639017
Argentina,2020-08-01,226433.0,6752.0,5117.0,31,31,8,-38.4161,True,cold,E2019,0.029818975149381935,9.864516129032259,19.19677419354839,2020-08-01,2020-08,15.04234984639017
Argentina,2020-09-01,333266.0,14037.0,8277.0,30,30,9,-38.4161,True,cold,E2020,0.04211950814064441,12.576666666666666,19.19677419354839,2020-09-01,2020-09,15.04234984639017
Argentina,2020-10-01,415923.0,9383.0,14065.0,31,31,10,-38.4161,True,transition,E2020,0.02255946413158205,15.412903225806453,19.19677419354839,2020-10-01,2020-10,15.04234984639017
Argentina,2020-11-01,257609.0,5095.0,7728.0,30,30,11,-38.4161,True,warm,E2020,0.019778035705274272,20.386666666666667,19.19677419354839,2020-11-01,2020-11,15.04234984639017
Argentina,2020-12-01,200981.0,4358.0,4515.0,31,31,12,-38.4161,True,warm,E2020,0.021683641737278648,22.55483870967742,19.19677419354839,2020-12-01,2020-12,15.04234984639017
Argentina,2021-01-01,301725.0,4843.0,4729.0,31,31,1,-38.4161,True,warm,E2020,0.016051039854171844,23.870967741935484,19.19677419354839,2021-01-01,2021-01,15.04234984639017
Argentina,2021-02-01,180126.0,3347.0,3991.0,28,28,2,-38.4161,True,warm,E2020,0.018581437438237678,23.217857142857145,19.19677419354839,2021-02-01,2021-02,15.04234984639017
Argentina,2021-03-01,241456.0,5538.0,3893.0,31,31,3,-38.4161,True,warm,E2020,0.022935855808097542,20.309677419354838,19.19677419354839,2021-03-01,2021-03,15.04234984639017
Argentina,2021-04-01,628542.0,13308.0,8007.0,30,30,4,-38.4161,True,transition,E2020,0.021172809454260814,18.220000000000002,19.19677419354839,2021-04-01,2021-04,15.04234984639017
Argentina,2021-05-01,804421.0,16099.0,14228.0,31,31,5,-38.4161,True,cold,E2020,0.020013152317008134,11.541935483870969,19.19677419354839,2021-05-01,2021-05,15.04234984639017
Argentina,2021-06-01,688590.0,13328.0,16211.0,30,30,6,-38.4161,True,cold,E2020,0.019355494561350006,8.54,19.19677419354839,2021-06-01,2021-06,15.04234984639017
Argentina,2021-07-01,459390.0,7399.0,11417.0,31,31,7,-38.4161,True,cold,E2020,0.016106140751866605,8.135483870967741,19.19677419354839,2021-07-01,2021-07,15.04234984639017
Argentina,2021-08-01,255856.0,4362.0,6091.0,31,31,8,-38.4161,True,cold,E2020,0.017048652366956414,10.896774193548387,19.19677419354839,2021-08-01,2021-08,15.04234984639017
Argentina,2021-09-01,71282.0,1217.0,3367.0,30,30,9,-38.4161,True,cold,E2021,0.01707303386549199,13.416666666666666,19.19677419354839,2021-09-01,2021-09,15.04234984639017
Argentina,2021-10-01,31905.0,581.0,771.0,31,31,10,-38.4161,True,transition,E2021,0.018210311863344302,17.041935483870965,19.19677419354839,2021-10-01,2021-10,15.04234984639017
Armenia,2020-03-01,532.0,24.0,3.0,31,31,3,40.0691,False,cold,E2019,0.045112781954887216,-2.9709677419354836,25.86451612903226,2020-03-01,2020-03,3.1717592165898614
Armenia,2020-04-01,1534.0,46.0,29.0,30,30,4,40.0691,False,transition,E2019,0.02998696219035202,-2.143333333333333,25.86451612903226,2020-04-01,2020-04,3.1717592165898614
Armenia,2020-05-01,7216.0,280.0,99.0,31,31,5,40.0691,False,warm,E2019,0.038802660753880266,4.119354838709677,25.86451612903226,2020-05-01,2020-05,3.1717592165898614
Armenia,2020-06-01,16260.0,312.0,312.0,30,30,6,40.0691,False,warm,E2019,0.01918819188191882,9.163333333333332,25.86451612903226,2020-06-01,2020-06,3.1717592165898614
Armenia,2020-07-01,13008.0,180.0,295.0,31,31,7,40.0691,False,warm,E2019,0.013837638376383764,12.01290322580645,25.86451612903226,2020-07-01,2020-07,3.1717592165898614
Armenia,2020-08-01,5231.0,94.0,141.0,31,31,8,40.0691,False,warm,E2019,0.017969795450200728,10.083870967741936,25.86451612903226,2020-08-01,2020-08,3.1717592165898614
Armenia,2020-09-01,6578.0,185.0,80.0,30,30,9,40.0691,False,warm,E2020,0.028124049863180296,9.816666666666666,25.86451612903226,2020-09-01,2020-09,3.1717592165898614
Armenia,2020-10-01,39454.0,810.0,382.0,31,31,10,40.0691,False,transition,E2020,0.020530237745222283,3.990322580645161,25.86451612903226,2020-10-01,2020-10,3.1717592165898614
Armenia,2020-11-01,45311.0,725.0,823.0,30,30,11,40.0691,False,cold,E2020,0.016000529672706407,-4.123333333333333,25.86451612903226,2020-11-01,2020-11,3.1717592165898614
Armenia,2020-12-01,24285.0,365.0,659.0,31,31,12,40.0691,False,cold,E2020,0.015029853819229977,-8.483870967741936,25.86451612903226,2020-12-01,2020-12,3.1717592165898614
Armenia,2021-01-01,7617.0,143.0,257.0,31,31,1,40.0691,False,cold,E2020,0.018773795457529212,-8.30967741935484,25.86451612903226,2021-01-01,2021-01,3.1717592165898614
Armenia,2021-02-01,5032.0,184.0,112.0,28,28,2,40.0691,False,cold,E2020,0.03656597774244833,-7.796428571428572,25.86451612903226,2021-02-01,2021-02,3.1717592165898614
Armenia,2021-03-01,20581.0,596.0,323.0,31,31,3,40.0691,False,cold,E2020,0.028958748360137992,-7.570967741935483,25.86451612903226,2021-03-01,2021-03,3.1717592165898614
Armenia,2021-04-01,23425.0,427.0,593.0,30,30,4,40.0691,False,transition,E2020,0.018228388473852723,1.3300000000000003,25.86451612903226,2021-04-01,2021-04,3.1717592165898614
Armenia,2021-05-01,6606.0,128.0,330.0,31,31,5,40.0691,False,warm,E2020,0.01937632455343627,6.451612903225806,25.86451612903226,2021-05-01,2021-05,3.1717592165898614
Armenia,2021-06-01,2425.0,74.0,76.0,30,30,6,40.0691,False,warm,E2020,0.030515463917525774,11.926666666666668,25.86451612903226,2021-06-01,2021-06,3.1717592165898614
Armenia,2021-07-01,5015.0,164.0,100.0,31,31,7,40.0691,False,warm,E2020,0.032701894317048855,12.845161290322581,25.86451612903226,2021-07-01,2021-07,3.1717592165898614
Armenia,2021-08-01,12025.0,424.0,230.0,31,31,8,40.0691,False,warm,E2020,0.03525987525987526,12.845161290322581,25.86451612903226,2021-08-01,2021-08,3.1717592165898614
Armenia,2021-09-01,19562.0,741.0,475.0,30,30,9,40.0691,False,warm,E2021,0.03787956241693079,8.71,25.86451612903226,2021-09-01,2021-09,3.1717592165898614
Armenia,2021-10-01,46629.0,1376.0,1009.0,31,31,10,40.0691,False,transition,E2021,0.02950953269424607,1.538709677419355,25.86451612903226,2021-10-01,2021-10,3.1717592165898614
Australia,2020-03-01,4534.0,60.0,18.0,31,31,3,-33.78229959370005,True,warm,E2019,0.013233348037053375,21.283870967741933,17.92258064516129,2020-03-01,2020-03,14.111254480286739
Australia,2020-04-01,2207.0,34.0,75.0,30,30,4,-33.78229959370005,True,transition,E2019,0.015405527865881287,16.14,17.92258064516129,2020-04-01,2020-04,14.111254480286739
Australia,2020-06-01,718.0,26.0,2.0,30,30,6,-33.78229959370005,True,cold,E2019,0.036211699164345405,10.103333333333333,17.92258064516129,2020-06-01,2020-06,14.111254480286739
Australia,2020-07-01,9360.0,357.0,97.0,31,31,7,-33.78229959370005,True,cold,E2019,0.038141025641025644,9.490322580645161,17.92258064516129,2020-07-01,2020-07,14.111254480286739
Australia,2020-08-01,8539.0,369.0,456.0,31,31,8,-33.78229959370005,True,cold,E2019,0.043213491041105515,10.14516129032258,17.92258064516129,2020-08-01,2020-08,14.111254480286739
Australia,2020-09-01,1277.0,51.0,231.0,30,30,9,-33.78229959370005,True,cold,E2020,0.039937353171495694,15.103333333333333,17.92258064516129,2020-09-01,2020-09,14.111254480286739
Australia,2020-12-01,513.0,1.0,1.0,31,31,12,-33.78229959370005,True,warm,E2020,0.001949317738791423,23.148387096774194,17.92258064516129,2020-12-01,2020-12,14.111254480286739
Australia,2021-06-01,525.0,5.0,0.0,30,30,6,-33.78229959370005,True,cold,E2020,0.009523809523809525,10.886666666666667,17.92258064516129,2021-06-01,2021-06,14.111254480286739
Australia,2021-07-01,3740.0,66.0,14.0,31,31,7,-33.78229959370005,True,cold,E2020,0.01764705882352941,9.958064516129031,17.92258064516129,2021-07-01,2021-07,14.111254480286739
Australia,2021-08-01,20710.0,205.0,88.0,31,31,8,-33.78229959370005,True,cold,E2020,0.009898599710284886,11.696774193548388,17.92258064516129,2021-08-01,2021-08,14.111254480286739
Australia,2021-09-01,52088.0,425.0,299.0,30,30,9,-33.78229959370005,True,cold,E2021,0.008159268929503917,14.653333333333334,17.92258064516129,2021-09-01,2021-09,14.111254480286739
Australia,2021-10-01,64849.0,337.0,432.0,31,31,10,-33.78229959370005,True,transition,E2021,0.005196687689864146,16.725806451612904,17.92258064516129,2021-10-01,2021-10,14.111254480286739
Austria,2020-03-01,9261.0,522.0,134.0,31,31,3,47.5162,False,cold,E2019,0.056365403304178816,0.970967741935484,19.703225806451613,2020-03-01,2020-03,7.433344470046083
Austria,2020-04-01,6138.0,180.0,501.0,30,30,4,47.5162,False,transition,E2019,0.02932551319648094,6.7733333333333325,19.703225806451613,2020-04-01,2020-04,7.433344470046083
Austria,2020-05-01,1208.0,71.0,106.0,31,31,5,47.5162,False,warm,E2019,0.058774834437086095,8.258064516129032,19.703225806451613,2020-05-01,2020-05,7.433344470046083
Austria,2020-06-01,1019.0,48.0,69.0,30,30,6,47.5162,False,warm,E2019,0.047105004906771344,12.706666666666667,19.703225806451613,2020-06-01,2020-06,7.433344470046083
Austria,2020-07-01,3244.0,52.0,38.0,31,31,7,47.5162,False,warm,E2019,0.016029593094944512,14.783870967741937,19.703225806451613,2020-07-01,2020-07,7.433344470046083
Austria,2020-08-01,6258.0,65.0,55.0,31,31,8,47.5162,False,warm,E2019,0.010386705017577502,15.845161290322581,19.703225806451613,2020-08-01,2020-08,7.433344470046083
Austria,2020-09-01,17100.0,232.0,91.0,30,30,9,47.5162,False,warm,E2020,0.013567251461988304,11.806666666666667,19.703225806451613,2020-09-01,2020-09,7.433344470046083
Austria,2020-10-01,57236.0,1814.0,437.0,31,31,10,47.5162,False,transition,E2020,0.03169333985603466,5.951612903225806,19.703225806451613,2020-10-01,2020-10,7.433344470046083
Austria,2020-11-01,177033.0,3608.0,2653.0,30,30,11,47.5162,False,cold,E2020,0.020380381058898625,2.7666666666666666,19.703225806451613,2020-11-01,2020-11,7.433344470046083
Austria,2020-12-01,77563.0,2235.0,3402.0,31,31,12,47.5162,False,cold,E2020,0.028815285638771063,-0.4774193548387097,19.703225806451613,2020-12-01,2020-12,7.433344470046083
Austria,2021-01-01,53223.0,1363.0,1907.0,31,31,1,47.5162,False,cold,E2020,0.025609229092685492,-3.703225806451613,19.703225806451613,2021-01-01,2021-01,7.433344470046083
Austria,2021-02-01,43360.0,879.0,1039.0,28,28,2,47.5162,False,cold,E2020,0.020272140221402214,0.46785714285714286,19.703225806451613,2021-02-01,2021-02,7.433344470046083
Austria,2021-03-01,84656.0,1078.0,972.0,31,31,3,47.5162,False,cold,E2020,0.012733887733887735,0.016129032258064516,19.703225806451613,2021-03-01,2021-03,7.433344470046083
Austria,2021-04-01,74267.0,654.0,1012.0,30,30,4,47.5162,False,transition,E2020,0.008806064604736962,2.21,19.703225806451613,2021-04-01,2021-04,7.433344470046083
Austria,2021-05-01,28153.0,227.0,506.0,31,31,5,47.5162,False,warm,E2020,0.008063083863176215,7.038709677419354,19.703225806451613,2021-05-01,2021-05,7.433344470046083
Austria,2021-06-01,6214.0,75.0,148.0,30,30,6,47.5162,False,warm,E2020,0.012069520437721274,15.873333333333333,19.703225806451613,2021-06-01,2021-06,7.433344470046083
Austria,2021-07-01,8307.0,67.0,65.0,31,31,7,47.5162,False,warm,E2020,0.008065486938726375,16.0,19.703225806451613,2021-07-01,2021-07,7.433344470046083
Austria,2021-08-01,28377.0,220.0,92.0,31,31,8,47.5162,False,warm,E2020,0.007752757514888818,13.364516129032259,19.703225806451613,2021-08-01,2021-08,7.433344470046083
Austria,2021-09-01,55082.0,356.0,279.0,30,30,9,47.5162,False,warm,E2021,0.006463091391017029,11.833333333333334,19.703225806451613,2021-09-01,2021-09,7.433344470046083
Austria,2021-10-01,84558.0,1051.0,440.0,31,31,10,47.5162,False,transition,E2021,0.012429338442252654,6.180645161290323,19.703225806451613,2021-10-01,2021-10,7.433344470046083
Azerbaijan,2020-04-01,1506.0,24.0,19.0,30,30,4,40.1431,False,transition,E2019,0.01593625498007968,12.923333333333334,29.10322580645161,2020-04-01,2020-04,19.259703694720674
Azerbaijan,2020-05-01,3690.0,110.0,39.0,31,31,5,40.1431,False,warm,E2019,0.02981029810298103,21.55483870967742,29.10322580645161,2020-05-01,2020-05,19.259703694720674
Azerbaijan,2020-06-01,12030.0,222.0,150.0,30,30,6,40.1431,False,warm,E2019,0.018453865336658354,28.873333333333335,29.10322580645161,2020-06-01,2020-06,19.259703694720674
Azerbaijan,2020-07-01,14354.0,136.0,235.0,31,31,7,40.1431,False,warm,E2019,0.009474710881984117,30.490322580645163,29.10322580645161,2020-07-01,2020-07,19.259703694720674
Azerbaijan,2020-08-01,4557.0,64.0,86.0,31,31,8,40.1431,False,warm,E2019,0.014044327408382708,26.038709677419355,29.10322580645161,2020-08-01,2020-08,19.259703694720674
Azerbaijan,2020-09-01,3794.0,66.0,57.0,30,30,9,40.1431,False,warm,E2020,0.01739588824459673,24.873333333333335,29.10322580645161,2020-09-01,2020-09,19.259703694720674
Azerbaijan,2020-10-01,15040.0,465.0,139.0,31,31,10,40.1431,False,transition,E2020,0.030917553191489363,18.006451612903227,29.10322580645161,2020-10-01,2020-10,19.259703694720674
Azerbaijan,2020-11-01,65907.0,1146.0,662.0,30,30,11,40.1431,False,cold,E2020,0.017388137830579454,10.683333333333334,29.10322580645161,2020-11-01,2020-11,19.259703694720674
Azerbaijan,2020-12-01,97524.0,800.0,1249.0,31,31,12,40.1431,False,cold,E2020,0.008203108978302776,4.4,29.10322580645161,2020-12-01,2020-12,19.259703694720674
Azerbaijan,2021-01-01,11519.0,145.0,491.0,31,31,1,40.1431,False,cold,E2020,0.012587898255056863,2.1322580645161286,29.10322580645161,2021-01-01,2021-01,19.259703694720674
Azerbaijan,2021-02-01,4318.0,153.0,88.0,28,28,2,40.1431,False,cold,E2020,0.03543307086614173,5.910714285714286,29.10322580645161,2021-02-01,2021-02,19.259703694720674
Azerbaijan,2021-03-01,27176.0,884.0,347.0,31,31,3,40.1431,False,cold,E2020,0.03252870179570209,8.235483870967743,29.10322580645161,2021-03-01,2021-03,19.259703694720674
Azerbaijan,2021-04-01,57396.0,604.0,950.0,30,30,4,40.1431,False,transition,E2020,0.010523381420308035,18.543333333333333,29.10322580645161,2021-04-01,2021-04,19.259703694720674
Azerbaijan,2021-05-01,14847.0,124.0,396.0,31,31,5,40.1431,False,warm,E2020,0.008351855593722637,22.73548387096774,29.10322580645161,2021-05-01,2021-05,19.259703694720674
Azerbaijan,2021-06-01,2091.0,35.0,61.0,30,30,6,40.1431,False,warm,E2020,0.01673840267814443,28.990000000000002,29.10322580645161,2021-06-01,2021-06,19.259703694720674
Azerbaijan,2021-07-01,7802.0,281.0,49.0,31,31,7,40.1431,False,warm,E2020,0.03601640604973084,30.961290322580645,29.10322580645161,2021-07-01,2021-07,19.259703694720674
Azerbaijan,2021-08-01,81042.0,1074.0,613.0,31,31,8,40.1431,False,warm,E2020,0.013252387650847708,31.23548387096774,29.10322580645161,2021-08-01,2021-08,19.259703694720674
Azerbaijan,2021-09-01,59011.0,476.0,889.0,30,30,9,40.1431,False,warm,E2021,0.008066292725085154,24.346666666666668,29.10322580645161,2021-09-01,2021-09,19.259703694720674
Azerbaijan,2021-10-01,47468.0,795.0,549.0,31,31,10,40.1431,False,transition,E2021,0.01674812505266706,15.0,29.10322580645161,2021-10-01,2021-10,19.259703694720674
Bahrain,2020-03-01,526.0,6.0,4.0,31,31,3,26.0275,False,cold,E2019,0.011406844106463879,21.90967741935484,21.080645161290327,2020-03-01,2020-03,29.410945852534564
Bahrain,2020-04-01,2473.0,5.0,4.0,30,30,4,26.0275,False,transition,E2019,0.0020218358269308533,27.34333333333333,21.080645161290327,2020-04-01,2020-04,29.410945852534564
Bahrain,2020-05-01,8358.0,51.0,11.0,31,31,5,26.0275,False,warm,E2019,0.006101938262742283,31.103225806451615,21.080645161290327,2020-05-01,2020-05,29.410945852534564
Bahrain,2020-06-01,15360.0,66.0,68.0,30,30,6,26.0275,False,warm,E2019,0.004296875,34.769999999999996,21.080645161290327,2020-06-01,2020-06,29.410945852534564
Bahrain,2020-07-01,14224.0,52.0,60.0,31,31,7,26.0275,False,warm,E2019,0.003655793025871766,37.18387096774194,21.080645161290327,2020-07-01,2020-07,29.410945852534564
Bahrain,2020-08-01,10990.0,43.0,43.0,31,31,8,26.0275,False,warm,E2019,0.003912647861692447,35.81612903225806,21.080645161290327,2020-08-01,2020-08,29.410945852534564
Bahrain,2020-09-01,18892.0,84.0,61.0,30,30,9,26.0275,False,warm,E2020,0.004446326487402075,34.25666666666667,21.080645161290327,2020-09-01,2020-09,29.410945852534564
Bahrain,2020-10-01,10781.0,30.0,70.0,31,31,10,26.0275,False,transition,E2020,0.002782673221408033,28.82903225806452,21.080645161290327,2020-10-01,2020-10,29.410945852534564
Bahrain,2020-11-01,5311.0,12.0,20.0,30,30,11,26.0275,False,cold,E2020,0.002259461495010356,25.053333333333335,21.080645161290327,2020-11-01,2020-11,29.410945852534564
Bahrain,2020-12-01,5719.0,16.0,11.0,31,31,12,26.0275,False,cold,E2020,0.002797691904179052,19.629032258064516,21.080645161290327,2020-12-01,2020-12,29.410945852534564
Bahrain,2021-01-01,10382.0,57.0,23.0,31,31,1,26.0275,False,cold,E2020,0.005490271623964554,17.64516129032258,21.080645161290327,2021-01-01,2021-01,29.410945852534564
Bahrain,2021-02-01,19337.0,77.0,74.0,28,28,2,26.0275,False,cold,E2020,0.003982003413145783,18.932142857142857,21.080645161290327,2021-02-01,2021-02,29.410945852534564
Bahrain,2021-03-01,22051.0,107.0,72.0,31,31,3,26.0275,False,cold,E2020,0.004852387646818738,23.238709677419354,21.080645161290327,2021-03-01,2021-03,29.410945852534564
Bahrain,2021-04-01,32489.0,187.0,125.0,30,30,4,26.0275,False,transition,E2020,0.00575579426882945,27.883333333333333,21.080645161290327,2021-04-01,2021-04,29.410945852534564
Bahrain,2021-05-01,63597.0,517.0,334.0,31,31,5,26.0275,False,warm,E2020,0.00812931427583062,33.274193548387096,21.080645161290327,2021-05-01,2021-05,29.410945852534564
Bahrain,2021-06-01,25296.0,70.0,372.0,30,30,6,26.0275,False,warm,E2020,0.002767235926628716,34.44666666666667,21.080645161290327,2021-06-01,2021-06,29.410945852534564
Bahrain,2021-07-01,3359.0,5.0,32.0,31,31,7,26.0275,False,warm,E2020,0.0014885382554331646,36.880645161290325,21.080645161290327,2021-07-01,2021-07,29.410945852534564
Bahrain,2021-08-01,3354.0,2.0,4.0,31,31,8,26.0275,False,warm,E2020,0.0005963029218843172,36.770967741935486,21.080645161290327,2021-08-01,2021-08,29.410945852534564
Bahrain,2021-09-01,2517.0,4.0,1.0,30,30,9,26.0275,False,warm,E2021,0.0015891934843067143,33.336666666666666,21.080645161290327,2021-09-01,2021-09,29.410945852534564
Bahrain,2021-10-01,1772.0,2.0,4.0,31,31,10,26.0275,False,transition,E2021,0.001128668171557562,29.916129032258063,21.080645161290327,2021-10-01,2021-10,29.410945852534564
Bangladesh,2020-04-01,7616.0,298.0,163.0,30,30,4,23.685,False,transition,E2019,0.0391281512605042,27.303333333333335,12.155913978494624,2020-04-01,2020-04,26.405583313121515
Bangladesh,2020-05-01,39486.0,1056.0,482.0,31,31,5,23.685,False,warm,E2019,0.02674365597933445,27.932258064516127,12.155913978494624,2020-05-01,2020-05,26.405583313121515
Bangladesh,2020-06-01,98330.0,1245.0,1197.0,30,30,6,23.685,False,warm,E2019,0.012661446150716973,28.14,12.155913978494624,2020-06-01,2020-06,26.405583313121515
Bangladesh,2020-07-01,92178.0,1152.0,1264.0,31,31,7,23.685,False,warm,E2019,0.012497559070494045,28.306451612903224,12.155913978494624,2020-07-01,2020-07,26.405583313121515
Bangladesh,2020-08-01,75335.0,1118.0,1170.0,31,31,8,23.685,False,warm,E2019,0.014840379637618637,28.309677419354838,12.155913978494624,2020-08-01,2020-08,26.405583313121515
Bangladesh,2020-09-01,50483.0,744.0,970.0,30,30,9,23.685,False,warm,E2020,0.014737634451201395,28.4,12.155913978494624,2020-09-01,2020-09,26.405583313121515
Bangladesh,2020-10-01,44205.0,627.0,672.0,31,31,10,23.685,False,transition,E2020,0.014183915846623684,27.82903225806452,12.155913978494624,2020-10-01,2020-10,26.405583313121515
Bangladesh,2020-11-01,57248.0,962.0,721.0,30,30,11,23.685,False,cold,E2020,0.016804080491894913,22.990000000000002,12.155913978494624,2020-11-01,2020-11,26.405583313121515
Bangladesh,2020-12-01,48578.0,654.0,915.0,31,31,12,23.685,False,cold,E2020,0.013462884433282555,18.635483870967743,12.155913978494624,2020-12-01,2020-12,26.405583313121515
Bangladesh,2021-01-01,21629.0,383.0,568.0,31,31,1,23.685,False,cold,E2020,0.017707707244902678,18.148387096774194,12.155913978494624,2021-01-01,2021-01,26.405583313121515
Bangladesh,2021-02-01,11077.0,341.0,281.0,28,28,2,23.685,False,cold,E2020,0.030784508440913606,20.74285714285714,12.155913978494624,2021-02-01,2021-02,26.405583313121515
Bangladesh,2021-03-01,65079.0,1993.0,638.0,31,31,3,23.685,False,cold,E2020,0.030624318136418815,27.116129032258065,12.155913978494624,2021-03-01,2021-03,26.405583313121515
Bangladesh,2021-04-01,147837.0,1627.0,2404.0,30,30,4,23.685,False,transition,E2020,0.01100536401577413,29.733333333333334,12.155913978494624,2021-04-01,2021-04,26.405583313121515
Bangladesh,2021-05-01,41408.0,1316.0,1169.0,31,31,5,23.685,False,warm,E2020,0.03178129829984544,28.73548387096774,12.155913978494624,2021-05-01,2021-05,26.405583313121515
Bangladesh,2021-06-01,112718.0,4872.0,1884.0,30,30,6,23.685,False,warm,E2020,0.04322291027165138,27.726666666666667,12.155913978494624,2021-06-01,2021-06,26.405583313121515
Bangladesh,2021-07-01,336226.0,6645.0,6182.0,31,31,7,23.685,False,warm,E2020,0.019763492412841362,28.161290322580644,12.155913978494624,2021-07-01,2021-07,26.405583313121515
Bangladesh,2021-08-01,251134.0,2134.0,5510.0,31,31,8,23.685,False,warm,E2020,0.008497455541663016,28.0,12.155913978494624,2021-08-01,2021-08,26.405583313121515
Bangladesh,2021-09-01,55293.0,524.0,1315.0,30,30,9,23.685,False,warm,E2021,0.00947678729676451,28.066666666666666,12.155913978494624,2021-09-01,2021-09,26.405583313121515
Bangladesh,2021-10-01,13628.0,152.0,358.0,31,31,10,23.685,False,transition,E2021,0.011153507484590548,27.429032258064513,12.155913978494624,2021-10-01,2021-10,26.405583313121515
Belarus,2020-04-01,13875.0,130.0,88.0,30,30,4,53.7098,False,transition,E2019,0.009369369369369369,6.2,31.044354838709676,2020-04-01,2020-04,9.706312959818902
Belarus,2020-05-01,28529.0,161.0,146.0,31,31,5,53.7098,False,warm,E2019,0.005643380419923586,10.864516129032259,31.044354838709676,2020-05-01,2020-05,9.706312959818902
Belarus,2020-06-01,19562.0,161.0,157.0,30,30,6,53.7098,False,warm,E2019,0.008230242306512627,19.293333333333333,31.044354838709676,2020-06-01,2020-06,9.706312959818902
Belarus,2020-07-01,5690.0,125.0,167.0,31,31,7,53.7098,False,warm,E2019,0.021968365553602813,17.845161290322583,31.044354838709676,2020-07-01,2020-07,9.706312959818902
Belarus,2020-08-01,4035.0,153.0,122.0,31,31,8,53.7098,False,warm,E2019,0.0379182156133829,18.216129032258067,31.044354838709676,2020-08-01,2020-08,9.706312959818902
Belarus,2020-09-01,6788.0,156.0,152.0,30,30,9,53.7098,False,warm,E2020,0.022981732469063054,14.706666666666667,31.044354838709676,2020-09-01,2020-09,9.706312959818902
Belarus,2020-10-01,19851.0,148.0,147.0,31,31,10,53.7098,False,transition,E2020,0.007455543801319833,10.883870967741935,31.044354838709676,2020-10-01,2020-10,9.706312959818902
Belarus,2020-11-01,38165.0,244.0,178.0,30,30,11,53.7098,False,cold,E2020,0.00639329228350583,3.6666666666666665,31.044354838709676,2020-11-01,2020-11,9.706312959818902
Belarus,2020-12-01,57637.0,286.0,266.0,31,31,12,53.7098,False,cold,E2020,0.004962090323923868,-0.996774193548387,31.044354838709676,2020-12-01,2020-12,9.706312959818902
Belarus,2021-01-01,54052.0,293.0,294.0,31,31,1,53.7098,False,cold,E2020,0.0054207059868274995,-4.748387096774193,31.044354838709676,2021-01-01,2021-01,9.706312959818902
Belarus,2021-02-01,38970.0,245.0,258.0,28,28,2,53.7098,False,cold,E2020,0.0062868873492430075,-8.325,31.044354838709676,2021-02-01,2021-02,9.706312959818902
Belarus,2021-03-01,34501.0,296.0,271.0,31,31,3,53.7098,False,cold,E2020,0.008579461464885077,0.6064516129032258,31.044354838709676,2021-03-01,2021-03,9.706312959818902
Belarus,2021-04-01,36931.0,299.0,295.0,30,30,4,53.7098,False,transition,E2020,0.008096179361512008,6.416666666666667,31.044354838709676,2021-04-01,2021-04,9.706312959818902
Belarus,2021-05-01,35701.0,301.0,309.0,31,31,5,53.7098,False,warm,E2020,0.008431136382734378,11.83548387096774,31.044354838709676,2021-05-01,2021-05,9.706312959818902
Belarus,2021-06-01,22750.0,302.0,292.0,30,30,6,53.7098,False,warm,E2020,0.013274725274725275,19.663333333333334,31.044354838709676,2021-06-01,2021-06,9.706312959818902
Belarus,2021-07-01,28851.0,315.0,311.0,31,31,7,53.7098,False,warm,E2020,0.01091816574815431,22.719354838709677,31.044354838709676,2021-07-01,2021-07,9.706312959818902
Belarus,2021-08-01,35492.0,358.0,326.0,31,31,8,53.7098,False,warm,E2020,0.010086780119463542,17.780645161290323,31.044354838709676,2021-08-01,2021-08,9.706312959818902
Belarus,2021-09-01,56554.0,438.0,363.0,30,30,9,53.7098,False,warm,E2021,0.0077448102698306045,10.746666666666666,31.044354838709676,2021-09-01,2021-09,9.706312959818902
Belarus,2021-10-01,62082.0,482.0,488.0,31,31,10,53.7098,False,transition,E2021,0.007763925131277987,7.04516129032258,31.044354838709676,2021-10-01,2021-10,9.706312959818902
Belgium,2020-03-01,12774.0,5931.0,705.0,31,31,3,50.8333,False,cold,E2019,0.4643024894316581,6.674193548387097,18.16774193548387,2020-03-01,2020-03,12.168572964669739
Belgium,2020-04-01,35744.0,3188.0,6889.0,30,30,4,50.8333,False,transition,E2019,0.08918979409131603,11.883333333333333,18.16774193548387,2020-04-01,2020-04,12.168572964669739
Belgium,2020-05-01,9862.0,510.0,1873.0,31,31,5,50.8333,False,warm,E2019,0.05171364834719124,13.806451612903226,18.16774193548387,2020-05-01,2020-05,12.168572964669739
Belgium,2020-06-01,3046.0,109.0,280.0,30,30,6,50.8333,False,warm,E2019,0.03578463558765594,17.42,18.16774193548387,2020-06-01,2020-06,12.168572964669739
Belgium,2020-07-01,7324.0,74.0,94.0,31,31,7,50.8333,False,warm,E2019,0.010103768432550519,17.46451612903226,18.16774193548387,2020-07-01,2020-07,12.168572964669739
Belgium,2020-08-01,16485.0,71.0,54.0,31,31,8,50.8333,False,warm,E2019,0.004306945708219594,20.861290322580647,18.16774193548387,2020-08-01,2020-08,12.168572964669739
Belgium,2020-09-01,33216.0,589.0,121.0,30,30,9,50.8333,False,warm,E2020,0.01773241811175337,16.27,18.16774193548387,2020-09-01,2020-09,12.168572964669739
Belgium,2020-10-01,310777.0,4983.0,1609.0,31,31,10,50.8333,False,transition,E2020,0.016034005090466798,11.48709677419355,18.16774193548387,2020-10-01,2020-10,12.168572964669739
Belgium,2020-11-01,148116.0,3175.0,5020.0,30,30,11,50.8333,False,cold,E2020,0.02143590159064517,9.096666666666666,18.16774193548387,2020-11-01,2020-11,12.168572964669739
Belgium,2020-12-01,69151.0,1923.0,2883.0,31,31,12,50.8333,False,cold,E2020,0.027808708478546947,5.516129032258065,18.16774193548387,2020-12-01,2020-12,12.168572964669739
Belgium,2021-01-01,63657.0,1283.0,1564.0,31,31,1,50.8333,False,cold,E2020,0.020154892627676453,2.9387096774193546,18.16774193548387,2021-01-01,2021-01,12.168572964669739
Belgium,2021-02-01,61358.0,804.0,985.0,28,28,2,50.8333,False,cold,E2020,0.013103425796147202,5.042857142857143,18.16774193548387,2021-02-01,2021-02,12.168572964669739
Belgium,2021-03-01,110942.0,1160.0,939.0,31,31,3,50.8333,False,cold,E2020,0.010455913900957257,6.467741935483871,18.16774193548387,2021-03-01,2021-03,12.168572964669739
Belgium,2021-04-01,107776.0,942.0,1214.0,30,30,4,50.8333,False,transition,E2020,0.008740350356294536,6.53,18.16774193548387,2021-04-01,2021-04,12.168572964669739
Belgium,2021-05-01,71772.0,332.0,725.0,31,31,5,50.8333,False,warm,E2020,0.004625759349049768,11.316129032258065,18.16774193548387,2021-05-01,2021-05,12.168572964669739
Belgium,2021-06-01,23130.0,72.0,218.0,30,30,6,50.8333,False,warm,E2020,0.0031128404669260703,18.30666666666667,18.16774193548387,2021-06-01,2021-06,12.168572964669739
Belgium,2021-07-01,39584.0,107.0,68.0,31,31,7,50.8333,False,warm,E2020,0.0027031123686337916,17.641935483870967,18.16774193548387,2021-07-01,2021-07,12.168572964669739
Belgium,2021-08-01,59949.0,204.0,139.0,31,31,8,50.8333,False,warm,E2020,0.0034028924585898014,16.674193548387095,18.16774193548387,2021-08-01,2021-08,12.168572964669739
Belgium,2021-09-01,60290.0,311.0,222.0,30,30,9,50.8333,False,warm,E2021,0.00515840106153591,16.38,18.16774193548387,2021-09-01,2021-09,12.168572964669739
Belgium,2021-10-01,115696.0,733.0,392.0,31,31,10,50.8333,False,transition,E2021,0.0063355690775826305,11.593548387096773,18.16774193548387,2021-10-01,2021-10,12.168572964669739
Bolivia,2020-04-01,1060.0,181.0,56.0,30,30,4,-16.2902,True,transition,E2019,0.17075471698113207,24.836666666666666,7.8670967741935485,2020-04-01,2020-04,24.558801034845178
Bolivia,2020-05-01,8815.0,558.0,251.0,31,31,5,-16.2902,True,cold,E2019,0.0633011911514464,22.112903225806452,7.8670967741935485,2020-05-01,2020-05,24.558801034845178
Bolivia,2020-06-01,23237.0,1500.0,810.0,30,30,6,-16.2902,True,cold,E2019,0.0645522227482033,22.086666666666666,7.8670967741935485,2020-06-01,2020-06,24.558801034845178
Bolivia,2020-07-01,43570.0,2093.0,1854.0,31,31,7,-16.2902,True,cold,E2019,0.04803764057837962,22.04516129032258,7.8670967741935485,2020-07-01,2020-07,24.558801034845178
Bolivia,2020-08-01,39809.0,3288.0,2050.0,31,31,8,-16.2902,True,cold,E2019,0.08259438820367254,23.451612903225808,7.8670967741935485,2020-08-01,2020-08,24.558801034845178
Bolivia,2020-09-01,18713.0,904.0,2938.0,30,30,9,-16.2902,True,cold,E2020,0.048308662427189654,26.14,7.8670967741935485,2020-09-01,2020-09,24.558801034845178
Bolivia,2020-10-01,6446.0,346.0,760.0,31,31,10,-16.2902,True,transition,E2020,0.05367669872789327,28.58709677419355,7.8670967741935485,2020-10-01,2020-10,24.558801034845178
Bolivia,2020-11-01,2951.0,139.0,232.0,30,30,11,-16.2902,True,warm,E2020,0.0471026770586242,27.41,7.8670967741935485,2020-11-01,2020-11,24.558801034845178
Bolivia,2020-12-01,15416.0,775.0,208.0,31,31,12,-16.2902,True,warm,E2020,0.05027244421380384,26.161290322580644,7.8670967741935485,2020-12-01,2020-12,24.558801034845178
Bolivia,2021-01-01,56711.0,1623.0,1214.0,31,31,1,-16.2902,True,warm,E2020,0.028618786478813635,25.438709677419357,7.8670967741935485,2021-01-01,2021-01,24.558801034845178
Bolivia,2021-02-01,32175.0,619.0,1270.0,28,28,2,-16.2902,True,warm,E2020,0.01923853923853924,25.835714285714285,7.8670967741935485,2021-02-01,2021-02,24.558801034845178
Bolivia,2021-03-01,23401.0,671.0,608.0,31,31,3,-16.2902,True,warm,E2020,0.02867398829109867,25.206451612903226,7.8670967741935485,2021-03-01,2021-03,24.558801034845178
Bolivia,2021-04-01,31321.0,1049.0,694.0,30,30,4,-16.2902,True,transition,E2020,0.033491906388684906,23.866666666666667,7.8670967741935485,2021-04-01,2021-04,24.558801034845178
Bolivia,2021-05-01,67547.0,2394.0,1573.0,31,31,5,-16.2902,True,cold,E2020,0.035441988541311975,22.358064516129033,7.8670967741935485,2021-05-01,2021-05,24.558801034845178
Bolivia,2021-06-01,68345.0,1372.0,2243.0,30,30,6,-16.2902,True,cold,E2020,0.020074621406101396,20.720000000000002,7.8670967741935485,2021-06-01,2021-06,24.558801034845178
Bolivia,2021-07-01,33882.0,750.0,1054.0,31,31,7,-16.2902,True,cold,E2020,0.022135647246325482,21.419354838709676,7.8670967741935485,2021-07-01,2021-07,24.558801034845178
Bolivia,2021-08-01,17373.0,376.0,631.0,31,31,8,-16.2902,True,cold,E2020,0.02164277902492373,24.467741935483872,7.8670967741935485,2021-08-01,2021-08,24.558801034845178
Bolivia,2021-09-01,9566.0,219.0,283.0,30,30,9,-16.2902,True,cold,E2021,0.022893581434246288,27.066666666666666,7.8670967741935485,2021-09-01,2021-09,24.558801034845178
Bolivia,2021-10-01,13139.0,171.0,190.0,31,31,10,-16.2902,True,transition,E2021,0.01301468909353832,27.406451612903226,7.8670967741935485,2021-10-01,2021-10,24.558801034845178
Bosnia and Herzegovina,2020-04-01,1337.0,89.0,56.0,30,30,4,43.9159,False,transition,E2019,0.06656694091249066,3.3233333333333333,22.532258064516128,2020-04-01,2020-04,5.880627374888834
Bosnia and Herzegovina,2020-05-01,753.0,29.0,84.0,31,31,5,43.9159,False,warm,E2019,0.03851261620185923,6.645161290322581,22.532258064516128,2020-05-01,2020-05,5.880627374888834
Bosnia and Herzegovina,2020-06-01,1943.0,95.0,33.0,30,30,6,43.9159,False,warm,E2019,0.048893463715903245,10.193333333333333,22.532258064516128,2020-06-01,2020-06,5.880627374888834
Bosnia and Herzegovina,2020-07-01,7423.0,262.0,153.0,31,31,7,43.9159,False,warm,E2019,0.035295702546140374,13.04516129032258,22.532258064516128,2020-07-01,2020-07,5.880627374888834
Bosnia and Herzegovina,2020-08-01,8088.0,244.0,270.0,31,31,8,43.9159,False,warm,E2019,0.03016815034619189,14.258064516129032,22.532258064516128,2020-08-01,2020-08,5.880627374888834
Bosnia and Herzegovina,2020-09-01,7505.0,261.0,247.0,30,30,9,43.9159,False,warm,E2020,0.03477681545636242,10.41,22.532258064516128,2020-09-01,2020-09,5.880627374888834
Bosnia and Herzegovina,2020-10-01,22621.0,1215.0,378.0,31,31,10,43.9159,False,transition,E2020,0.053711153353078994,5.119354838709677,22.532258064516128,2020-10-01,2020-10,5.880627374888834
Bosnia and Herzegovina,2020-11-01,37811.0,1460.0,1447.0,30,30,11,43.9159,False,cold,E2020,0.03861310200735236,2.006666666666667,22.532258064516128,2020-11-01,2020-11,5.880627374888834
Bosnia and Herzegovina,2020-12-01,23084.0,830.0,1369.0,31,31,12,43.9159,False,cold,E2020,0.035955640270317106,-1.2322580645161292,22.532258064516128,2020-12-01,2020-12,5.880627374888834
Bosnia and Herzegovina,2021-01-01,10512.0,443.0,629.0,31,31,1,43.9159,False,cold,E2020,0.04214231354642314,-6.883870967741935,22.532258064516128,2021-01-01,2021-01,5.880627374888834
Bosnia and Herzegovina,2021-02-01,9482.0,794.0,392.0,28,28,2,43.9159,False,cold,E2020,0.08373760809955706,-2.835714285714286,22.532258064516128,2021-02-01,2021-02,5.880627374888834
Bosnia and Herzegovina,2021-03-01,38647.0,2309.0,1528.0,31,31,3,43.9159,False,cold,E2020,0.059745905244909046,-3.9419354838709677,22.532258064516128,2021-03-01,2021-03,5.880627374888834
Bosnia and Herzegovina,2021-04-01,28835.0,1026.0,1952.0,30,30,4,43.9159,False,transition,E2020,0.03558175827986822,-0.5533333333333333,22.532258064516128,2021-04-01,2021-04,5.880627374888834
Bosnia and Herzegovina,2021-05-01,5551.0,535.0,702.0,31,31,5,43.9159,False,warm,E2020,0.09637903080526031,6.225806451612903,22.532258064516128,2021-05-01,2021-05,5.880627374888834
Bosnia and Herzegovina,2021-06-01,1010.0,28.0,403.0,30,30,6,43.9159,False,warm,E2020,0.027722772277227723,12.843333333333334,22.532258064516128,2021-06-01,2021-06,5.880627374888834
Bosnia and Herzegovina,2021-07-01,633.0,51.0,31.0,31,31,7,43.9159,False,warm,E2020,0.08056872037914692,15.648387096774194,22.532258064516128,2021-07-01,2021-07,5.880627374888834
Bosnia and Herzegovina,2021-08-01,8198.0,595.0,116.0,31,31,8,43.9159,False,warm,E2020,0.0725786777262747,14.451612903225806,22.532258064516128,2021-08-01,2021-08,5.880627374888834
Bosnia and Herzegovina,2021-09-01,20922.0,966.0,803.0,30,30,9,43.9159,False,warm,E2021,0.04617149412102094,9.773333333333333,22.532258064516128,2021-09-01,2021-09,5.880627374888834
Bosnia and Herzegovina,2021-10-01,17983.0,936.0,889.0,31,31,10,43.9159,False,transition,E2021,0.05204915753767447,3.235483870967742,22.532258064516128,2021-10-01,2021-10,5.880627374888834
Botswana,2020-07-01,577.0,2.0,1.0,31,31,7,-22.3285,True,cold,E2019,0.0034662045060658577,14.33548387096774,13.718602150537631,2020-07-01,2020-07,21.232562884024578
Botswana,2020-08-01,829.0,10.0,4.0,31,31,8,-22.3285,True,cold,E2019,0.012062726176115802,18.325806451612905,13.718602150537631,2020-08-01,2020-08,21.232562884024578
Botswana,2020-09-01,1539.0,8.0,10.0,30,30,9,-22.3285,True,cold,E2020,0.005198180636777128,23.366666666666667,13.718602150537631,2020-09-01,2020-09,21.232562884024578
Botswana,2020-10-01,3470.0,10.0,8.0,31,31,10,-22.3285,True,transition,E2020,0.002881844380403458,26.103225806451615,13.718602150537631,2020-10-01,2020-10,21.232562884024578
Botswana,2020-11-01,4100.0,7.0,10.0,30,30,11,-22.3285,True,warm,E2020,0.0017073170731707317,26.133333333333333,13.718602150537631,2020-11-01,2020-11,21.232562884024578
Botswana,2020-12-01,4063.0,67.0,8.0,31,31,12,-22.3285,True,warm,E2020,0.016490278119616047,24.838709677419356,13.718602150537631,2020-12-01,2020-12,21.232562884024578
Botswana,2021-01-01,6488.0,149.0,92.0,31,31,1,-22.3285,True,warm,E2020,0.022965474722564733,23.725806451612904,13.718602150537631,2021-01-01,2021-01,21.232562884024578
Botswana,2021-02-01,7078.0,204.0,176.0,28,28,2,-22.3285,True,warm,E2020,0.028821701045493076,22.289285714285715,13.718602150537631,2021-02-01,2021-02,21.232562884024578
Botswana,2021-03-01,11477.0,226.0,258.0,31,31,3,-22.3285,True,warm,E2020,0.019691557027097673,22.874193548387098,13.718602150537631,2021-03-01,2021-03,21.232562884024578
Botswana,2021-04-01,7086.0,100.0,144.0,30,30,4,-22.3285,True,transition,E2020,0.014112334180073384,21.89,13.718602150537631,2021-04-01,2021-04,21.232562884024578
Botswana,2021-05-01,8039.0,285.0,137.0,31,31,5,-22.3285,True,cold,E2020,0.035452170667993534,18.203225806451613,13.718602150537631,2021-05-01,2021-05,21.232562884024578
Botswana,2021-06-01,14707.0,259.0,276.0,30,30,6,-22.3285,True,cold,E2020,0.017610661589719183,15.639999999999999,13.718602150537631,2021-06-01,2021-06,21.232562884024578
Botswana,2021-07-01,37010.0,753.0,444.0,31,31,7,-22.3285,True,cold,E2020,0.020345852472304783,14.058064516129033,13.718602150537631,2021-07-01,2021-07,21.232562884024578
Botswana,2021-08-01,50237.0,273.0,692.0,31,31,8,-22.3285,True,cold,E2020,0.005434241694368692,19.383870967741935,13.718602150537631,2021-08-01,2021-08,21.232562884024578
Botswana,2021-09-01,22293.0,42.0,107.0,30,30,9,-22.3285,True,cold,E2021,0.0018839994617144396,23.753333333333334,13.718602150537631,2021-09-01,2021-09,21.232562884024578
Botswana,2021-10-01,7374.0,20.0,38.0,31,31,10,-22.3285,True,transition,E2021,0.0027122321670735015,24.799999999999997,13.718602150537631,2021-10-01,2021-10,21.232562884024578
Brazil,2020-03-01,5715.0,2726.0,201.0,31,31,3,-14.235,True,warm,E2019,0.47699037620297463,25.89032258064516,6.897526881720431,2020-03-01,2020-03,26.059940092165895
Brazil,2020-04-01,81470.0,17387.0,5805.0,30,30,4,-14.235,True,transition,E2019,0.21341598134282558,26.176666666666666,6.897526881720431,2020-04-01,2020-04,26.059940092165895
Brazil,2020-05-01,428950.0,30555.0,23361.0,31,31,5,-14.235,True,cold,E2019,0.07123207833080779,24.448387096774194,6.897526881720431,2020-05-01,2020-05,26.059940092165895
Brazil,2020-06-01,896532.0,30980.0,30425.0,30,30,6,-14.235,True,cold,E2019,0.03455537560287865,24.066666666666666,6.897526881720431,2020-06-01,2020-06,26.059940092165895
Brazil,2020-07-01,1257782.0,31888.0,32936.0,31,31,7,-14.235,True,cold,E2019,0.025352565070894638,24.029032258064515,6.897526881720431,2020-07-01,2020-07,26.059940092165895
Brazil,2020-08-01,1244378.0,23892.0,28890.0,31,31,8,-14.235,True,cold,E2019,0.019199953711814256,26.383870967741935,6.897526881720431,2020-08-01,2020-08,26.059940092165895
Brazil,2020-09-01,902536.0,18093.0,22460.0,30,30,9,-14.235,True,cold,E2020,0.02004684577678896,29.153333333333332,6.897526881720431,2020-09-01,2020-09,26.059940092165895
Brazil,2020-10-01,720398.0,13552.0,15894.0,31,31,10,-14.235,True,transition,E2020,0.018811823464251705,28.52258064516129,6.897526881720431,2020-10-01,2020-10,26.059940092165895
Brazil,2020-11-01,804202.0,18353.0,13296.0,30,30,11,-14.235,True,warm,E2020,0.022821380697884364,26.946666666666665,6.897526881720431,2020-11-01,2020-11,26.059940092165895
Brazil,2020-12-01,1339067.0,26930.0,21804.0,31,31,12,-14.235,True,warm,E2020,0.020111017596580304,26.761290322580646,6.897526881720431,2020-12-01,2020-12,26.059940092165895
Brazil,2021-01-01,1527489.0,32349.0,29576.0,31,31,1,-14.235,True,warm,E2020,0.021177893916093666,26.451612903225808,6.897526881720431,2021-01-01,2021-01,26.059940092165895
Brazil,2021-02-01,1349570.0,47603.0,30531.0,28,28,2,-14.235,True,warm,E2020,0.03527271649488355,25.414285714285715,6.897526881720431,2021-02-01,2021-02,26.059940092165895
Brazil,2021-03-01,2205301.0,87648.0,66959.0,31,31,3,-14.235,True,warm,E2020,0.039744234460511285,25.448387096774194,6.897526881720431,2021-03-01,2021-03,26.059940092165895
Brazil,2021-04-01,1911712.0,64802.0,82392.0,30,30,4,-14.235,True,transition,E2020,0.033897365293517015,25.923333333333336,6.897526881720431,2021-04-01,2021-04,26.059940092165895
Brazil,2021-05-01,1882784.0,56347.0,58714.0,31,31,5,-14.235,True,cold,E2020,0.02992749035470877,24.94193548387097,6.897526881720431,2021-05-01,2021-05,26.059940092165895
Brazil,2021-06-01,2012408.0,42812.0,55244.0,30,30,6,-14.235,True,cold,E2020,0.0212740160047068,24.13,6.897526881720431,2021-06-01,2021-06,26.059940092165895
Brazil,2021-07-01,1351850.0,28541.0,38188.0,31,31,7,-14.235,True,cold,E2020,0.02111254946924585,22.625806451612902,6.897526881720431,2021-07-01,2021-07,26.059940092165895
Brazil,2021-08-01,863050.0,17479.0,24088.0,31,31,8,-14.235,True,cold,E2020,0.020252592549678466,26.312903225806455,6.897526881720431,2021-08-01,2021-08,26.059940092165895
Brazil,2021-09-01,647166.0,13039.0,16268.0,30,30,9,-14.235,True,cold,E2021,0.020147844602466755,29.523333333333333,6.897526881720431,2021-09-01,2021-09,26.059940092165895
Brazil,2021-10-01,382263.0,7958.0,11050.0,31,31,10,-14.235,True,transition,E2021,0.020818127833454977,28.048387096774192,6.897526881720431,2021-10-01,2021-10,26.059940092165895
Brunei,2021-08-01,2375.0,26.0,6.0,31,31,8,4.5353,False,warm,E2020,0.010947368421052631,25.83225806451613,1.9483870967741943,2021-08-01,2021-08,25.826129032258063
Brunei,2021-09-01,4404.0,50.0,33.0,30,30,9,4.5353,False,warm,E2021,0.011353315168029064,25.529999999999998,1.9483870967741943,2021-09-01,2021-09,25.826129032258063
Brunei,2021-10-01,6014.0,17.0,46.0,31,31,10,4.5353,False,transition,E2021,0.002826737612238111,26.116129032258065,1.9483870967741943,2021-10-01,2021-10,25.826129032258063
Bulgaria,2020-04-01,1107.0,75.0,58.0,30,30,4,42.7339,False,transition,E2019,0.06775067750677506,6.1033333333333335,21.993548387096777,2020-04-01,2020-04,9.925397768615086
Bulgaria,2020-05-01,1007.0,79.0,74.0,31,31,5,42.7339,False,warm,E2019,0.07845084409136048,11.17741935483871,21.993548387096777,2020-05-01,2020-05,9.925397768615086
Bulgaria,2020-06-01,2476.0,114.0,90.0,30,30,6,42.7339,False,warm,E2019,0.04604200323101777,14.716666666666667,21.993548387096777,2020-06-01,2020-06,9.925397768615086
Bulgaria,2020-07-01,6701.0,226.0,153.0,31,31,7,42.7339,False,warm,E2019,0.033726309506043876,17.806451612903224,21.993548387096777,2020-07-01,2020-07,9.925397768615086
Bulgaria,2020-08-01,4576.0,226.0,246.0,31,31,8,42.7339,False,warm,E2019,0.04938811188811189,18.783870967741933,21.993548387096777,2020-08-01,2020-08,9.925397768615086
Bulgaria,2020-09-01,4567.0,283.0,196.0,30,30,9,42.7339,False,warm,E2020,0.06196627983358879,15.94,21.993548387096777,2020-09-01,2020-09,9.925397768615086
Bulgaria,2020-10-01,32011.0,1772.0,454.0,31,31,10,42.7339,False,transition,E2020,0.055355971384836465,10.829032258064515,21.993548387096777,2020-10-01,2020-10,9.925397768615086
Bulgaria,2020-11-01,92456.0,3945.0,2756.0,30,30,11,42.7339,False,cold,E2020,0.04266894522800035,2.9233333333333333,21.993548387096777,2020-11-01,2020-11,9.925397768615086
Bulgaria,2020-12-01,56966.0,1976.0,3541.0,31,31,12,42.7339,False,cold,E2020,0.03468735737106344,1.2064516129032257,21.993548387096777,2020-12-01,2020-12,9.925397768615086
Bulgaria,2021-01-01,16482.0,1113.0,1469.0,31,31,1,42.7339,False,cold,E2020,0.06752821259555879,-1.3483870967741935,21.993548387096777,2021-01-01,2021-01,9.925397768615086
Bulgaria,2021-02-01,28290.0,2165.0,1146.0,28,28,2,42.7339,False,cold,E2020,0.07652880876634853,0.8964285714285715,21.993548387096777,2021-02-01,2021-02,9.925397768615086
Bulgaria,2021-03-01,95595.0,3599.0,3006.0,31,31,3,42.7339,False,cold,E2020,0.03764841257387939,-0.04193548387096777,21.993548387096777,2021-03-01,2021-03,9.925397768615086
Bulgaria,2021-04-01,61747.0,1856.0,3202.0,30,30,4,42.7339,False,transition,E2020,0.030058140476460396,4.5600000000000005,21.993548387096777,2021-04-01,2021-04,9.925397768615086
Bulgaria,2021-05-01,14197.0,526.0,1301.0,31,31,5,42.7339,False,warm,E2020,0.03705008100302881,11.8,21.993548387096777,2021-05-01,2021-05,9.925397768615086
Bulgaria,2021-06-01,3252.0,187.0,361.0,30,30,6,42.7339,False,warm,E2020,0.057503075030750306,14.783333333333333,21.993548387096777,2021-06-01,2021-06,9.925397768615086
Bulgaria,2021-07-01,3225.0,280.0,152.0,31,31,7,42.7339,False,warm,E2020,0.08682170542635659,19.76451612903226,21.993548387096777,2021-07-01,2021-07,9.925397768615086
Bulgaria,2021-08-01,30688.0,1757.0,683.0,31,31,8,42.7339,False,warm,E2020,0.0572536496350365,19.45483870967742,21.993548387096777,2021-08-01,2021-08,9.925397768615086
Bulgaria,2021-09-01,46420.0,2615.0,1986.0,30,30,9,42.7339,False,warm,E2021,0.05633347694959069,13.343333333333334,21.993548387096777,2021-09-01,2021-09,9.925397768615086
Bulgaria,2021-10-01,100330.0,4414.0,3117.0,31,31,10,42.7339,False,transition,E2021,0.04399481710355826,5.883870967741935,21.993548387096777,2021-10-01,2021-10,9.925397768615086
Burma,2020-08-01,529.0,94.0,0.0,31,31,8,21.9162,False,warm,E2019,0.1776937618147448,29.041935483870965,9.703225806451613,2020-08-01,2020-08,27.738888523151196
Burma,2020-09-01,12491.0,872.0,304.0,30,30,9,21.9162,False,warm,E2020,0.06981026338964054,29.66,9.703225806451613,2020-09-01,2020-09,27.738888523151196
Burma,2020-10-01,39333.0,750.0,927.0,31,31,10,21.9162,False,transition,E2020,0.01906795820303562,29.135483870967743,9.703225806451613,2020-10-01,2020-10,27.738888523151196
Burma,2020-11-01,38007.0,743.0,704.0,30,30,11,21.9162,False,cold,E2020,0.019549030441760727,25.366666666666667,9.703225806451613,2020-11-01,2020-11,27.738888523151196
Burma,2020-12-01,33917.0,548.0,741.0,31,31,12,21.9162,False,cold,E2020,0.016157089365215083,22.80322580645161,9.703225806451613,2020-12-01,2020-12,27.738888523151196
Burma,2021-01-01,15515.0,183.0,449.0,31,31,1,21.9162,False,cold,E2020,0.011795037060908798,22.693548387096776,9.703225806451613,2021-01-01,2021-01,27.738888523151196
Burma,2021-02-01,1751.0,8.0,68.0,28,28,2,21.9162,False,cold,E2020,0.004568817818389492,24.071428571428573,9.703225806451613,2021-02-01,2021-02,27.738888523151196
Burma,2021-03-01,538.0,2.0,7.0,31,31,3,21.9162,False,cold,E2020,0.0037174721189591076,28.738709677419354,9.703225806451613,2021-03-01,2021-03,27.738888523151196
Burma,2021-05-01,812.0,49.0,8.0,31,31,5,21.9162,False,warm,E2020,0.0603448275862069,31.425806451612903,9.703225806451613,2021-05-01,2021-05,27.738888523151196
Burma,2021-06-01,13648.0,2549.0,117.0,30,30,6,21.9162,False,warm,E2020,0.1867672919109027,30.84333333333333,9.703225806451613,2021-06-01,2021-06,27.738888523151196
Burma,2021-07-01,141908.0,8422.0,6000.0,31,31,7,21.9162,False,warm,E2020,0.059348310172788,29.44193548387097,9.703225806451613,2021-07-01,2021-07,27.738888523151196
Burma,2021-08-01,100097.0,2966.0,6055.0,31,31,8,21.9162,False,warm,E2020,0.02963125768005035,28.65806451612903,9.703225806451613,2021-08-01,2021-08,27.738888523151196
Burma,2021-09-01,64794.0,1263.0,2346.0,30,30,9,21.9162,False,warm,E2021,0.019492545606074635,28.293333333333333,9.703225806451613,2021-09-01,2021-09,27.738888523151196
Burma,2021-10-01,35997.0,560.0,962.0,31,31,10,21.9162,False,transition,E2021,0.015556851959885546,28.17096774193548,9.703225806451613,2021-10-01,2021-10,27.738888523151196
Chile,2020-03-01,2842.0,147.0,12.0,31,31,3,-35.6751,True,warm,E2019,0.05172413793103448,20.47741935483871,15.635483870967741,2020-03-01,2020-03,13.605269585253456
Chile,2020-04-01,14858.0,442.0,215.0,30,30,4,-35.6751,True,transition,E2019,0.029748283752860413,15.833333333333334,15.635483870967741,2020-04-01,2020-04,13.605269585253456
Chile,2020-05-01,105848.0,3890.0,827.0,31,31,5,-35.6751,True,cold,E2019,0.03675081248582873,11.570967741935483,15.635483870967741,2020-05-01,2020-05,13.605269585253456
Chile,2020-06-01,155843.0,4198.0,4634.0,30,30,6,-35.6751,True,cold,E2019,0.02693736645213452,8.836666666666668,15.635483870967741,2020-06-01,2020-06,13.605269585253456
Chile,2020-07-01,76274.0,2046.0,3769.0,31,31,7,-35.6751,True,cold,E2019,0.026824343813094894,8.154838709677419,15.635483870967741,2020-07-01,2020-07,13.605269585253456
Chile,2020-08-01,56059.0,1575.0,1832.0,31,31,8,-35.6751,True,cold,E2019,0.02809539948982322,8.493548387096775,15.635483870967741,2020-08-01,2020-08,13.605269585253456
Chile,2020-09-01,51265.0,1421.0,1452.0,30,30,9,-35.6751,True,cold,E2020,0.027718716473227347,10.889999999999999,15.635483870967741,2020-09-01,2020-09,13.605269585253456
Chile,2020-10-01,47265.0,1311.0,1466.0,31,31,10,-35.6751,True,transition,E2020,0.027737226277372264,13.970967741935485,15.635483870967741,2020-10-01,2020-10,13.605269585253456
Chile,2020-11-01,41487.0,1167.0,1203.0,30,30,11,-35.6751,True,warm,E2020,0.028129293513630776,18.040000000000003,15.635483870967741,2020-11-01,2020-11,13.605269585253456
Chile,2020-12-01,57230.0,1505.0,1198.0,31,31,12,-35.6751,True,warm,E2020,0.026297396470382668,20.467741935483872,15.635483870967741,2020-12-01,2020-12,13.605269585253456
Chile,2021-01-01,118136.0,2340.0,1844.0,31,31,1,-35.6751,True,warm,E2020,0.01980767928489199,22.11935483870968,15.635483870967741,2021-01-01,2021-01,13.605269585253456
Chile,2021-02-01,97516.0,2237.0,2120.0,28,28,2,-35.6751,True,warm,E2020,0.022939825259444605,19.585714285714285,15.635483870967741,2021-02-01,2021-02,13.605269585253456
Chile,2021-03-01,170913.0,3074.0,2563.0,31,31,3,-35.6751,True,warm,E2020,0.01798575883636704,19.24516129032258,15.635483870967741,2021-03-01,2021-03,13.605269585253456
Chile,2021-04-01,202707.0,2937.0,3218.0,30,30,4,-35.6751,True,transition,E2020,0.014488892835471888,14.743333333333334,15.635483870967741,2021-04-01,2021-04,13.605269585253456
Chile,2021-05-01,186101.0,3355.0,2947.0,31,31,5,-35.6751,True,cold,E2020,0.01802784509486784,10.383870967741935,15.635483870967741,2021-05-01,2021-05,13.605269585253456
Chile,2021-06-01,171556.0,2966.0,3245.0,30,30,6,-35.6751,True,cold,E2020,0.017288815313949962,9.086666666666668,15.635483870967741,2021-06-01,2021-06,13.605269585253456
Chile,2021-07-01,59869.0,1994.0,2903.0,31,31,7,-35.6751,True,cold,E2020,0.03330605154587516,6.638709677419355,15.635483870967741,2021-07-01,2021-07,13.605269585253456
Chile,2021-08-01,22904.0,769.0,1489.0,31,31,8,-35.6751,True,cold,E2020,0.03357492141110723,8.593548387096773,15.635483870967741,2021-08-01,2021-08,13.605269585253456
Chile,2021-09-01,15589.0,266.0,531.0,30,30,9,-35.6751,True,cold,E2021,0.01706331387516839,10.78,15.635483870967741,2021-09-01,2021-09,13.605269585253456
Chile,2021-10-01,40784.0,477.0,289.0,31,31,10,-35.6751,True,transition,E2021,0.01169576304433111,14.193548387096774,15.635483870967741,2021-10-01,2021-10,13.605269585253456
Colombia,2020-03-01,906.0,196.0,16.0,31,31,3,4.5709,False,cold,E2019,0.2163355408388521,13.387096774193548,2.06095661846496,2020-03-01,2020-03,12.737829493087558
Colombia,2020-04-01,5601.0,456.0,277.0,30,30,4,4.5709,False,transition,E2019,0.08141403320835565,13.403333333333334,2.06095661846496,2020-04-01,2020-04,12.737829493087558
Colombia,2020-05-01,22876.0,1585.0,646.0,31,31,5,4.5709,False,warm,E2019,0.06928658856443434,13.541935483870969,2.06095661846496,2020-05-01,2020-05,12.737829493087558
Colombia,2020-06-01,68463.0,4929.0,2395.0,30,30,6,4.5709,False,warm,E2019,0.07199509223960388,12.99,2.06095661846496,2020-06-01,2020-06,12.737829493087558
Colombia,2020-07-01,197662.0,9402.0,6771.0,31,31,7,4.5709,False,warm,E2019,0.047566047090487805,12.593548387096773,2.06095661846496,2020-07-01,2020-07,12.737829493087558
Colombia,2020-08-01,319586.0,7829.0,9557.0,31,31,8,4.5709,False,warm,E2019,0.02449731840568736,12.845161290322581,2.06095661846496,2020-08-01,2020-08,12.737829493087558
Colombia,2020-09-01,214585.0,5067.0,6336.0,30,30,9,4.5709,False,warm,E2020,0.02361302048139432,12.653333333333334,2.06095661846496,2020-09-01,2020-09,12.737829493087558
Colombia,2020-10-01,244505.0,5640.0,5316.0,31,31,10,4.5709,False,transition,E2020,0.02306701294452056,12.519354838709678,2.06095661846496,2020-10-01,2020-10,12.737829493087558
Colombia,2020-11-01,242622.0,5576.0,5452.0,30,30,11,4.5709,False,cold,E2020,0.022982252227745217,12.616666666666667,2.06095661846496,2020-11-01,2020-11,12.737829493087558
Colombia,2020-12-01,325969.0,9507.0,6447.0,31,31,12,4.5709,False,cold,E2020,0.02916535007930202,12.270967741935483,2.06095661846496,2020-12-01,2020-12,12.737829493087558
Colombia,2021-01-01,452109.0,8647.0,10770.0,31,31,1,4.5709,False,cold,E2020,0.019125918749682044,12.222580645161292,2.06095661846496,2021-01-01,2021-01,12.737829493087558
Colombia,2021-02-01,156806.0,3194.0,5783.0,28,28,2,4.5709,False,cold,E2020,0.02036911852862773,12.771428571428572,2.06095661846496,2021-02-01,2021-02,12.737829493087558
Colombia,2021-03-01,154687.0,7568.0,3656.0,31,31,3,4.5709,False,cold,E2020,0.04892460258457401,12.416129032258064,2.06095661846496,2021-03-01,2021-03,12.737829493087558
Colombia,2021-04-01,453347.0,14123.0,10298.0,30,30,4,4.5709,False,transition,E2020,0.03115273730718412,12.733333333333333,2.06095661846496,2021-04-01,2021-04,12.737829493087558
Colombia,2021-05-01,546732.0,16863.0,15054.0,31,31,5,4.5709,False,warm,E2020,0.03084326507319857,13.035483870967743,2.06095661846496,2021-05-01,2021-05,12.737829493087558
Colombia,2021-06-01,834526.0,16900.0,17770.0,30,30,6,4.5709,False,warm,E2020,0.02025101674483479,12.523333333333333,2.06095661846496,2021-06-01,2021-06,12.737829493087558
Colombia,2021-07-01,544338.0,6639.0,14179.0,31,31,7,4.5709,False,warm,E2020,0.012196466166242297,12.67741935483871,2.06095661846496,2021-07-01,2021-07,12.737829493087558
Colombia,2021-08-01,123766.0,1841.0,4222.0,31,31,8,4.5709,False,warm,E2020,0.014874844464554077,12.52258064516129,2.06095661846496,2021-08-01,2021-08,12.737829493087558
Colombia,2021-09-01,48191.0,997.0,1354.0,30,30,9,4.5709,False,warm,E2021,0.020688510302753624,12.520000000000001,2.06095661846496,2021-09-01,2021-09,12.737829493087558
Colombia,2021-10-01,45110.0,1134.0,982.0,31,31,10,4.5709,False,transition,E2021,0.02513855021059632,12.51290322580645,2.06095661846496,2021-10-01,2021-10,12.737829493087558
Costa Rica,2020-06-01,2403.0,56.0,6.0,30,30,6,9.7489,False,warm,E2019,0.023304203079483977,19.066666666666666,3.5669354838709655,2020-06-01,2020-06,18.30037092256257
Costa Rica,2020-07-01,14361.0,272.0,134.0,31,31,7,9.7489,False,warm,E2019,0.018940185223870205,18.612903225806452,3.5669354838709655,2020-07-01,2020-07,18.30037092256257
Costa Rica,2020-08-01,23467.0,405.0,286.0,31,31,8,9.7489,False,warm,E2019,0.017258277581284356,18.967741935483872,3.5669354838709655,2020-08-01,2020-08,18.30037092256257
Costa Rica,2020-09-01,34473.0,491.0,468.0,30,30,9,9.7489,False,warm,E2020,0.014243030777710093,18.96333333333333,3.5669354838709655,2020-09-01,2020-09,18.30037092256257
Costa Rica,2020-10-01,34211.0,372.0,481.0,31,31,10,9.7489,False,transition,E2020,0.01087369559498407,18.97741935483871,3.5669354838709655,2020-10-01,2020-10,18.30037092256257
Costa Rica,2020-11-01,29667.0,429.0,341.0,30,30,11,9.7489,False,cold,E2020,0.014460511679644048,18.85,3.5669354838709655,2020-11-01,2020-11,18.30037092256257
Costa Rica,2020-12-01,29683.0,469.0,459.0,31,31,12,9.7489,False,cold,E2020,0.01580028972812721,17.051612903225806,3.5669354838709655,2020-12-01,2020-12,18.30037092256257
Costa Rica,2021-01-01,23955.0,257.0,419.0,31,31,1,9.7489,False,cold,E2020,0.010728449175537466,16.719354838709677,3.5669354838709655,2021-01-01,2021-01,18.30037092256257
Costa Rica,2021-02-01,11065.0,133.0,196.0,28,28,2,9.7489,False,cold,E2020,0.01201988251242657,17.010714285714286,3.5669354838709655,2021-02-01,2021-02,18.30037092256257
Costa Rica,2021-03-01,12423.0,219.0,157.0,31,31,3,9.7489,False,cold,E2020,0.017628592127505432,16.641935483870967,3.5669354838709655,2021-03-01,2021-03,18.30037092256257
Costa Rica,2021-04-01,34227.0,650.0,274.0,30,30,4,9.7489,False,transition,E2020,0.018990855172816783,18.166666666666668,3.5669354838709655,2021-04-01,2021-04,18.30037092256257
Costa Rica,2021-05-01,67995.0,765.0,810.0,31,31,5,9.7489,False,warm,E2020,0.011250827266710787,18.461290322580645,3.5669354838709655,2021-05-01,2021-05,18.30037092256257
Costa Rica,2021-06-01,48952.0,395.0,626.0,30,30,6,9.7489,False,warm,E2020,0.008069128942637687,18.793333333333333,3.5669354838709655,2021-06-01,2021-06,18.30037092256257
Costa Rica,2021-07-01,38876.0,387.0,363.0,31,31,7,9.7489,False,warm,E2020,0.009954727852659738,18.51290322580645,3.5669354838709655,2021-07-01,2021-07,18.30037092256257
Costa Rica,2021-08-01,56912.0,786.0,476.0,31,31,8,9.7489,False,warm,E2020,0.013810795614281697,18.75483870967742,3.5669354838709655,2021-08-01,2021-08,18.30037092256257
Costa Rica,2021-09-01,68459.0,797.0,880.0,30,30,9,9.7489,False,warm,E2021,0.011642004703545188,18.823333333333334,3.5669354838709655,2021-09-01,2021-09,18.30037092256257
Costa Rica,2021-10-01,27513.0,356.0,643.0,31,31,10,9.7489,False,transition,E2021,0.01293933776760077,18.73225806451613,3.5669354838709655,2021-10-01,2021-10,18.30037092256257
Croatia,2020-03-01,861.0,47.0,6.0,31,31,3,45.1,False,cold,E2019,0.0545876887340302,2.425806451612903,21.10967741935484,2020-03-01,2020-03,8.96428167192174
Croatia,2020-04-01,1209.0,49.0,63.0,30,30,4,45.1,False,transition,E2019,0.04052936311000827,7.163333333333333,21.10967741935484,2020-04-01,2020-04,8.96428167192174
Croatia,2020-06-01,531.0,16.0,4.0,30,30,6,45.1,False,warm,E2019,0.030131826741996232,14.183333333333334,21.10967741935484,2020-06-01,2020-06,8.96428167192174
Croatia,2020-07-01,2362.0,46.0,38.0,31,31,7,45.1,False,warm,E2019,0.01947502116850127,17.225806451612904,21.10967741935484,2020-07-01,2020-07,8.96428167192174
Croatia,2020-08-01,5130.0,84.0,41.0,31,31,8,45.1,False,warm,E2019,0.016374269005847954,18.13225806451613,21.10967741935484,2020-08-01,2020-08,8.96428167192174
Croatia,2020-09-01,6324.0,140.0,94.0,30,30,9,45.1,False,warm,E2020,0.022137887413029727,13.336666666666668,21.10967741935484,2020-09-01,2020-09,8.96428167192174
Croatia,2020-10-01,32723.0,911.0,266.0,31,31,10,45.1,False,transition,E2020,0.02783974574458332,8.183870967741935,21.10967741935484,2020-10-01,2020-10,8.96428167192174
Croatia,2020-11-01,79126.0,1953.0,1240.0,30,30,11,45.1,False,cold,E2020,0.02468215251623992,2.896666666666667,21.10967741935484,2020-11-01,2020-11,8.96428167192174
Croatia,2020-12-01,82395.0,1481.0,2134.0,31,31,12,45.1,False,cold,E2020,0.01797439164997876,0.6903225806451613,21.10967741935484,2020-12-01,2020-12,8.96428167192174
Croatia,2021-01-01,21589.0,691.0,1107.0,31,31,1,45.1,False,cold,E2020,0.03200704062253926,-1.8516129032258064,21.10967741935484,2021-01-01,2021-01,8.96428167192174
Croatia,2021-02-01,10547.0,344.0,499.0,28,28,2,45.1,False,cold,E2020,0.032615909737366076,2.292857142857143,21.10967741935484,2021-02-01,2021-02,8.96428167192174
Croatia,2021-03-01,28659.0,919.0,421.0,31,31,3,45.1,False,cold,E2020,0.032066715516940576,1.664516129032258,21.10967741935484,2021-03-01,2021-03,8.96428167192174
Croatia,2021-04-01,60551.0,1164.0,1134.0,30,30,4,45.1,False,transition,E2020,0.019223464517514163,3.5166666666666666,21.10967741935484,2021-04-01,2021-04,8.96428167192174
Croatia,2021-05-01,23998.0,326.0,945.0,31,31,5,45.1,False,warm,E2020,0.013584465372114343,9.061290322580644,21.10967741935484,2021-05-01,2021-05,8.96428167192174
Croatia,2021-06-01,3691.0,62.0,180.0,30,30,6,45.1,False,warm,E2020,0.01679761582227039,17.25,21.10967741935484,2021-06-01,2021-06,8.96428167192174
Croatia,2021-07-01,3743.0,54.0,53.0,31,31,7,45.1,False,warm,E2020,0.014426930269837029,18.39032258064516,21.10967741935484,2021-07-01,2021-07,8.96428167192174
Croatia,2021-08-01,10383.0,228.0,75.0,31,31,8,45.1,False,warm,E2020,0.02195897139555042,16.516129032258064,21.10967741935484,2021-08-01,2021-08,8.96428167192174
Croatia,2021-09-01,30792.0,442.0,306.0,30,30,9,45.1,False,warm,E2021,0.014354377760457261,13.236666666666668,21.10967741935484,2021-09-01,2021-09,8.96428167192174
Croatia,2021-10-01,65558.0,1335.0,580.0,31,31,10,45.1,False,transition,E2021,0.02036364745721346,6.006451612903225,21.10967741935484,2021-10-01,2021-10,8.96428167192174
Cuba,2020-04-01,1315.0,42.0,55.0,30,30,4,21.521757,False,transition,E2019,0.03193916349809886,27.0,5.216129032258067,2020-04-01,2020-04,25.855021686093792
Cuba,2020-05-01,544.0,5.0,22.0,31,31,5,21.521757,False,warm,E2019,0.009191176470588236,26.16774193548387,5.216129032258067,2020-05-01,2020-05,25.855021686093792
Cuba,2020-08-01,1424.0,27.0,7.0,31,31,8,21.521757,False,warm,E2019,0.018960674157303372,28.11935483870968,5.216129032258067,2020-08-01,2020-08,25.855021686093792
Cuba,2020-09-01,1565.0,11.0,28.0,30,30,9,21.521757,False,warm,E2020,0.007028753993610224,26.743333333333332,5.216129032258067,2020-09-01,2020-09,25.855021686093792
Cuba,2020-10-01,1290.0,5.0,6.0,31,31,10,21.521757,False,transition,E2020,0.003875968992248062,26.393548387096775,5.216129032258067,2020-10-01,2020-10,25.855021686093792
Cuba,2020-11-01,1397.0,5.0,7.0,30,30,11,21.521757,False,cold,E2020,0.0035790980672870437,24.34,5.216129032258067,2020-11-01,2020-11,25.855021686093792
Cuba,2020-12-01,3579.0,47.0,11.0,31,31,12,21.521757,False,cold,E2020,0.0131321598211791,22.903225806451612,5.216129032258067,2020-12-01,2020-12,25.855021686093792
Cuba,2021-01-01,14823.0,112.0,68.0,31,31,1,21.521757,False,cold,E2020,0.007555825406462929,22.983870967741936,5.216129032258067,2021-01-01,2021-01,25.855021686093792
Cuba,2021-02-01,23093.0,98.0,108.0,28,28,2,21.521757,False,cold,E2020,0.004243710215216732,24.032142857142855,5.216129032258067,2021-02-01,2021-02,25.855021686093792
Cuba,2021-03-01,25484.0,153.0,102.0,31,31,3,21.521757,False,cold,E2020,0.006003767069533825,24.36774193548387,5.216129032258067,2021-03-01,2021-03,25.855021686093792
Cuba,2021-04-01,31444.0,302.0,220.0,30,30,4,21.521757,False,transition,E2020,0.009604376033583514,25.646666666666665,5.216129032258067,2021-04-01,2021-04,25.855021686093792
Cuba,2021-05-01,35559.0,321.0,314.0,31,31,5,21.521757,False,warm,E2020,0.009027250485109255,26.02258064516129,5.216129032258067,2021-05-01,2021-05,25.855021686093792
Cuba,2021-06-01,48727.0,902.0,326.0,30,30,6,21.521757,False,warm,E2020,0.018511297637859914,26.683333333333334,5.216129032258067,2021-06-01,2021-06,25.855021686093792
Cuba,2021-07-01,193603.0,2409.0,1474.0,31,31,7,21.521757,False,warm,E2020,0.012442989003269577,27.52258064516129,5.216129032258067,2021-07-01,2021-07,25.855021686093792
Cuba,2021-08-01,268259.0,2438.0,2545.0,31,31,8,21.521757,False,warm,E2020,0.009088231895295219,27.39032258064516,5.216129032258067,2021-08-01,2021-08,25.855021686093792
Cuba,2021-09-01,224573.0,1214.0,2133.0,30,30,9,21.521757,False,warm,E2021,0.00540581459035592,27.386666666666667,5.216129032258067,2021-09-01,2021-09,25.855021686093792
Cuba,2021-10-01,74573.0,162.0,800.0,31,31,10,21.521757,False,transition,E2021,0.0021723680152333953,25.83225806451613,5.216129032258067,2021-10-01,2021-10,25.855021686093792
Cyprus,2020-04-01,613.0,5.0,8.0,30,30,4,35.1264,False,transition,E2019,0.008156606851549755,17.16,21.170967741935485,2020-04-01,2020-04,20.640947992100063
Cyprus,2020-10-01,2474.0,18.0,3.0,31,31,10,35.1264,False,transition,E2020,0.007275666936135812,24.438709677419357,21.170967741935485,2020-10-01,2020-10,20.640947992100063
Cyprus,2020-11-01,6166.0,49.0,23.0,30,30,11,35.1264,False,cold,E2020,0.007946805060006487,16.82,21.170967741935485,2020-11-01,2020-11,20.640947992100063
Cyprus,2020-12-01,11963.0,85.0,72.0,31,31,12,35.1264,False,cold,E2020,0.007105241160244086,13.429032258064517,21.170967741935485,2020-12-01,2020-12,20.640947992100063
Cyprus,2021-01-01,8881.0,53.0,78.0,31,31,1,35.1264,False,cold,E2020,0.005967796419322148,12.051612903225807,21.170967741935485,2021-01-01,2021-01,20.640947992100063
Cyprus,2021-02-01,3708.0,13.0,34.0,28,28,2,35.1264,False,cold,E2020,0.003505933117583603,12.257142857142856,21.170967741935485,2021-02-01,2021-02,20.640947992100063
Cyprus,2021-03-01,11170.0,53.0,25.0,31,31,3,35.1264,False,cold,E2020,0.0047448522829006265,13.096774193548388,21.170967741935485,2021-03-01,2021-03,20.640947992100063
Cyprus,2021-04-01,20097.0,55.0,52.0,30,30,4,35.1264,False,transition,E2020,0.002736726874657909,18.416666666666668,21.170967741935485,2021-04-01,2021-04,20.640947992100063
Cyprus,2021-05-01,7281.0,24.0,52.0,31,31,5,35.1264,False,warm,E2020,0.003296250515039143,24.77741935483871,21.170967741935485,2021-05-01,2021-05,20.640947992100063
Cyprus,2021-06-01,3069.0,17.0,14.0,30,30,6,35.1264,False,warm,E2020,0.005539263603779733,26.466666666666665,21.170967741935485,2021-06-01,2021-06,20.640947992100063
Cyprus,2021-07-01,26374.0,91.0,45.0,31,31,7,35.1264,False,warm,E2020,0.0034503677864563586,30.993548387096773,21.170967741935485,2021-07-01,2021-07,20.640947992100063
Cyprus,2021-08-01,12384.0,65.0,90.0,31,31,8,35.1264,False,warm,E2020,0.005248708010335917,30.951612903225808,21.170967741935485,2021-08-01,2021-08,20.640947992100063
Cyprus,2021-09-01,4833.0,19.0,42.0,30,30,9,35.1264,False,warm,E2021,0.0039313056072832605,26.136666666666667,21.170967741935485,2021-09-01,2021-09,20.640947992100063
Cyprus,2021-10-01,3874.0,23.0,23.0,31,31,10,35.1264,False,transition,E2021,0.005937016004130098,21.97741935483871,21.170967741935485,2021-10-01,2021-10,20.640947992100063
Czechia,2020-03-01,3308.0,201.0,31.0,31,31,3,49.8175,False,cold,E2019,0.06076178960096735,4.125806451612903,20.73548387096774,2020-03-01,2020-03,10.15874539170507
Czechia,2020-04-01,4374.0,105.0,205.0,30,30,4,49.8175,False,transition,E2019,0.02400548696844993,9.69,20.73548387096774,2020-04-01,2020-04,10.15874539170507
Czechia,2020-05-01,1586.0,30.0,84.0,31,31,5,49.8175,False,warm,E2019,0.018915510718789406,11.17741935483871,20.73548387096774,2020-05-01,2020-05,10.15874539170507
Czechia,2020-06-01,2686.0,24.0,28.0,30,30,6,49.8175,False,warm,E2019,0.008935219657483246,16.16,20.73548387096774,2020-06-01,2020-06,10.15874539170507
Czechia,2020-07-01,4620.0,51.0,34.0,31,31,7,49.8175,False,warm,E2019,0.01103896103896104,17.690322580645162,20.73548387096774,2020-07-01,2020-07,10.15874539170507
Czechia,2020-08-01,8044.0,111.0,42.0,31,31,8,49.8175,False,warm,E2019,0.013799104922923919,19.041935483870965,20.73548387096774,2020-08-01,2020-08,10.15874539170507
Czechia,2020-09-01,46145.0,1217.0,231.0,30,30,9,49.8175,False,warm,E2020,0.02637338823274461,14.723333333333333,20.73548387096774,2020-09-01,2020-09,10.15874539170507
Czechia,2020-10-01,264339.0,5356.0,2596.0,31,31,10,49.8175,False,transition,E2020,0.020261860716731167,9.551612903225807,20.73548387096774,2020-10-01,2020-10,10.15874539170507
Czechia,2020-11-01,188196.0,3316.0,5044.0,30,30,11,49.8175,False,cold,E2020,0.0176199281600034,4.5600000000000005,20.73548387096774,2020-11-01,2020-11,10.15874539170507
Czechia,2020-12-01,195363.0,4562.0,3285.0,31,31,12,49.8175,False,cold,E2020,0.023351402261431283,1.8290322580645162,20.73548387096774,2020-12-01,2020-12,10.15874539170507
Czechia,2021-01-01,266113.0,4241.0,4728.0,31,31,1,49.8175,False,cold,E2020,0.015936838861686578,-1.2903225806451613,20.73548387096774,2021-01-01,2021-01,10.15874539170507
Czechia,2021-02-01,250706.0,5453.0,4031.0,28,28,2,49.8175,False,cold,E2020,0.021750576372324554,-0.4892857142857143,20.73548387096774,2021-02-01,2021-02,10.15874539170507
Czechia,2021-03-01,296852.0,4044.0,6082.0,31,31,3,49.8175,False,cold,E2020,0.013622950156980583,2.9838709677419355,20.73548387096774,2021-03-01,2021-03,10.15874539170507
Czechia,2021-04-01,98426.0,1279.0,2846.0,30,30,4,49.8175,False,transition,E2020,0.012994533964602848,5.28,20.73548387096774,2021-04-01,2021-04,10.15874539170507
Czechia,2021-05-01,30514.0,290.0,841.0,31,31,5,49.8175,False,warm,E2020,0.00950383430556466,10.474193548387097,20.73548387096774,2021-05-01,2021-05,10.15874539170507
Czechia,2021-06-01,6015.0,62.0,195.0,30,30,6,49.8175,False,warm,E2020,0.01030756442227764,18.73,20.73548387096774,2021-06-01,2021-06,10.15874539170507
Czechia,2021-07-01,6289.0,42.0,60.0,31,31,7,49.8175,False,warm,E2020,0.0066783272380346636,18.770967741935483,20.73548387096774,2021-07-01,2021-07,10.15874539170507
Czechia,2021-08-01,5613.0,58.0,41.0,31,31,8,49.8175,False,warm,E2020,0.01033315517548548,16.451612903225808,20.73548387096774,2021-08-01,2021-08,10.15874539170507
Czechia,2021-09-01,12300.0,145.0,55.0,30,30,9,49.8175,False,warm,E2021,0.011788617886178862,14.946666666666665,20.73548387096774,2021-09-01,2021-09,10.15874539170507
Czechia,2021-10-01,71413.0,1492.0,294.0,31,31,10,49.8175,False,transition,E2021,0.020892554576897763,8.76774193548387,20.73548387096774,2021-10-01,2021-10,10.15874539170507
Denmark,2020-03-01,3036.0,357.0,90.0,31,31,3,56.37399668911018,False,cold,E2019,0.11758893280632411,3.9612903225806453,17.56912442396313,2020-03-01,2020-03,9.815360983102918
Denmark,2020-04-01,6317.0,191.0,362.0,30,30,4,56.37399668911018,False,transition,E2019,0.030235871457970555,7.336666666666667,17.56912442396313,2020-04-01,2020-04,9.815360983102918
Denmark,2020-05-01,2513.0,39.0,122.0,31,31,5,56.37399668911018,False,warm,E2019,0.015519299641862315,9.687096774193549,17.56912442396313,2020-05-01,2020-05,9.815360983102918
Denmark,2020-06-01,1099.0,11.0,31.0,30,30,6,56.37399668911018,False,warm,E2019,0.010009099181073703,16.16,17.56912442396313,2020-06-01,2020-06,9.815360983102918
Denmark,2020-07-01,1060.0,10.0,10.0,31,31,7,56.37399668911018,False,warm,E2019,0.009433962264150943,14.241935483870968,17.56912442396313,2020-07-01,2020-07,9.815360983102918
Denmark,2020-08-01,3382.0,19.0,9.0,31,31,8,56.37399668911018,False,warm,E2019,0.0056179775280898875,17.690322580645162,17.56912442396313,2020-08-01,2020-08,9.815360983102918
Denmark,2020-09-01,11069.0,50.0,26.0,30,30,9,56.37399668911018,False,warm,E2020,0.0045171198843617305,13.639999999999999,17.56912442396313,2020-09-01,2020-09,9.815360983102918
Denmark,2020-10-01,18384.0,91.0,71.0,31,31,10,56.37399668911018,False,transition,E2020,0.0049499564838990425,9.948387096774193,17.56912442396313,2020-10-01,2020-10,9.815360983102918
Denmark,2020-11-01,34139.0,272.0,116.0,30,30,11,56.37399668911018,False,cold,E2020,0.00796742728258004,7.653333333333333,17.56912442396313,2020-11-01,2020-11,9.815360983102918
Denmark,2020-12-01,83114.0,857.0,461.0,31,31,12,56.37399668911018,False,cold,E2020,0.010311138917631205,3.9096774193548387,17.56912442396313,2020-12-01,2020-12,9.815360983102918
Denmark,2021-01-01,35040.0,429.0,828.0,31,31,1,56.37399668911018,False,cold,E2020,0.012243150684931507,0.38064516129032255,17.56912442396313,2021-01-01,2021-01,9.815360983102918
Denmark,2021-02-01,12727.0,62.0,236.0,28,28,2,56.37399668911018,False,cold,E2020,0.004871532961420602,0.18571428571428575,17.56912442396313,2021-02-01,2021-02,9.815360983102918
Denmark,2021-03-01,19412.0,65.0,58.0,31,31,3,56.37399668911018,False,cold,E2020,0.0033484442612816815,3.7483870967741937,17.56912442396313,2021-03-01,2021-03,9.815360983102918
Denmark,2021-04-01,19954.0,41.0,64.0,30,30,4,56.37399668911018,False,transition,E2020,0.0020547258694998496,5.113333333333333,17.56912442396313,2021-04-01,2021-04,9.815360983102918
Denmark,2021-05-01,30736.0,25.0,33.0,31,31,5,56.37399668911018,False,warm,E2020,0.0008133784487246226,9.541935483870969,17.56912442396313,2021-05-01,2021-05,9.815360983102918
Denmark,2021-06-01,12518.0,11.0,18.0,30,30,6,56.37399668911018,False,warm,E2020,0.0008787346221441124,15.293333333333333,17.56912442396313,2021-06-01,2021-06,9.815360983102918
Denmark,2021-07-01,23406.0,23.0,16.0,31,31,7,56.37399668911018,False,warm,E2020,0.0009826540203366659,17.75483870967742,17.56912442396313,2021-07-01,2021-07,9.815360983102918
Denmark,2021-08-01,29119.0,69.0,35.0,31,31,8,56.37399668911018,False,warm,E2020,0.002369586867680896,15.235483870967743,17.56912442396313,2021-08-01,2021-08,9.815360983102918
Denmark,2021-09-01,13522.0,63.0,72.0,30,30,9,56.37399668911018,False,warm,E2021,0.004659074101464281,14.270000000000001,17.56912442396313,2021-09-01,2021-09,9.815360983102918
Denmark,2021-10-01,30177.0,124.0,58.0,31,31,10,56.37399668911018,False,transition,E2021,0.004109089704079266,10.55483870967742,17.56912442396313,2021-10-01,2021-10,9.815360983102918
Dominican Republic,2020-03-01,1109.0,243.0,51.0,31,31,3,18.7357,False,cold,E2019,0.21911632100991885,17.809677419354838,4.351612903225806,2020-03-01,2020-03,19.904269585253456
Dominican Republic,2020-04-01,5863.0,203.0,250.0,30,30,4,18.7357,False,transition,E2019,0.03462391267269316,20.07,4.351612903225806,2020-04-01,2020-04,19.904269585253456
Dominican Republic,2020-05-01,10313.0,214.0,201.0,31,31,5,18.7357,False,warm,E2019,0.020750509066227094,20.95483870967742,4.351612903225806,2020-05-01,2020-05,19.904269585253456
Dominican Republic,2020-06-01,15283.0,337.0,245.0,30,30,6,18.7357,False,warm,E2019,0.022050644506968527,21.540000000000003,4.351612903225806,2020-06-01,2020-06,19.904269585253456
Dominican Republic,2020-07-01,37081.0,534.0,413.0,31,31,7,18.7357,False,warm,E2019,0.014400906124430301,21.183870967741935,4.351612903225806,2020-07-01,2020-07,19.904269585253456
Dominican Republic,2020-08-01,25066.0,521.0,550.0,31,31,8,18.7357,False,warm,E2019,0.02078512726402298,21.638709677419353,4.351612903225806,2020-08-01,2020-08,19.904269585253456
Dominican Republic,2020-09-01,17494.0,152.0,395.0,30,30,9,18.7357,False,warm,E2020,0.00868869326626272,21.10666666666667,4.351612903225806,2020-09-01,2020-09,19.904269585253456
Dominican Republic,2020-10-01,14809.0,102.0,140.0,31,31,10,18.7357,False,transition,E2020,0.00688770342359376,20.483870967741936,4.351612903225806,2020-10-01,2020-10,19.904269585253456
Dominican Republic,2020-11-01,16970.0,77.0,86.0,30,30,11,18.7357,False,cold,E2020,0.0045374189746611665,19.09,4.351612903225806,2020-11-01,2020-11,19.904269585253456
Dominican Republic,2020-12-01,26797.0,97.0,83.0,31,31,12,18.7357,False,cold,E2020,0.0036198081874836735,18.358064516129033,4.351612903225806,2020-12-01,2020-12,19.904269585253456
Dominican Republic,2021-01-01,43275.0,556.0,252.0,31,31,1,18.7357,False,cold,E2020,0.012848064702484114,18.112903225806452,4.351612903225806,2021-01-01,2021-01,19.904269585253456
Dominican Republic,2021-02-01,25557.0,234.0,434.0,28,28,2,18.7357,False,cold,E2020,0.009156004225848105,18.085714285714285,4.351612903225806,2021-02-01,2021-02,19.904269585253456
Dominican Republic,2021-03-01,13110.0,163.0,225.0,31,31,3,18.7357,False,cold,E2020,0.012433257055682686,18.061290322580643,4.351612903225806,2021-03-01,2021-03,19.904269585253456
Dominican Republic,2021-04-01,13834.0,168.0,155.0,30,30,4,18.7357,False,transition,E2020,0.012143993060575394,18.803333333333335,4.351612903225806,2021-04-01,2021-04,19.904269585253456
Dominican Republic,2021-05-01,26225.0,155.0,148.0,31,31,5,18.7357,False,warm,E2020,0.005910390848427073,19.700000000000003,4.351612903225806,2021-05-01,2021-05,19.904269585253456
Dominican Republic,2021-06-01,32435.0,171.0,194.0,30,30,6,18.7357,False,warm,E2020,0.005272082626792045,19.986666666666668,4.351612903225806,2021-06-01,2021-06,19.904269585253456
Dominican Republic,2021-07-01,16684.0,60.0,141.0,31,31,7,18.7357,False,warm,E2020,0.0035962598897146965,20.538709677419355,4.351612903225806,2021-07-01,2021-07,19.904269585253456
Dominican Republic,2021-08-01,8268.0,40.0,45.0,31,31,8,18.7357,False,warm,E2020,0.004837929366231253,20.93548387096774,4.351612903225806,2021-08-01,2021-08,19.904269585253456
Dominican Republic,2021-09-01,8874.0,68.0,38.0,30,30,9,18.7357,False,warm,E2021,0.007662835249042145,21.293333333333333,4.351612903225806,2021-09-01,2021-09,19.904269585253456
Dominican Republic,2021-10-01,22620.0,89.0,84.0,31,31,10,18.7357,False,transition,E2021,0.003934571175950486,20.33225806451613,4.351612903225806,2021-10-01,2021-10,19.904269585253456
Ecuador,2020-03-01,2240.0,513.0,75.0,31,31,3,-1.8312,True,warm,E2019,0.22901785714285713,19.75483870967742,2.183759733036709,2020-03-01,2020-03,18.80143509984639
Ecuador,2020-04-01,22694.0,2419.0,825.0,30,30,4,-1.8312,True,transition,E2019,0.10659205076231604,19.273333333333333,2.183759733036709,2020-04-01,2020-04,18.80143509984639
Ecuador,2020-05-01,14164.0,1284.0,2458.0,31,31,5,-1.8312,True,cold,E2019,0.09065235809093476,18.822580645161292,2.183759733036709,2020-05-01,2020-05,18.80143509984639
Ecuador,2020-06-01,17334.0,1143.0,1169.0,30,30,6,-1.8312,True,cold,E2019,0.06593977154724819,18.573333333333334,2.183759733036709,2020-06-01,2020-06,18.80143509984639
Ecuador,2020-07-01,28923.0,882.0,1175.0,31,31,7,-1.8312,True,cold,E2019,0.030494761954154133,18.161290322580644,2.183759733036709,2020-07-01,2020-07,18.80143509984639
Ecuador,2020-08-01,24737.0,4847.0,854.0,31,31,8,-1.8312,True,cold,E2019,0.19594130250232444,18.57741935483871,2.183759733036709,2020-08-01,2020-08,18.80143509984639
Ecuador,2020-09-01,26955.0,1358.0,4799.0,30,30,9,-1.8312,True,cold,E2020,0.05038026340196624,19.1,2.183759733036709,2020-09-01,2020-09,18.80143509984639
Ecuador,2020-10-01,31145.0,686.0,1315.0,31,31,10,-1.8312,True,transition,E2020,0.02202600738481297,19.190322580645162,2.183759733036709,2020-10-01,2020-10,18.80143509984639
Ecuador,2020-11-01,24493.0,810.0,791.0,30,30,11,-1.8312,True,warm,E2020,0.03307067325358266,19.40666666666667,2.183759733036709,2020-11-01,2020-11,18.80143509984639
Ecuador,2020-12-01,19827.0,577.0,573.0,31,31,12,-1.8312,True,warm,E2020,0.029101729964190245,18.81935483870968,2.183759733036709,2020-12-01,2020-12,18.80143509984639
Ecuador,2021-01-01,38316.0,1010.0,825.0,31,31,1,-1.8312,True,warm,E2020,0.026359745276124856,18.364516129032257,2.183759733036709,2021-01-01,2021-01,18.80143509984639
Ecuador,2021-02-01,35327.0,915.0,952.0,28,28,2,-1.8312,True,warm,E2020,0.025900869023692926,19.13214285714286,2.183759733036709,2021-02-01,2021-02,18.80143509984639
Ecuador,2021-03-01,42600.0,1353.0,1036.0,31,31,3,-1.8312,True,warm,E2020,0.03176056338028169,18.503225806451614,2.183759733036709,2021-03-01,2021-03,18.80143509984639
Ecuador,2021-04-01,53107.0,2303.0,1784.0,30,30,4,-1.8312,True,transition,E2020,0.043365281412996406,18.91,2.183759733036709,2021-04-01,2021-04,18.80143509984639
Ecuador,2021-05-01,44175.0,1197.0,1941.0,31,31,5,-1.8312,True,cold,E2020,0.027096774193548386,18.551612903225806,2.183759733036709,2021-05-01,2021-05,18.80143509984639
Ecuador,2021-06-01,32467.0,9448.0,988.0,30,30,6,-1.8312,True,cold,E2020,0.2910031724520282,18.173333333333336,2.183759733036709,2021-06-01,2021-06,18.80143509984639
Ecuador,2021-07-01,28868.0,1333.0,10071.0,31,31,7,-1.8312,True,cold,E2020,0.046175696272689484,17.664516129032258,2.183759733036709,2021-07-01,2021-07,18.80143509984639
Ecuador,2021-08-01,14371.0,605.0,628.0,31,31,8,-1.8312,True,cold,E2020,0.04209867093452091,18.635483870967743,2.183759733036709,2021-08-01,2021-08,18.80143509984639
Ecuador,2021-09-01,8434.0,252.0,525.0,30,30,9,-1.8312,True,cold,E2021,0.02987906094379891,19.05666666666667,2.183759733036709,2021-09-01,2021-09,18.80143509984639
Ecuador,2021-10-01,7085.0,183.0,196.0,31,31,10,-1.8312,True,transition,E2021,0.02582921665490473,19.358064516129033,2.183759733036709,2021-10-01,2021-10,18.80143509984639
Egypt,2020-03-01,709.0,254.0,46.0,31,31,3,26.820553,False,cold,E2019,0.35825105782792666,18.0258064516129,21.380645161290325,2020-03-01,2020-03,24.482189708141323
Egypt,2020-04-01,4827.0,432.0,346.0,30,30,4,26.820553,False,transition,E2019,0.08949658172778123,21.553333333333335,21.380645161290325,2020-04-01,2020-04,24.482189708141323
Egypt,2020-05-01,19448.0,1497.0,567.0,31,31,5,26.820553,False,warm,E2019,0.07697449609214316,26.95483870967742,21.380645161290325,2020-05-01,2020-05,24.482189708141323
Egypt,2020-06-01,43326.0,2206.0,1994.0,30,30,6,26.820553,False,warm,E2019,0.05091630891381618,29.546666666666667,21.380645161290325,2020-06-01,2020-06,24.482189708141323
Egypt,2020-07-01,25767.0,832.0,1852.0,31,31,7,26.820553,False,warm,E2019,0.032289362362711994,30.493548387096773,21.380645161290325,2020-07-01,2020-07,24.482189708141323
Egypt,2020-08-01,4861.0,556.0,616.0,31,31,8,26.820553,False,warm,E2019,0.11437975725159433,30.851612903225806,21.380645161290325,2020-08-01,2020-08,24.482189708141323
Egypt,2020-09-01,4259.0,368.0,509.0,30,30,9,26.820553,False,warm,E2020,0.08640525945057526,30.236666666666668,21.380645161290325,2020-09-01,2020-09,24.482189708141323
Egypt,2020-10-01,4357.0,380.0,336.0,31,31,10,26.820553,False,transition,E2020,0.08721597429423915,25.86774193548387,21.380645161290325,2020-10-01,2020-10,24.482189708141323
Egypt,2020-11-01,8356.0,595.0,384.0,30,30,11,26.820553,False,cold,E2020,0.0712063188128291,17.71333333333333,21.380645161290325,2020-11-01,2020-11,24.482189708141323
Egypt,2020-12-01,22151.0,1671.0,981.0,31,31,12,26.820553,False,cold,E2020,0.07543677486343732,15.754838709677419,21.380645161290325,2020-12-01,2020-12,24.482189708141323
Egypt,2021-01-01,27889.0,1552.0,1685.0,31,31,1,26.820553,False,cold,E2020,0.055649180680555056,13.63225806451613,21.380645161290325,2021-01-01,2021-01,24.482189708141323
Egypt,2021-02-01,16473.0,1245.0,1372.0,28,28,2,26.820553,False,cold,E2020,0.07557821890366054,14.471428571428572,21.380645161290325,2021-02-01,2021-02,24.482189708141323
Egypt,2021-03-01,19707.0,1268.0,1307.0,31,31,3,26.820553,False,cold,E2020,0.06434261937382656,18.516129032258064,21.380645161290325,2021-03-01,2021-03,24.482189708141323
Egypt,2021-04-01,25421.0,1745.0,1344.0,30,30,4,26.820553,False,transition,E2020,0.06864403445969867,23.003333333333334,21.380645161290325,2021-04-01,2021-04,24.482189708141323
Egypt,2021-05-01,35098.0,1287.0,1757.0,31,31,5,26.820553,False,warm,E2020,0.03666875605447604,29.312903225806455,21.380645161290325,2021-05-01,2021-05,24.482189708141323
Egypt,2021-06-01,18632.0,567.0,1073.0,30,30,6,26.820553,False,warm,E2020,0.030431515671962214,29.336666666666666,21.380645161290325,2021-06-01,2021-06,24.482189708141323
Egypt,2021-07-01,2980.0,198.0,355.0,31,31,7,26.820553,False,warm,E2020,0.06644295302013423,31.312903225806455,21.380645161290325,2021-07-01,2021-07,24.482189708141323
Egypt,2021-08-01,4179.0,353.0,212.0,31,31,8,26.820553,False,warm,E2020,0.08446996889207944,31.17096774193548,21.380645161290325,2021-08-01,2021-08,24.482189708141323
Egypt,2021-09-01,16083.0,1135.0,595.0,30,30,9,26.820553,False,warm,E2021,0.07057141080644158,27.853333333333335,21.380645161290325,2021-09-01,2021-09,24.482189708141323
Egypt,2021-10-01,26493.0,1782.0,1320.0,31,31,10,26.820553,False,transition,E2021,0.06726305061714415,24.03548387096774,21.380645161290325,2021-10-01,2021-10,24.482189708141323
El Salvador,2020-05-01,2122.0,65.0,36.0,31,31,5,13.794200000000002,False,warm,E2019,0.030631479736098022,24.98709677419355,3.9800000000000004,2020-05-01,2020-05,24.439632616487458
El Salvador,2020-06-01,3921.0,254.0,128.0,30,30,6,13.794200000000002,False,warm,E2019,0.06477939301198674,23.983333333333334,3.9800000000000004,2020-06-01,2020-06,24.439632616487458
El Salvador,2020-07-01,10194.0,294.0,274.0,31,31,7,13.794200000000002,False,warm,E2019,0.028840494408475574,24.574193548387097,3.9800000000000004,2020-07-01,2020-07,24.439632616487458
El Salvador,2020-08-01,9097.0,166.0,269.0,31,31,8,13.794200000000002,False,warm,E2019,0.018247773991425745,24.461290322580645,3.9800000000000004,2020-08-01,2020-08,24.439632616487458
El Salvador,2020-09-01,3348.0,121.0,126.0,30,30,9,13.794200000000002,False,warm,E2020,0.03614097968936679,23.65666666666667,3.9800000000000004,2020-09-01,2020-09,24.439632616487458
El Salvador,2020-10-01,4749.0,137.0,132.0,31,31,10,13.794200000000002,False,transition,E2020,0.02884817856390819,23.635483870967743,3.9800000000000004,2020-10-01,2020-10,24.439632616487458
El Salvador,2020-11-01,5115.0,187.0,139.0,30,30,11,13.794200000000002,False,cold,E2020,0.03655913978494624,22.946666666666665,3.9800000000000004,2020-11-01,2020-11,24.439632616487458
El Salvador,2020-12-01,7301.0,273.0,213.0,31,31,12,13.794200000000002,False,cold,E2020,0.037392138063279005,23.490322580645163,3.9800000000000004,2020-12-01,2020-12,24.439632616487458
El Salvador,2021-01-01,8724.0,269.0,296.0,31,31,1,13.794200000000002,False,cold,E2020,0.03083447959651536,24.748387096774195,3.9800000000000004,2021-01-01,2021-01,24.439632616487458
El Salvador,2021-02-01,5215.0,180.0,231.0,28,28,2,13.794200000000002,False,cold,E2020,0.03451581975071908,24.724999999999998,3.9800000000000004,2021-02-01,2021-02,24.439632616487458
El Salvador,2021-03-01,4545.0,107.0,152.0,31,31,3,13.794200000000002,False,cold,E2020,0.023542354235423543,25.76451612903226,3.9800000000000004,2021-03-01,2021-03,24.439632616487458
El Salvador,2021-04-01,4472.0,120.0,118.0,30,30,4,13.794200000000002,False,transition,E2020,0.026833631484794274,25.85666666666667,3.9800000000000004,2021-04-01,2021-04,24.439632616487458
El Salvador,2021-05-01,4504.0,130.0,125.0,31,31,5,13.794200000000002,False,warm,E2020,0.02886323268206039,25.664516129032258,3.9800000000000004,2021-05-01,2021-05,24.439632616487458
El Salvador,2021-06-01,5064.0,183.0,132.0,30,30,6,13.794200000000002,False,warm,E2020,0.03613744075829384,23.966666666666665,3.9800000000000004,2021-06-01,2021-06,24.439632616487458
El Salvador,2021-07-01,7854.0,312.0,248.0,31,31,7,13.794200000000002,False,warm,E2020,0.03972498090145149,25.219354838709677,3.9800000000000004,2021-07-01,2021-07,24.439632616487458
El Salvador,2021-08-01,7440.0,294.0,289.0,31,31,8,13.794200000000002,False,warm,E2020,0.03951612903225806,24.19677419354839,3.9800000000000004,2021-08-01,2021-08,24.439632616487458
El Salvador,2021-09-01,10288.0,407.0,316.0,30,30,9,13.794200000000002,False,warm,E2021,0.0395606531881804,23.93,3.9800000000000004,2021-09-01,2021-09,24.439632616487458
El Salvador,2021-10-01,9074.0,221.0,395.0,31,31,10,13.794200000000002,False,transition,E2021,0.024355300859598854,24.106451612903225,3.9800000000000004,2021-10-01,2021-10,24.439632616487458
Estonia,2020-03-01,744.0,43.0,4.0,31,31,3,58.59530000000001,False,cold,E2019,0.05779569892473118,1.7935483870967743,27.77488479262673,2020-03-01,2020-03,7.174056259600615
Estonia,2020-04-01,944.0,20.0,48.0,30,30,4,58.59530000000001,False,transition,E2019,0.0211864406779661,4.556666666666667,27.77488479262673,2020-04-01,2020-04,7.174056259600615
Estonia,2020-09-01,996.0,7.0,0.0,30,30,9,58.59530000000001,False,warm,E2020,0.007028112449799197,13.923333333333334,27.77488479262673,2020-09-01,2020-09,7.174056259600615
Estonia,2020-10-01,1534.0,16.0,9.0,31,31,10,58.59530000000001,False,transition,E2020,0.010430247718383311,9.225806451612904,27.77488479262673,2020-10-01,2020-10,7.174056259600615
Estonia,2020-11-01,7403.0,94.0,45.0,30,30,11,58.59530000000001,False,cold,E2020,0.012697555045251925,4.953333333333333,27.77488479262673,2020-11-01,2020-11,7.174056259600615
Estonia,2020-12-01,15682.0,173.0,111.0,31,31,12,58.59530000000001,False,cold,E2020,0.011031756153551843,0.02258064516129029,27.77488479262673,2020-12-01,2020-12,7.174056259600615
Estonia,2021-01-01,16218.0,181.0,190.0,31,31,1,58.59530000000001,False,cold,E2020,0.011160439018374645,-3.4612903225806453,27.77488479262673,2021-01-01,2021-01,7.174056259600615
Estonia,2021-02-01,21392.0,252.0,170.0,28,28,2,58.59530000000001,False,cold,E2020,0.011780104712041885,-6.307142857142857,27.77488479262673,2021-02-01,2021-02,7.174056259600615
Estonia,2021-03-01,40824.0,322.0,313.0,31,31,3,58.59530000000001,False,cold,E2020,0.007887517146776405,0.00645161290322587,27.77488479262673,2021-03-01,2021-03,7.174056259600615
Estonia,2021-04-01,15595.0,130.0,259.0,30,30,4,58.59530000000001,False,transition,E2020,0.00833600512984931,4.693333333333333,27.77488479262673,2021-04-01,2021-04,7.174056259600615
Estonia,2021-05-01,7525.0,29.0,91.0,31,31,5,58.59530000000001,False,warm,E2020,0.0038538205980066446,10.341935483870968,27.77488479262673,2021-05-01,2021-05,7.174056259600615
Estonia,2021-06-01,1520.0,3.0,17.0,30,30,6,58.59530000000001,False,warm,E2020,0.001973684210526316,19.236666666666668,27.77488479262673,2021-06-01,2021-06,7.174056259600615
Estonia,2021-07-01,2493.0,10.0,3.0,31,31,7,58.59530000000001,False,warm,E2020,0.004011231448054553,21.467741935483872,27.77488479262673,2021-07-01,2021-07,7.174056259600615
Estonia,2021-08-01,8399.0,52.0,20.0,31,31,8,58.59530000000001,False,warm,E2020,0.00619121323967139,15.651612903225805,27.77488479262673,2021-08-01,2021-08,7.174056259600615
Estonia,2021-09-01,14301.0,111.0,65.0,30,30,9,58.59530000000001,False,warm,E2021,0.00776169498636459,10.59,27.77488479262673,2021-09-01,2021-09,7.174056259600615
Estonia,2021-10-01,37712.0,291.0,174.0,31,31,10,58.59530000000001,False,transition,E2021,0.007716376750106067,8.09032258064516,27.77488479262673,2021-10-01,2021-10,7.174056259600615
Ethiopia,2020-05-01,1041.0,69.0,8.0,31,31,5,9.145,False,warm,E2019,0.06628242074927954,25.129032258064516,7.312903225806451,2020-05-01,2020-05,23.723822324628777
Ethiopia,2020-06-01,4674.0,106.0,92.0,30,30,6,9.145,False,warm,E2019,0.02267864783910997,26.040000000000003,7.312903225806451,2020-06-01,2020-06,23.723822324628777
Ethiopia,2020-07-01,11684.0,457.0,171.0,31,31,7,9.145,False,warm,E2019,0.039113317357069494,23.62258064516129,7.312903225806451,2020-07-01,2020-07,23.723822324628777
Ethiopia,2020-08-01,34601.0,471.0,535.0,31,31,8,9.145,False,warm,E2019,0.013612323343255975,23.009677419354837,7.312903225806451,2020-08-01,2020-08,23.723822324628777
Ethiopia,2020-09-01,23237.0,276.0,389.0,30,30,9,9.145,False,warm,E2020,0.011877608985669407,23.720000000000002,7.312903225806451,2020-09-01,2020-09,23.723822324628777
Ethiopia,2020-10-01,20801.0,252.0,271.0,31,31,10,9.145,False,transition,E2020,0.012114802172972453,24.677419354838708,7.312903225806451,2020-10-01,2020-10,23.723822324628777
Ethiopia,2020-11-01,13905.0,225.0,237.0,30,30,11,9.145,False,cold,E2020,0.016181229773462782,22.596666666666668,7.312903225806451,2020-11-01,2020-11,23.723822324628777
Ethiopia,2020-12-01,14190.0,196.0,217.0,31,31,12,9.145,False,cold,E2020,0.013812544045102185,20.5,7.312903225806451,2020-12-01,2020-12,23.723822324628777
Ethiopia,2021-01-01,13386.0,222.0,170.0,31,31,1,9.145,False,cold,E2020,0.016584491259524877,21.05483870967742,7.312903225806451,2021-01-01,2021-01,23.723822324628777
Ethiopia,2021-02-01,21422.0,380.0,272.0,28,28,2,9.145,False,cold,E2020,0.01773877322378863,22.014285714285712,7.312903225806451,2021-02-01,2021-02,23.723822324628777
Ethiopia,2021-03-01,47517.0,815.0,500.0,31,31,3,9.145,False,cold,E2020,0.017151756213565673,25.23548387096774,7.312903225806451,2021-03-01,2021-03,23.723822324628777
Ethiopia,2021-04-01,50853.0,586.0,823.0,30,30,4,9.145,False,transition,E2020,0.011523410614909642,25.063333333333333,7.312903225806451,2021-04-01,2021-04,23.723822324628777
Ethiopia,2021-05-01,14099.0,226.0,477.0,31,31,5,9.145,False,warm,E2020,0.01602950563869778,24.174193548387095,7.312903225806451,2021-05-01,2021-05,23.723822324628777
Ethiopia,2021-06-01,4633.0,74.0,155.0,30,30,6,9.145,False,warm,E2020,0.015972372113101662,26.426666666666666,7.312903225806451,2021-06-01,2021-06,23.723822324628777
Ethiopia,2021-07-01,4191.0,193.0,65.0,31,31,7,9.145,False,warm,E2020,0.046051061799093296,23.40967741935484,7.312903225806451,2021-07-01,2021-07,23.723822324628777
Ethiopia,2021-08-01,27769.0,654.0,290.0,31,31,8,9.145,False,warm,E2020,0.023551442255752817,23.883870967741935,7.312903225806451,2021-08-01,2021-08,23.723822324628777
Ethiopia,2021-09-01,37540.0,1109.0,907.0,30,30,9,9.145,False,warm,E2021,0.029541822056473096,24.003333333333334,7.312903225806451,2021-09-01,2021-09,23.723822324628777
Ethiopia,2021-10-01,19493.0,366.0,877.0,31,31,10,9.145,False,transition,E2021,0.01877597086133484,22.467741935483872,7.312903225806451,2021-10-01,2021-10,23.723822324628777
Finland,2020-03-01,1664.0,220.0,51.0,31,31,3,61.924110000000006,False,cold,E2019,0.13221153846153846,-0.13548387096774195,29.58410138248848,2020-03-01,2020-03,6.319401775046937
Finland,2020-04-01,3664.0,74.0,205.0,30,30,4,61.924110000000006,False,transition,E2019,0.02019650655021834,2.24,29.58410138248848,2020-04-01,2020-04,6.319401775046937
Finland,2020-05-01,1638.0,4.0,49.0,31,31,5,61.924110000000006,False,warm,E2019,0.002442002442002442,8.02258064516129,29.58410138248848,2020-05-01,2020-05,6.319401775046937
Finland,2020-08-01,735.0,11.0,2.0,31,31,8,61.924110000000006,False,warm,E2019,0.014965986394557823,16.177419354838708,29.58410138248848,2020-08-01,2020-08,6.319401775046937
Finland,2020-09-01,2037.0,20.0,15.0,30,30,9,61.924110000000006,False,warm,E2020,0.009818360333824251,12.17,29.58410138248848,2020-09-01,2020-09,6.319401775046937
Finland,2020-10-01,6205.0,49.0,21.0,31,31,10,61.924110000000006,False,transition,E2020,0.00789685737308622,7.335483870967742,29.58410138248848,2020-10-01,2020-10,6.319401775046937
Finland,2020-11-01,9077.0,166.0,92.0,30,30,11,61.924110000000006,False,cold,E2020,0.01828798061033381,3.5833333333333335,29.58410138248848,2020-11-01,2020-11,6.319401775046937
Finland,2020-12-01,10901.0,120.0,150.0,31,31,12,61.924110000000006,False,cold,E2020,0.011008164388588202,-0.13548387096774195,29.58410138248848,2020-12-01,2020-12,6.319401775046937
Finland,2021-01-01,9124.0,76.0,111.0,31,31,1,61.924110000000006,False,cold,E2020,0.008329679964927663,-5.932258064516129,29.58410138248848,2021-01-01,2021-01,6.319401775046937
Finland,2021-02-01,12549.0,96.0,81.0,28,28,2,61.924110000000006,False,cold,E2020,0.007650011953143677,-8.635714285714286,29.58410138248848,2021-02-01,2021-02,6.319401775046937
Finland,2021-03-01,19948.0,68.0,98.0,31,31,3,61.924110000000006,False,cold,E2020,0.003408863043914177,-2.641935483870968,29.58410138248848,2021-03-01,2021-03,6.319401775046937
Finland,2021-04-01,9088.0,48.0,50.0,30,30,4,61.924110000000006,False,transition,E2020,0.00528169014084507,2.44,29.58410138248848,2021-04-01,2021-04,6.319401775046937
Finland,2021-05-01,5584.0,14.0,43.0,31,31,5,61.924110000000006,False,warm,E2020,0.002507163323782235,8.858064516129033,29.58410138248848,2021-05-01,2021-05,6.319401775046937
Finland,2021-06-01,3294.0,9.0,9.0,30,30,6,61.924110000000006,False,warm,E2020,0.00273224043715847,18.59,29.58410138248848,2021-06-01,2021-06,6.319401775046937
Finland,2021-07-01,11449.0,47.0,21.0,31,31,7,61.924110000000006,False,warm,E2020,0.004105162022884095,20.948387096774194,29.58410138248848,2021-07-01,2021-07,6.319401775046937
Finland,2021-08-01,20517.0,55.0,52.0,31,31,8,61.924110000000006,False,warm,E2020,0.0026807038065994053,14.94516129032258,29.58410138248848,2021-08-01,2021-08,6.319401775046937
Finland,2021-09-01,14135.0,104.0,61.0,30,30,9,61.924110000000006,False,warm,E2021,0.007357622921825256,9.01,29.58410138248848,2021-09-01,2021-09,6.319401775046937
Finland,2021-10-01,17314.0,202.0,127.0,31,31,10,61.924110000000006,False,transition,E2021,0.011666859189095529,6.909677419354838,29.58410138248848,2021-10-01,2021-10,6.319401775046937
France,2020-03-01,47276.0,20206.0,3524.0,31,31,3,44.61517569245893,False,cold,E2019,0.4274050258059057,6.606451612903226,20.974193548387095,2020-03-01,2020-03,11.8890821812596
France,2020-04-01,121485.0,7449.0,20823.0,30,30,4,44.61517569245893,False,transition,E2019,0.06131621187800963,11.566666666666666,20.974193548387095,2020-04-01,2020-04,11.8890821812596
France,2020-05-01,18648.0,1426.0,4456.0,31,31,5,44.61517569245893,False,warm,E2019,0.07646932646932647,14.69032258064516,20.974193548387095,2020-05-01,2020-05,11.8890821812596
France,2020-06-01,16735.0,525.0,1041.0,30,30,6,44.61517569245893,False,warm,E2019,0.0313713773528533,15.143333333333334,20.974193548387095,2020-06-01,2020-06,11.8890821812596
France,2020-07-01,22995.0,340.0,422.0,31,31,7,44.61517569245893,False,warm,E2019,0.014785823005001086,19.64516129032258,20.974193548387095,2020-07-01,2020-07,11.8890821812596
France,2020-08-01,93921.0,842.0,378.0,31,31,8,44.61517569245893,False,warm,E2019,0.008964981207610651,20.038709677419355,20.974193548387095,2020-08-01,2020-08,11.8890821812596
France,2020-09-01,284733.0,2729.0,1332.0,30,30,9,44.61517569245893,False,warm,E2020,0.009584417682530651,15.866666666666667,20.974193548387095,2020-09-01,2020-09,11.8890821812596
France,2020-10-01,808503.0,14511.0,4849.0,31,31,10,44.61517569245893,False,transition,E2020,0.01794798535070371,9.238709677419354,20.974193548387095,2020-10-01,2020-10,11.8890821812596
France,2020-11-01,862434.0,12427.0,15991.0,30,30,11,44.61517569245893,False,cold,E2020,0.014409218560492746,8.633333333333333,20.974193548387095,2020-11-01,2020-11,11.8890821812596
France,2020-12-01,400830.0,11120.0,11940.0,31,31,12,44.61517569245893,False,cold,E2020,0.027742434448519322,3.9709677419354836,20.974193548387095,2020-12-01,2020-12,11.8890821812596
France,2021-01-01,578334.0,12291.0,11442.0,31,31,1,44.61517569245893,False,cold,E2020,0.021252425069250642,1.2000000000000002,20.974193548387095,2021-01-01,2021-01,11.8890821812596
France,2021-02-01,559694.0,8004.0,10379.0,28,28,2,44.61517569245893,False,cold,E2020,0.014300671438321654,6.971428571428571,20.974193548387095,2021-02-01,2021-02,11.8890821812596
France,2021-03-01,889498.0,9608.0,9219.0,31,31,3,44.61517569245893,False,cold,E2020,0.01080159820483014,6.354838709677419,20.974193548387095,2021-03-01,2021-03,11.8890821812596
France,2021-04-01,924735.0,6559.0,8878.0,30,30,4,44.61517569245893,False,transition,E2020,0.007092842814427917,8.353333333333333,20.974193548387095,2021-04-01,2021-04,11.8890821812596
France,2021-05-01,98988.0,2354.0,5017.0,31,31,5,44.61517569245893,False,warm,E2020,0.02378066028205439,10.36774193548387,20.974193548387095,2021-05-01,2021-05,11.8890821812596
France,2021-06-01,108494.0,775.0,1566.0,30,30,6,44.61517569245893,False,warm,E2020,0.007143252161409847,17.459999999999997,20.974193548387095,2021-06-01,2021-06,11.8890821812596
France,2021-07-01,353218.0,1931.0,802.0,31,31,7,44.61517569245893,False,warm,E2020,0.005466878811385603,17.503225806451614,20.974193548387095,2021-07-01,2021-07,11.8890821812596
France,2021-08-01,644401.0,3241.0,2865.0,31,31,8,44.61517569245893,False,warm,E2020,0.005029476987155513,17.24516129032258,20.974193548387095,2021-08-01,2021-08,11.8890821812596
France,2021-09-01,271006.0,1438.0,2548.0,30,30,9,44.61517569245893,False,warm,E2021,0.005306155583271219,16.193333333333335,20.974193548387095,2021-09-01,2021-09,11.8890821812596
France,2021-10-01,162499.0,1085.0,1151.0,31,31,10,44.61517569245893,False,transition,E2021,0.006676964165933329,10.73225806451613,20.974193548387095,2021-10-01,2021-10,11.8890821812596
Georgia,2020-09-01,4705.0,152.0,17.0,30,30,9,42.3154,False,warm,E2020,0.03230605738575983,21.173333333333336,25.370967741935484,2020-09-01,2020-09,13.390069673030505
Georgia,2020-10-01,32744.0,755.0,271.0,31,31,10,42.3154,False,transition,E2020,0.02305765941851942,16.36774193548387,25.370967741935484,2020-10-01,2020-10,13.390069673030505
Georgia,2020-11-01,96648.0,1213.0,960.0,30,30,11,42.3154,False,cold,E2020,0.012550699445410148,8.163333333333334,25.370967741935484,2020-11-01,2020-11,13.390069673030505
Georgia,2020-12-01,91836.0,858.0,1238.0,31,31,12,42.3154,False,cold,E2020,0.009342741408597935,4.967741935483871,25.370967741935484,2020-12-01,2020-12,13.390069673030505
Georgia,2021-01-01,30691.0,437.0,673.0,31,31,1,42.3154,False,cold,E2020,0.014238701899579681,4.65483870967742,25.370967741935484,2021-01-01,2021-01,13.390069673030505
Georgia,2021-02-01,12647.0,265.0,332.0,28,28,2,42.3154,False,cold,E2020,0.020953585830631772,3.767857142857143,25.370967741935484,2021-02-01,2021-02,13.390069673030505
Georgia,2021-03-01,11003.0,271.0,268.0,31,31,3,42.3154,False,cold,E2020,0.02462964646005635,4.341935483870968,25.370967741935484,2021-03-01,2021-03,13.390069673030505
Georgia,2021-04-01,28549.0,598.0,332.0,30,30,4,42.3154,False,transition,E2020,0.02094644295772181,11.126666666666667,25.370967741935484,2021-04-01,2021-04,13.390069673030505
Georgia,2021-05-01,33653.0,606.0,663.0,31,31,5,42.3154,False,warm,E2020,0.018007309898077438,16.806451612903224,25.370967741935484,2021-05-01,2021-05,13.390069673030505
Georgia,2021-06-01,22115.0,443.0,543.0,30,30,6,42.3154,False,warm,E2020,0.020031652724395207,19.90666666666667,25.370967741935484,2021-06-01,2021-06,13.390069673030505
Georgia,2021-07-01,53456.0,1105.0,504.0,31,31,7,42.3154,False,warm,E2020,0.020671206225680933,23.338709677419356,25.370967741935484,2021-07-01,2021-07,13.390069673030505
Georgia,2021-08-01,130277.0,1898.0,1588.0,31,31,8,42.3154,False,warm,E2020,0.014568956914881368,24.07741935483871,25.370967741935484,2021-08-01,2021-08,13.390069673030505
Georgia,2021-09-01,63201.0,996.0,1538.0,30,30,9,42.3154,False,warm,E2021,0.015759244315754498,16.816666666666666,25.370967741935484,2021-09-01,2021-09,13.390069673030505
Georgia,2021-10-01,106235.0,1881.0,1099.0,31,31,10,42.3154,False,transition,E2021,0.017706029086459265,11.951612903225806,25.370967741935484,2021-10-01,2021-10,13.390069673030505
Germany,2020-03-01,61847.0,4551.0,583.0,31,31,3,51.165691,False,cold,E2019,0.07358481413811503,4.829032258064516,20.39135944700461,2020-03-01,2020-03,10.86063632872504
Germany,2020-04-01,97206.0,3549.0,5705.0,30,30,4,51.165691,False,transition,E2019,0.0365100919696315,10.296666666666665,20.39135944700461,2020-04-01,2020-04,10.86063632872504
Germany,2020-05-01,22363.0,735.0,2212.0,31,31,5,51.165691,False,warm,E2019,0.032866788892366855,11.899999999999999,20.39135944700461,2020-05-01,2020-05,10.86063632872504
Germany,2020-06-01,12777.0,208.0,473.0,30,30,6,51.165691,False,warm,E2019,0.016279251780543163,17.05,20.39135944700461,2020-06-01,2020-06,10.86063632872504
Germany,2020-07-01,14439.0,170.0,168.0,31,31,7,51.165691,False,warm,E2019,0.011773668536602258,18.154838709677417,20.39135944700461,2020-07-01,2020-07,10.86063632872504
Germany,2020-08-01,33683.0,126.0,157.0,31,31,8,51.165691,False,warm,E2019,0.003740759433542143,20.370967741935484,20.39135944700461,2020-08-01,2020-08,10.86063632872504
Germany,2020-09-01,46838.0,489.0,190.0,30,30,9,51.165691,False,warm,E2020,0.010440240830095222,14.833333333333334,20.39135944700461,2020-09-01,2020-09,10.86063632872504
Germany,2020-10-01,229534.0,4009.0,964.0,31,31,10,51.165691,False,transition,E2020,0.017465822056863034,10.438709677419356,20.39135944700461,2020-10-01,2020-10,10.86063632872504
Germany,2020-11-01,535116.0,12391.0,5796.0,30,30,11,51.165691,False,cold,E2020,0.02315572698256079,5.913333333333333,20.39135944700461,2020-11-01,2020-11,10.86063632872504
Germany,2020-12-01,665868.0,23508.0,16823.0,31,31,12,51.165691,False,cold,E2020,0.03530429454486475,2.903225806451613,20.39135944700461,2020-12-01,2020-12,10.86063632872504
Germany,2021-01-01,496626.0,18058.0,23874.0,31,31,1,51.165691,False,cold,E2020,0.03636136650114976,0.5645161290322581,20.39135944700461,2021-01-01,2021-01,10.86063632872504
Germany,2021-02-01,225973.0,6823.0,13100.0,28,28,2,51.165691,False,cold,E2020,0.030193872719307173,0.1892857142857143,20.39135944700461,2021-02-01,2021-02,10.86063632872504
Germany,2021-03-01,366537.0,5970.0,6297.0,31,31,3,51.165691,False,cold,E2020,0.016287578061696364,4.535483870967742,20.39135944700461,2021-03-01,2021-03,10.86063632872504
Germany,2021-04-01,572724.0,6494.0,6508.0,30,30,4,51.165691,False,transition,E2020,0.011338794951844169,5.569999999999999,20.39135944700461,2021-04-01,2021-04,10.86063632872504
Germany,2021-05-01,299529.0,3267.0,5592.0,31,31,5,51.165691,False,warm,E2020,0.010907124184970404,10.906451612903227,20.39135944700461,2021-05-01,2021-05,10.86063632872504
Germany,2021-06-01,47015.0,1021.0,2433.0,30,30,6,51.165691,False,warm,E2020,0.021716473465915133,19.073333333333334,20.39135944700461,2021-06-01,2021-06,10.86063632872504
Germany,2021-07-01,38624.0,540.0,762.0,31,31,7,51.165691,False,warm,E2020,0.013980944490472245,18.280645161290323,20.39135944700461,2021-07-01,2021-07,10.86063632872504
Germany,2021-08-01,176091.0,1096.0,563.0,31,31,8,51.165691,False,warm,E2020,0.006224054608128752,16.470967741935485,20.39135944700461,2021-08-01,2021-08,10.86063632872504
Germany,2021-09-01,284645.0,1823.0,1438.0,30,30,9,51.165691,False,warm,E2021,0.0064044687242003195,15.389999999999999,20.39135944700461,2021-09-01,2021-09,10.86063632872504
Germany,2021-10-01,331619.0,3864.0,1968.0,31,31,10,51.165691,False,transition,E2021,0.011651925854670571,9.541935483870969,20.39135944700461,2021-10-01,2021-10,10.86063632872504
Greece,2020-03-01,1152.0,108.0,38.0,31,31,3,39.0742,False,cold,E2019,0.09375,6.816129032258065,22.745161290322578,2020-03-01,2020-03,13.102197473971666
Greece,2020-04-01,1435.0,47.0,102.0,30,30,4,39.0742,False,transition,E2019,0.032752613240418116,8.696666666666665,22.745161290322578,2020-04-01,2020-04,13.102197473971666
Greece,2020-07-01,1068.0,41.0,14.0,31,31,7,39.0742,False,warm,E2019,0.03838951310861423,21.393548387096775,22.745161290322578,2020-07-01,2020-07,13.102197473971666
Greece,2020-08-01,5840.0,106.0,60.0,31,31,8,39.0742,False,warm,E2019,0.018150684931506848,21.74516129032258,22.745161290322578,2020-08-01,2020-08,13.102197473971666
Greece,2020-09-01,8158.0,190.0,125.0,30,30,9,39.0742,False,warm,E2020,0.02329002206423143,18.34333333333333,22.745161290322578,2020-09-01,2020-09,13.102197473971666
Greece,2020-10-01,20776.0,993.0,235.0,31,31,10,39.0742,False,transition,E2020,0.04779553330766269,13.40967741935484,22.745161290322578,2020-10-01,2020-10,13.102197473971666
Greece,2020-11-01,66020.0,2730.0,1780.0,30,30,11,39.0742,False,cold,E2020,0.04135110572553772,7.433333333333334,22.745161290322578,2020-11-01,2020-11,13.102197473971666
Greece,2020-12-01,33579.0,1313.0,2432.0,31,31,12,39.0742,False,cold,E2020,0.03910181958962447,6.303225806451613,22.745161290322578,2020-12-01,2020-12,13.102197473971666
Greece,2021-01-01,18107.0,727.0,958.0,31,31,1,39.0742,False,cold,E2020,0.04015021814767769,4.219354838709678,22.745161290322578,2021-01-01,2021-01,13.102197473971666
Greece,2021-02-01,34143.0,1165.0,708.0,28,28,2,39.0742,False,cold,E2020,0.03412119614562282,4.664285714285714,22.745161290322578,2021-02-01,2021-02,13.102197473971666
Greece,2021-03-01,72589.0,2251.0,1589.0,31,31,3,39.0742,False,cold,E2020,0.031010208158260895,4.470967741935484,22.745161290322578,2021-03-01,2021-03,13.102197473971666
Greece,2021-04-01,81344.0,1984.0,2288.0,30,30,4,39.0742,False,transition,E2020,0.024390243902439025,8.866666666666667,22.745161290322578,2021-04-01,2021-04,13.102197473971666
Greece,2021-05-01,57273.0,868.0,1714.0,31,31,5,39.0742,False,warm,E2020,0.015155483386587048,15.77741935483871,22.745161290322578,2021-05-01,2021-05,13.102197473971666
Greece,2021-06-01,20150.0,305.0,611.0,30,30,6,39.0742,False,warm,E2020,0.015136476426799007,19.279999999999998,22.745161290322578,2021-06-01,2021-06,13.102197473971666
Greece,2021-07-01,70848.0,481.0,259.0,31,31,7,39.0742,False,warm,E2020,0.006789182475158085,23.44516129032258,22.745161290322578,2021-07-01,2021-07,13.102197473971666
Greece,2021-08-01,94660.0,1197.0,726.0,31,31,8,39.0742,False,warm,E2020,0.012645256708218889,23.529032258064515,22.745161290322578,2021-08-01,2021-08,13.102197473971666
Greece,2021-09-01,67803.0,971.0,1137.0,30,30,9,39.0742,False,warm,E2021,0.014320900255150952,17.21333333333333,22.745161290322578,2021-09-01,2021-09,13.102197473971666
Greece,2021-10-01,86403.0,1794.0,1110.0,31,31,10,39.0742,False,transition,E2021,0.020763167945557447,10.23225806451613,22.745161290322578,2021-10-01,2021-10,13.102197473971666
Guatemala,2020-04-01,561.0,41.0,15.0,30,30,4,15.783500000000002,False,transition,E2019,0.07308377896613191,26.756666666666668,6.5695698924731225,2020-04-01,2020-04,23.575156035249414
Guatemala,2020-05-01,4488.0,483.0,92.0,31,31,5,15.783500000000002,False,warm,E2019,0.10762032085561497,25.5258064516129,6.5695698924731225,2020-05-01,2020-05,23.575156035249414
Guatemala,2020-06-01,13009.0,1000.0,665.0,30,30,6,15.783500000000002,False,warm,E2019,0.07686985932815743,24.263333333333332,6.5695698924731225,2020-06-01,2020-06,23.575156035249414
Guatemala,2020-07-01,31693.0,1001.0,1151.0,31,31,7,15.783500000000002,False,warm,E2019,0.031584261508850534,24.187096774193545,6.5695698924731225,2020-07-01,2020-07,23.575156035249414
Guatemala,2020-08-01,24285.0,592.0,836.0,31,31,8,15.783500000000002,False,warm,E2019,0.024377187564340128,24.280645161290323,6.5695698924731225,2020-08-01,2020-08,23.575156035249414
Guatemala,2020-09-01,17672.0,443.0,486.0,30,30,9,15.783500000000002,False,warm,E2020,0.025067904028972385,24.10666666666667,6.5695698924731225,2020-09-01,2020-09,23.575156035249414
Guatemala,2020-10-01,16193.0,507.0,483.0,31,31,10,15.783500000000002,False,transition,E2020,0.03130982523312542,23.24516129032258,6.5695698924731225,2020-10-01,2020-10,23.575156035249414
Guatemala,2020-11-01,14123.0,614.0,442.0,30,30,11,15.783500000000002,False,cold,E2020,0.043475182326701126,22.013333333333332,6.5695698924731225,2020-11-01,2020-11,23.575156035249414
Guatemala,2020-12-01,15950.0,701.0,642.0,31,31,12,15.783500000000002,False,cold,E2020,0.04394984326018809,20.335483870967742,6.5695698924731225,2020-12-01,2020-12,23.575156035249414
Guatemala,2021-01-01,21492.0,893.0,830.0,31,31,1,15.783500000000002,False,cold,E2020,0.04155034431416341,20.809677419354838,6.5695698924731225,2021-01-01,2021-01,23.575156035249414
Guatemala,2021-02-01,15038.0,418.0,750.0,28,28,2,15.783500000000002,False,cold,E2020,0.027796249501263467,21.11785714285714,6.5695698924731225,2021-02-01,2021-02,23.575156035249414
Guatemala,2021-03-01,19292.0,609.0,447.0,31,31,3,15.783500000000002,False,cold,E2020,0.031567489114658925,22.403225806451612,6.5695698924731225,2021-03-01,2021-03,23.575156035249414
Guatemala,2021-04-01,33837.0,668.0,684.0,30,30,4,15.783500000000002,False,transition,E2020,0.019741702869639742,24.413333333333334,6.5695698924731225,2021-04-01,2021-04,23.575156035249414
Guatemala,2021-05-01,26746.0,758.0,641.0,31,31,5,15.783500000000002,False,warm,E2020,0.028340686457788082,24.4741935483871,6.5695698924731225,2021-05-01,2021-05,23.575156035249414
Guatemala,2021-06-01,39166.0,1192.0,1050.0,30,30,6,15.783500000000002,False,warm,E2020,0.03043456058826533,24.446666666666665,6.5695698924731225,2021-06-01,2021-06,23.575156035249414
Guatemala,2021-07-01,74901.0,1523.0,1124.0,31,31,7,15.783500000000002,False,warm,E2020,0.02033350689576908,23.82903225806452,6.5695698924731225,2021-07-01,2021-07,23.575156035249414
Guatemala,2021-08-01,101793.0,1665.0,1587.0,31,31,8,15.783500000000002,False,warm,E2020,0.0163567239397601,23.958064516129035,6.5695698924731225,2021-08-01,2021-08,23.575156035249414
Guatemala,2021-09-01,90038.0,1451.0,1638.0,30,30,9,15.783500000000002,False,warm,E2021,0.016115417934649816,24.013333333333332,6.5695698924731225,2021-09-01,2021-09,23.575156035249414
Guatemala,2021-10-01,41257.0,1274.0,1530.0,31,31,10,15.783500000000002,False,transition,E2021,0.030879608308893036,23.748387096774195,6.5695698924731225,2021-10-01,2021-10,23.575156035249414
Honduras,2020-04-01,630.0,110.0,64.0,30,30,4,15.2,False,transition,E2019,0.1746031746031746,25.45,6.479032258064514,2020-04-01,2020-04,22.082793273506343
Honduras,2020-05-01,4431.0,207.0,141.0,31,31,5,15.2,False,warm,E2019,0.046716316858496955,23.63225806451613,6.479032258064514,2020-05-01,2020-05,22.082793273506343
Honduras,2020-06-01,14356.0,625.0,285.0,30,30,6,15.2,False,warm,E2019,0.0435358038450822,22.33,6.479032258064514,2020-06-01,2020-06,22.082793273506343
Honduras,2020-07-01,22456.0,644.0,840.0,31,31,7,15.2,False,warm,E2019,0.028678304239401497,23.19677419354839,6.479032258064514,2020-07-01,2020-07,22.082793273506343
Honduras,2020-08-01,19000.0,572.0,536.0,31,31,8,15.2,False,warm,E2019,0.030105263157894736,22.674193548387095,6.479032258064514,2020-08-01,2020-08,22.082793273506343
Honduras,2020-09-01,15886.0,392.0,480.0,30,30,9,15.2,False,warm,E2020,0.02467581518318016,22.56,6.479032258064514,2020-09-01,2020-09,22.082793273506343
Honduras,2020-10-01,19988.0,261.0,316.0,31,31,10,15.2,False,transition,E2020,0.013057834700820493,21.496774193548386,6.479032258064514,2020-10-01,2020-10,22.082793273506343
Honduras,2020-11-01,11365.0,177.0,249.0,30,30,11,15.2,False,cold,E2020,0.015574131104267488,20.573333333333334,6.479032258064514,2020-11-01,2020-11,22.082793273506343
Honduras,2020-12-01,13574.0,388.0,212.0,31,31,12,15.2,False,cold,E2020,0.02858405775747753,18.970967741935485,6.479032258064514,2020-12-01,2020-12,22.082793273506343
Honduras,2021-01-01,26016.0,574.0,480.0,31,31,1,15.2,False,cold,E2020,0.022063345633456334,19.438709677419357,6.479032258064514,2021-01-01,2021-01,22.082793273506343
Honduras,2021-02-01,22461.0,447.0,541.0,28,28,2,15.2,False,cold,E2020,0.019901162014157873,19.642857142857142,6.479032258064514,2021-02-01,2021-02,22.082793273506343
Honduras,2021-03-01,18739.0,533.0,454.0,31,31,3,15.2,False,cold,E2020,0.02844335343401462,20.187096774193545,6.479032258064514,2021-03-01,2021-03,22.082793273506343
Honduras,2021-04-01,23290.0,1157.0,676.0,30,30,4,15.2,False,transition,E2020,0.04967797337913268,22.0,6.479032258064514,2021-04-01,2021-04,22.082793273506343
Honduras,2021-05-01,25894.0,639.0,1072.0,31,31,5,15.2,False,warm,E2020,0.024677531474472852,23.75483870967742,6.479032258064514,2021-05-01,2021-05,22.082793273506343
Honduras,2021-06-01,24533.0,763.0,652.0,30,30,6,15.2,False,warm,E2020,0.031100966045734316,23.246666666666666,6.479032258064514,2021-06-01,2021-06,22.082793273506343
Honduras,2021-07-01,34351.0,1059.0,829.0,31,31,7,15.2,False,warm,E2020,0.03082879683269774,22.551612903225806,6.479032258064514,2021-07-01,2021-07,22.082793273506343
Honduras,2021-08-01,41646.0,967.0,1016.0,31,31,8,15.2,False,warm,E2020,0.023219516880372666,22.700000000000003,6.479032258064514,2021-08-01,2021-08,22.082793273506343
Honduras,2021-09-01,27237.0,609.0,927.0,30,30,9,15.2,False,warm,E2021,0.02235929067077872,22.876666666666665,6.479032258064514,2021-09-01,2021-09,22.082793273506343
Honduras,2021-10-01,9387.0,217.0,462.0,31,31,10,15.2,False,transition,E2021,0.023117076808351976,22.29032258064516,6.479032258064514,2021-10-01,2021-10,22.082793273506343
Hungary,2020-04-01,2283.0,260.0,296.0,30,30,4,47.1625,False,transition,E2019,0.11388523872098116,12.213333333333333,23.177419354838708,2020-04-01,2020-04,12.908412849010572
Hungary,2020-05-01,1101.0,97.0,214.0,31,31,5,47.1625,False,warm,E2019,0.08810172570390554,14.916129032258064,23.177419354838708,2020-05-01,2020-05,12.908412849010572
Hungary,2020-08-01,1634.0,75.0,19.0,31,31,8,47.1625,False,warm,E2019,0.04589963280293757,23.35483870967742,23.177419354838708,2020-08-01,2020-08,12.908412849010572
Hungary,2020-09-01,20322.0,573.0,150.0,30,30,9,47.1625,False,warm,E2020,0.028196043696486567,18.776666666666664,23.177419354838708,2020-09-01,2020-09,12.908412849010572
Hungary,2020-10-01,48860.0,2430.0,985.0,31,31,10,47.1625,False,transition,E2020,0.049733933688088414,12.219354838709679,23.177419354838708,2020-10-01,2020-10,12.908412849010572
Hungary,2020-11-01,141801.0,4593.0,3073.0,30,30,11,47.1625,False,cold,E2020,0.03239046269067214,5.3566666666666665,23.177419354838708,2020-11-01,2020-11,12.908412849010572
Hungary,2020-12-01,105392.0,3431.0,4714.0,31,31,12,47.1625,False,cold,E2020,0.03255465310459997,4.006451612903226,23.177419354838708,2020-12-01,2020-12,12.908412849010572
Hungary,2021-01-01,45072.0,2586.0,2987.0,31,31,1,47.1625,False,cold,E2020,0.05737486687965921,1.7000000000000002,23.177419354838708,2021-01-01,2021-01,12.908412849010572
Hungary,2021-02-01,61013.0,3963.0,2450.0,28,28,2,47.1625,False,cold,E2020,0.06495337059315227,3.117857142857143,23.177419354838708,2021-02-01,2021-02,12.908412849010572
Hungary,2021-03-01,223834.0,7525.0,5763.0,31,31,3,47.1625,False,cold,E2020,0.033618663831232076,5.274193548387097,23.177419354838708,2021-03-01,2021-03,12.908412849010572
Hungary,2021-04-01,126915.0,3640.0,6803.0,30,30,4,47.1625,False,transition,E2020,0.028680613008706616,8.816666666666666,23.177419354838708,2021-04-01,2021-04,12.908412849010572
Hungary,2021-05-01,25190.0,532.0,2193.0,31,31,5,47.1625,False,warm,E2020,0.02111949186184994,14.225806451612904,23.177419354838708,2021-05-01,2021-05,12.908412849010572
Hungary,2021-06-01,3590.0,60.0,259.0,30,30,6,47.1625,False,warm,E2020,0.016713091922005572,22.446666666666665,23.177419354838708,2021-06-01,2021-06,12.908412849010572
Hungary,2021-07-01,1363.0,27.0,34.0,31,31,7,47.1625,False,warm,E2020,0.019809244314013204,24.348387096774193,23.177419354838708,2021-07-01,2021-07,12.908412849010572
Hungary,2021-08-01,2846.0,95.0,32.0,31,31,8,47.1625,False,warm,E2020,0.03338018271257906,20.97741935483871,23.177419354838708,2021-08-01,2021-08,12.908412849010572
Hungary,2021-09-01,10368.0,327.0,132.0,30,30,9,47.1625,False,warm,E2021,0.03153935185185185,17.37,23.177419354838708,2021-09-01,2021-09,12.908412849010572
Hungary,2021-10-01,40714.0,2312.0,539.0,31,31,10,47.1625,False,transition,E2021,0.056786363413076586,10.32258064516129,23.177419354838708,2021-10-01,2021-10,12.908412849010572
Iceland,2020-03-01,1134.0,9.0,2.0,31,31,3,64.9631,False,cold,E2019,0.007936507936507936,-6.558064516129033,20.32258064516129,2020-03-01,2020-03,0.009265232974910517
Iceland,2020-09-01,621.0,1.0,0.0,30,30,9,64.9631,False,warm,E2020,0.001610305958132045,1.65,20.32258064516129,2020-09-01,2020-09,0.009265232974910517
Iceland,2020-10-01,2137.0,15.0,2.0,31,31,10,64.9631,False,transition,E2020,0.0070191857744501636,-0.1870967741935484,20.32258064516129,2020-10-01,2020-10,0.009265232974910517
Iceland,2020-11-01,527.0,2.0,14.0,30,30,11,64.9631,False,cold,E2020,0.003795066413662239,-3.9266666666666667,20.32258064516129,2020-11-01,2020-11,0.009265232974910517
Iceland,2021-08-01,2830.0,3.0,3.0,31,31,8,64.9631,False,warm,E2020,0.0010600706713780918,10.196774193548388,20.32258064516129,2021-08-01,2021-08,0.009265232974910517
Iceland,2021-10-01,1691.0,1.0,0.0,31,31,10,64.9631,False,transition,E2021,0.0005913660555884093,-1.1193548387096774,20.32258064516129,2021-10-01,2021-10,0.009265232974910517
India,2020-03-01,1394.0,641.0,35.0,31,31,3,20.593684,False,cold,E2019,0.4598278335724534,28.280645161290323,15.741935483870972,2020-03-01,2020-03,27.985284562211984
India,2020-04-01,33466.0,2939.0,1119.0,30,30,4,20.593684,False,transition,E2019,0.08782047451144445,32.846666666666664,15.741935483870972,2020-04-01,2020-04,27.985284562211984
India,2020-05-01,155746.0,10115.0,4254.0,31,31,5,20.593684,False,warm,E2019,0.06494548816663029,35.96451612903226,15.741935483870972,2020-05-01,2020-05,27.985284562211984
India,2020-06-01,394872.0,15033.0,11992.0,30,30,6,20.593684,False,warm,E2019,0.03807056463866772,29.493333333333332,15.741935483870972,2020-06-01,2020-06,27.985284562211984
India,2020-07-01,1110507.0,27062.0,19111.0,31,31,7,20.593684,False,warm,E2019,0.024369049452187153,28.067741935483873,15.741935483870972,2020-07-01,2020-07,27.985284562211984
India,2020-08-01,1995178.0,33141.0,28777.0,31,31,8,20.593684,False,warm,E2019,0.016610548031303473,26.52258064516129,15.741935483870972,2020-08-01,2020-08,27.985284562211984
India,2020-09-01,2621418.0,27681.0,33390.0,30,30,9,20.593684,False,warm,E2020,0.010559552120264682,27.513333333333332,15.741935483870972,2020-09-01,2020-09,27.985284562211984
India,2020-10-01,1871498.0,16611.0,23433.0,31,31,10,20.593684,False,transition,E2020,0.008875777585655982,26.73548387096774,15.741935483870972,2020-10-01,2020-10,27.985284562211984
India,2020-11-01,1278727.0,12884.0,15510.0,30,30,11,20.593684,False,cold,E2020,0.010075645544357787,23.973333333333336,15.741935483870972,2020-11-01,2020-11,27.985284562211984
India,2020-12-01,823900.0,6921.0,11373.0,31,31,12,20.593684,False,cold,E2020,0.00840029129748756,21.60967741935484,15.741935483870972,2020-12-01,2020-12,27.985284562211984
India,2021-01-01,470901.0,3353.0,5398.0,31,31,1,20.593684,False,cold,E2020,0.007120392609062202,23.893548387096775,15.741935483870972,2021-01-01,2021-01,27.985284562211984
India,2021-02-01,354631.0,3582.0,2765.0,28,28,2,20.593684,False,cold,E2020,0.010100639819981896,24.13214285714286,15.741935483870972,2021-02-01,2021-02,27.985284562211984
India,2021-03-01,1109424.0,24690.0,5770.0,31,31,3,20.593684,False,cold,E2020,0.02225479167568035,28.664516129032258,15.741935483870972,2021-03-01,2021-03,27.985284562211984
India,2021-04-01,6943304.0,110868.0,48926.0,30,30,4,20.593684,False,transition,E2020,0.015967614265485135,32.07,15.741935483870972,2021-04-01,2021-04,27.985284562211984
India,2021-05-01,9010075.0,93777.0,120042.0,31,31,5,20.593684,False,warm,E2020,0.010408015471569327,33.81612903225806,15.741935483870972,2021-05-01,2021-05,27.985284562211984
India,2021-06-01,2236590.0,29685.0,67564.0,30,30,6,20.593684,False,warm,E2020,0.013272437058200207,28.773333333333333,15.741935483870972,2021-06-01,2021-06,27.985284562211984
India,2021-07-01,1244190.0,15380.0,24892.0,31,31,7,20.593684,False,warm,E2020,0.012361456047709754,27.61935483870968,15.741935483870972,2021-07-01,2021-07,27.985284562211984
India,2021-08-01,1155021.0,11401.0,14669.0,31,31,8,20.593684,False,warm,E2020,0.009870816201610188,27.24516129032258,15.741935483870972,2021-08-01,2021-08,27.985284562211984
India,2021-09-01,955862.0,7274.0,9319.0,30,30,9,20.593684,False,warm,E2021,0.0076098851089383196,26.509999999999998,15.741935483870972,2021-09-01,2021-09,27.985284562211984
India,2021-10-01,519107.0,12869.0,10098.0,31,31,10,20.593684,False,transition,E2021,0.024790650097186128,25.9741935483871,15.741935483870972,2021-10-01,2021-10,27.985284562211984
Indonesia,2020-03-01,1528.0,578.0,136.0,31,31,3,-0.7893,True,warm,E2019,0.3782722513089005,26.019354838709678,1.0082795698924727,2020-03-01,2020-03,25.771313748079876
Indonesia,2020-04-01,8590.0,662.0,656.0,30,30,4,-0.7893,True,transition,E2019,0.07706635622817229,25.903333333333332,1.0082795698924727,2020-04-01,2020-04,25.771313748079876
Indonesia,2020-05-01,16355.0,1187.0,821.0,31,31,5,-0.7893,True,cold,E2019,0.07257719351880158,26.251612903225805,1.0082795698924727,2020-05-01,2020-05,25.771313748079876
Indonesia,2020-06-01,29912.0,1855.0,1263.0,30,30,6,-0.7893,True,cold,E2019,0.062015244717838994,25.540000000000003,1.0082795698924727,2020-06-01,2020-06,25.771313748079876
Indonesia,2020-07-01,51991.0,2180.0,2255.0,31,31,7,-0.7893,True,cold,E2019,0.041930334096285896,25.42258064516129,1.0082795698924727,2020-07-01,2020-07,25.771313748079876
Indonesia,2020-08-01,66420.0,3177.0,2286.0,31,31,8,-0.7893,True,cold,E2019,0.0478319783197832,25.825806451612905,1.0082795698924727,2020-08-01,2020-08,25.771313748079876
Indonesia,2020-09-01,112212.0,3180.0,3323.0,30,30,9,-0.7893,True,cold,E2020,0.02833921505721313,25.57,1.0082795698924727,2020-09-01,2020-09,25.771313748079876
Indonesia,2020-10-01,123080.0,2917.0,3129.0,31,31,10,-0.7893,True,transition,E2020,0.02370003249918752,25.690322580645162,1.0082795698924727,2020-10-01,2020-10,25.771313748079876
Indonesia,2020-11-01,128795.0,4311.0,3076.0,30,30,11,-0.7893,True,warm,E2020,0.03347179626538297,25.803333333333335,1.0082795698924727,2020-11-01,2020-11,25.771313748079876
Indonesia,2020-12-01,204315.0,7118.0,5193.0,31,31,12,-0.7893,True,warm,E2020,0.03483836233267259,26.219354838709677,1.0082795698924727,2020-12-01,2020-12,25.771313748079876
Indonesia,2021-01-01,335116.0,7286.0,7860.0,31,31,1,-0.7893,True,warm,E2020,0.02174172525334511,25.561290322580643,1.0082795698924727,2021-01-01,2021-01,25.771313748079876
Indonesia,2021-02-01,256320.0,5061.0,6168.0,28,28,2,-0.7893,True,warm,E2020,0.019744850187265916,25.789285714285715,1.0082795698924727,2021-02-01,2021-02,25.771313748079876
Indonesia,2021-03-01,177078.0,4457.0,4692.0,31,31,3,-0.7893,True,warm,E2020,0.02516969922858853,25.6,1.0082795698924727,2021-03-01,2021-03,25.771313748079876
Indonesia,2021-04-01,156656.0,5066.0,4663.0,30,30,4,-0.7893,True,transition,E2020,0.03233837197426208,26.03666666666667,1.0082795698924727,2021-04-01,2021-04,25.771313748079876
Indonesia,2021-05-01,153335.0,5883.0,5057.0,31,31,5,-0.7893,True,cold,E2020,0.03836697427201878,26.061290322580643,1.0082795698924727,2021-05-01,2021-05,25.771313748079876
Indonesia,2021-06-01,356569.0,22627.0,7913.0,30,30,6,-0.7893,True,cold,E2020,0.06345756361321371,25.9,1.0082795698924727,2021-06-01,2021-06,25.771313748079876
Indonesia,2021-07-01,1231386.0,47759.0,35628.0,31,31,7,-0.7893,True,cold,E2020,0.03878475149140887,25.616129032258065,1.0082795698924727,2021-07-01,2021-07,25.771313748079876
Indonesia,2021-08-01,680143.0,15463.0,38904.0,31,31,8,-0.7893,True,cold,E2020,0.022734924861389443,25.39032258064516,1.0082795698924727,2021-08-01,2021-08,25.771313748079876
Indonesia,2021-09-01,125303.0,2315.0,8916.0,30,30,9,-0.7893,True,cold,E2021,0.018475216076231215,25.293333333333333,1.0082795698924727,2021-09-01,2021-09,25.771313748079876
Indonesia,2021-10-01,29254.0,619.0,1466.0,31,31,10,-0.7893,True,transition,E2021,0.021159499555616326,25.932258064516127,1.0082795698924727,2021-10-01,2021-10,25.771313748079876
Iran,2020-03-01,44012.0,3741.0,2855.0,31,31,3,32.427908,False,cold,E2019,0.0849995455784786,15.2,30.512903225806447,2020-03-01,2020-03,23.159450460829493
Iran,2020-04-01,50035.0,1952.0,3130.0,30,30,4,32.427908,False,transition,E2019,0.03901269111621865,19.290000000000003,30.512903225806447,2020-04-01,2020-04,23.159450460829493
Iran,2020-05-01,56826.0,2374.0,1769.0,31,31,5,32.427908,False,warm,E2019,0.04177665153274909,27.30322580645161,30.512903225806447,2020-05-01,2020-05,23.159450460829493
Iran,2020-06-01,76196.0,5011.0,3020.0,30,30,6,32.427908,False,warm,E2019,0.06576460706598772,32.52333333333333,30.512903225806447,2020-06-01,2020-06,23.159450460829493
Iran,2020-07-01,76542.0,5742.0,5949.0,31,31,7,32.427908,False,warm,E2019,0.07501763737555851,32.92903225806452,30.512903225806447,2020-07-01,2020-07,23.159450460829493
Iran,2020-08-01,71008.0,4102.0,4805.0,31,31,8,32.427908,False,warm,E2019,0.05776813880126183,32.122580645161285,30.512903225806447,2020-08-01,2020-08,23.159450460829493
Iran,2020-09-01,82007.0,6868.0,4598.0,30,30,9,32.427908,False,warm,E2020,0.08374894826051435,26.346666666666668,30.512903225806447,2020-09-01,2020-09,23.159450460829493
Iran,2020-10-01,155553.0,12981.0,8695.0,31,31,10,32.427908,False,transition,E2020,0.0834506566893599,19.60967741935484,30.512903225806447,2020-10-01,2020-10,23.159450460829493
Iran,2020-11-01,349298.0,9489.0,13382.0,30,30,11,32.427908,False,cold,E2020,0.02716591563650522,13.343333333333334,30.512903225806447,2020-11-01,2020-11,23.159450460829493
Iran,2020-12-01,263072.0,3334.0,6977.0,31,31,12,32.427908,False,cold,E2020,0.012673336577058752,6.709677419354839,30.512903225806447,2020-12-01,2020-12,23.159450460829493
Iran,2021-01-01,192857.0,2333.0,2736.0,31,31,1,32.427908,False,cold,E2020,0.01209704599781185,7.706451612903226,30.512903225806447,2021-01-01,2021-01,23.159450460829493
Iran,2021-02-01,213170.0,2314.0,2114.0,28,28,2,32.427908,False,cold,E2020,0.010855186001782615,12.296428571428573,30.512903225806447,2021-02-01,2021-02,23.159450460829493
Iran,2021-03-01,254395.0,6116.0,2592.0,31,31,3,32.427908,False,cold,E2020,0.02404135301401364,17.36774193548387,30.512903225806447,2021-03-01,2021-03,23.159450460829493
Iran,2021-04-01,613513.0,10281.0,9093.0,30,30,4,32.427908,False,transition,E2020,0.016757591118688603,24.15666666666667,30.512903225806447,2021-04-01,2021-04,23.159450460829493
Iran,2021-05-01,414059.0,4907.0,8398.0,31,31,5,32.427908,False,warm,E2020,0.011850968098749212,27.006451612903227,30.512903225806447,2021-05-01,2021-05,23.159450460829493
Iran,2021-06-01,291421.0,4736.0,4108.0,30,30,6,32.427908,False,warm,E2020,0.016251402609969767,33.2,30.512903225806447,2021-06-01,2021-06,23.159450460829493
Iran,2021-07-01,666451.0,13517.0,6366.0,31,31,7,32.427908,False,warm,E2020,0.020282061246813345,34.277419354838706,30.512903225806447,2021-07-01,2021-07,23.159450460829493
Iran,2021-08-01,1121055.0,16551.0,17164.0,31,31,8,32.427908,False,warm,E2020,0.014763771625834593,31.506451612903227,30.512903225806447,2021-08-01,2021-08,23.159450460829493
Iran,2021-09-01,594977.0,6858.0,12634.0,30,30,9,32.427908,False,warm,E2021,0.011526495982197632,29.410000000000004,30.512903225806447,2021-09-01,2021-09,23.159450460829493
Iran,2021-10-01,337598.0,4193.0,5875.0,31,31,10,32.427908,False,transition,E2021,0.012420097275457793,20.883870967741935,30.512903225806447,2021-10-01,2021-10,23.159450460829493
Iraq,2020-03-01,681.0,66.0,50.0,31,31,3,33.223191,False,cold,E2019,0.09691629955947137,17.1,29.39677419354839,2020-03-01,2020-03,26.867802611367125
Iraq,2020-04-01,1391.0,57.0,43.0,30,30,4,33.223191,False,transition,E2019,0.040977713874910136,23.486666666666668,29.39677419354839,2020-04-01,2020-04,26.867802611367125
Iraq,2020-05-01,4354.0,960.0,112.0,31,31,5,33.223191,False,warm,E2019,0.2204869085898025,29.741935483870968,29.39677419354839,2020-05-01,2020-05,26.867802611367125
Iraq,2020-06-01,42670.0,2850.0,1738.0,30,30,6,33.223191,False,warm,E2019,0.06679165690180455,33.7,29.39677419354839,2020-06-01,2020-06,26.867802611367125
Iraq,2020-07-01,75500.0,2333.0,2798.0,31,31,7,33.223191,False,warm,E2019,0.03090066225165563,38.74193548387097,29.39677419354839,2020-07-01,2020-07,26.867802611367125
Iraq,2020-08-01,110325.0,2342.0,2301.0,31,31,8,33.223191,False,warm,E2019,0.021228189440290052,35.24516129032258,29.39677419354839,2020-08-01,2020-08,26.867802611367125
Iraq,2020-09-01,128047.0,1793.0,2139.0,30,30,9,33.223191,False,warm,E2020,0.014002670894281007,34.84,29.39677419354839,2020-09-01,2020-09,26.867802611367125
Iraq,2020-10-01,109649.0,1507.0,1729.0,31,31,10,33.223191,False,transition,E2020,0.01374385539311804,26.48709677419355,29.39677419354839,2020-10-01,2020-10,26.867802611367125
Iraq,2020-11-01,79919.0,785.0,1348.0,30,30,11,33.223191,False,cold,E2020,0.009822445225791114,18.833333333333332,29.39677419354839,2020-11-01,2020-11,26.867802611367125
Iraq,2020-12-01,42742.0,267.0,555.0,31,31,12,33.223191,False,cold,E2020,0.006246783023723738,12.209677419354838,29.39677419354839,2020-12-01,2020-12,26.867802611367125
Iraq,2021-01-01,24345.0,295.0,234.0,31,31,1,33.223191,False,cold,E2020,0.012117477921544465,11.161290322580646,29.39677419354839,2021-01-01,2021-01,26.867802611367125
Iraq,2021-02-01,75853.0,735.0,359.0,28,28,2,33.223191,False,cold,E2020,0.009689794734552358,13.271428571428572,29.39677419354839,2021-02-01,2021-02,26.867802611367125
Iraq,2021-03-01,155435.0,1091.0,917.0,31,31,3,33.223191,False,cold,E2020,0.007019011162222151,17.835483870967742,29.39677419354839,2021-03-01,2021-03,26.867802611367125
Iraq,2021-04-01,214275.0,1039.0,1142.0,30,30,4,33.223191,False,transition,E2020,0.004848909112122273,25.33,29.39677419354839,2021-04-01,2021-04,26.867802611367125
Iraq,2021-05-01,136153.0,773.0,910.0,31,31,5,33.223191,False,warm,E2020,0.005677436413446637,31.751612903225805,29.39677419354839,2021-05-01,2021-05,26.867802611367125
Iraq,2021-06-01,144552.0,1110.0,811.0,30,30,6,33.223191,False,warm,E2020,0.007678897559355803,34.016666666666666,29.39677419354839,2021-06-01,2021-06,26.867802611367125
Iraq,2021-07-01,280695.0,2090.0,1471.0,31,31,7,33.223191,False,warm,E2020,0.007445804164662713,38.064516129032256,29.39677419354839,2021-07-01,2021-07,26.867802611367125
Iraq,2021-08-01,261551.0,1801.0,2173.0,31,31,8,33.223191,False,warm,E2020,0.00688584635501298,37.229032258064514,29.39677419354839,2021-08-01,2021-08,26.867802611367125
Iraq,2021-09-01,115153.0,964.0,1430.0,30,30,9,33.223191,False,warm,E2021,0.008371470999452901,31.816666666666666,29.39677419354839,2021-09-01,2021-09,26.867802611367125
Iraq,2021-10-01,51945.0,790.0,910.0,31,31,10,33.223191,False,transition,E2021,0.015208393493117721,26.493548387096773,29.39677419354839,2021-10-01,2021-10,26.867802611367125
Ireland,2020-03-01,3234.0,727.0,71.0,31,31,3,53.1424,False,cold,E2019,0.22479901051329623,6.054838709677419,13.577419354838709,2020-03-01,2020-03,10.389001536098311
Ireland,2020-04-01,17377.0,853.0,1161.0,30,30,4,53.1424,False,transition,E2019,0.04908787477700408,9.686666666666667,13.577419354838709,2020-04-01,2020-04,10.389001536098311
Ireland,2020-05-01,4378.0,132.0,418.0,31,31,5,53.1424,False,warm,E2019,0.03015075376884422,12.116129032258065,13.577419354838709,2020-05-01,2020-05,10.389001536098311
Ireland,2020-07-01,592.0,23.0,27.0,31,31,7,53.1424,False,warm,E2019,0.03885135135135135,14.03225806451613,13.577419354838709,2020-07-01,2020-07,10.389001536098311
Ireland,2020-08-01,2746.0,16.0,14.0,31,31,8,53.1424,False,warm,E2019,0.005826656955571741,15.26774193548387,13.577419354838709,2020-08-01,2020-08,10.389001536098311
Ireland,2020-09-01,7344.0,76.0,24.0,30,30,9,53.1424,False,warm,E2020,0.010348583877995643,13.146666666666667,13.577419354838709,2020-09-01,2020-09,10.389001536098311
Ireland,2020-10-01,25301.0,154.0,112.0,31,31,10,53.1424,False,transition,E2020,0.006086715940081419,9.264516129032257,13.577419354838709,2020-10-01,2020-10,10.389001536098311
Ireland,2020-11-01,11088.0,136.0,140.0,30,30,11,53.1424,False,cold,E2020,0.012265512265512266,8.103333333333333,13.577419354838709,2020-11-01,2020-11,10.389001536098311
Ireland,2020-12-01,19235.0,660.0,184.0,31,31,12,53.1424,False,cold,E2020,0.03431245126072264,4.754838709677419,13.577419354838709,2020-12-01,2020-12,10.389001536098311
Ireland,2021-01-01,104768.0,1318.0,1070.0,31,31,1,53.1424,False,cold,E2020,0.01258017715332926,3.454838709677419,13.577419354838709,2021-01-01,2021-01,10.389001536098311
Ireland,2021-02-01,23045.0,451.0,1012.0,28,28,2,53.1424,False,cold,E2020,0.019570405727923627,5.792857142857143,13.577419354838709,2021-02-01,2021-02,10.389001536098311
Ireland,2021-03-01,16262.0,269.0,368.0,31,31,3,53.1424,False,cold,E2020,0.016541630795720085,7.309677419354839,13.577419354838709,2021-03-01,2021-03,10.389001536098311
Ireland,2021-04-01,13016.0,85.0,216.0,30,30,4,53.1424,False,transition,E2020,0.006530424093423479,7.283333333333333,13.577419354838709,2021-04-01,2021-04,10.389001536098311
Ireland,2021-05-01,13173.0,38.0,38.0,31,31,5,53.1424,False,warm,E2020,0.002884688377742352,9.303225806451612,13.577419354838709,2021-05-01,2021-05,10.389001536098311
Ireland,2021-06-01,9865.0,47.0,57.0,30,30,6,53.1424,False,warm,E2020,0.00476431829700963,13.876666666666667,13.577419354838709,2021-06-01,2021-06,10.389001536098311
Ireland,2021-07-01,29068.0,48.0,37.0,31,31,7,53.1424,False,warm,E2020,0.001651300399064263,17.032258064516128,13.577419354838709,2021-07-01,2021-07,10.389001536098311
Ireland,2021-08-01,51471.0,105.0,57.0,31,31,8,53.1424,False,warm,E2020,0.002039983680130559,15.035483870967743,13.577419354838709,2021-08-01,2021-08,10.389001536098311
Ireland,2021-09-01,37485.0,190.0,157.0,30,30,9,53.1424,False,warm,E2021,0.0050686941443243965,14.546666666666665,13.577419354838709,2021-09-01,2021-09,10.389001536098311
Ireland,2021-10-01,55662.0,240.0,187.0,31,31,10,53.1424,False,transition,E2021,0.004311738708634257,11.329032258064515,13.577419354838709,2021-10-01,2021-10,10.389001536098311
Israel,2020-03-01,5711.0,188.0,21.0,31,31,3,31.046050999999995,False,cold,E2019,0.0329189283838207,14.351612903225806,17.97741935483871,2020-03-01,2020-03,20.87502688172043
Israel,2020-04-01,10179.0,92.0,204.0,30,30,4,31.046050999999995,False,transition,E2019,0.00903821593476766,17.296666666666667,17.97741935483871,2020-04-01,2020-04,20.87502688172043
Israel,2020-05-01,1183.0,27.0,62.0,31,31,5,31.046050999999995,False,warm,E2019,0.02282333051563821,22.787096774193547,17.97741935483871,2020-05-01,2020-05,20.87502688172043
Israel,2020-06-01,8359.0,149.0,40.0,30,30,6,31.046050999999995,False,warm,E2019,0.01782509869601627,23.676666666666666,17.97741935483871,2020-06-01,2020-06,20.87502688172043
Israel,2020-07-01,46296.0,362.0,237.0,31,31,7,31.046050999999995,False,warm,E2019,0.007819250043200277,25.64516129032258,17.97741935483871,2020-07-01,2020-07,20.87502688172043
Israel,2020-08-01,45172.0,515.0,389.0,31,31,8,31.046050999999995,False,warm,E2019,0.011400867794208801,25.748387096774195,17.97741935483871,2020-08-01,2020-08,20.87502688172043
Israel,2020-09-01,130505.0,989.0,651.0,30,30,9,31.046050999999995,False,warm,E2020,0.007578253706754531,26.543333333333333,17.97741935483871,2020-09-01,2020-09,20.87502688172043
Israel,2020-10-01,66938.0,473.0,957.0,31,31,10,31.046050999999995,False,transition,E2020,0.007066240401565628,23.438709677419357,17.97741935483871,2020-10-01,2020-10,20.87502688172043
Israel,2020-11-01,22842.0,315.0,311.0,30,30,11,31.046050999999995,False,cold,E2020,0.013790386130811664,17.04,17.97741935483871,2020-11-01,2020-11,20.87502688172043
Israel,2020-12-01,86071.0,1134.0,453.0,31,31,12,31.046050999999995,False,cold,E2020,0.013175169336942757,14.509677419354839,17.97741935483871,2020-12-01,2020-12,20.87502688172043
Israel,2021-01-01,220173.0,1332.0,1471.0,31,31,1,31.046050999999995,False,cold,E2020,0.0060497881211592705,13.238709677419354,17.97741935483871,2021-01-01,2021-01,20.87502688172043
Israel,2021-02-01,132372.0,515.0,956.0,28,28,2,31.046050999999995,False,cold,E2020,0.003890550871785574,13.1,17.97741935483871,2021-02-01,2021-02,20.87502688172043
Israel,2021-03-01,57298.0,254.0,457.0,31,31,3,31.046050999999995,False,cold,E2020,0.004432964501378756,14.7,17.97741935483871,2021-03-01,2021-03,20.87502688172043
Israel,2021-04-01,5376.0,51.0,154.0,30,30,4,31.046050999999995,False,transition,E2020,0.009486607142857142,19.246666666666666,17.97741935483871,2021-04-01,2021-04,20.87502688172043
Israel,2021-05-01,994.0,30.0,49.0,31,31,5,31.046050999999995,False,warm,E2020,0.030181086519114688,23.45483870967742,17.97741935483871,2021-05-01,2021-05,20.87502688172043
Israel,2021-06-01,2302.0,27.0,16.0,30,30,6,31.046050999999995,False,warm,E2020,0.011728931364031277,23.59333333333333,17.97741935483871,2021-06-01,2021-06,20.87502688172043
Israel,2021-07-01,32241.0,321.0,45.0,31,31,7,31.046050999999995,False,warm,E2020,0.009956266865171676,26.351612903225806,17.97741935483871,2021-07-01,2021-07,20.87502688172043
Israel,2021-08-01,192334.0,792.0,570.0,31,31,8,31.046050999999995,False,warm,E2020,0.004117836679942184,27.27741935483871,17.97741935483871,2021-08-01,2021-08,20.87502688172043
Israel,2021-09-01,215866.0,469.0,718.0,30,30,9,31.046050999999995,False,warm,E2021,0.0021726441403463258,24.02,17.97741935483871,2021-09-01,2021-09,20.87502688172043
Israel,2021-10-01,45240.0,140.0,339.0,31,31,10,31.046050999999995,False,transition,E2021,0.003094606542882405,21.480645161290322,17.97741935483871,2021-10-01,2021-10,20.87502688172043
Italy,2020-03-01,104664.0,19823.0,12399.0,31,31,3,41.87194,False,cold,E2019,0.1893965451349079,10.76774193548387,21.435483870967744,2020-03-01,2020-03,17.48685253456221
Italy,2020-04-01,99671.0,7838.0,15539.0,30,30,4,41.87194,False,transition,E2019,0.07863872139338424,13.926666666666668,21.435483870967744,2020-04-01,2020-04,17.48685253456221
Italy,2020-05-01,27534.0,2148.0,5448.0,31,31,5,41.87194,False,warm,E2019,0.0780126389191545,19.432258064516127,21.435483870967744,2020-05-01,2020-05,17.48685253456221
Italy,2020-06-01,7581.0,439.0,1352.0,30,30,6,41.87194,False,warm,E2019,0.057907927714021895,21.496666666666666,21.435483870967744,2020-06-01,2020-06,17.48685253456221
Italy,2020-07-01,6959.0,354.0,374.0,31,31,7,41.87194,False,warm,E2019,0.050869377784164393,26.190322580645162,21.435483870967744,2020-07-01,2020-07,17.48685253456221
Italy,2020-08-01,21677.0,297.0,342.0,31,31,8,41.87194,False,warm,E2019,0.013701157909304793,26.88064516129032,21.435483870967744,2020-08-01,2020-08,17.48685253456221
Italy,2020-09-01,45647.0,1108.0,411.0,30,30,9,41.87194,False,warm,E2020,0.024273227156220562,22.05666666666667,21.435483870967744,2020-09-01,2020-09,17.48685253456221
Italy,2020-10-01,364569.0,12429.0,2724.0,31,31,10,41.87194,False,transition,E2020,0.03409231174345597,15.480645161290322,21.435483870967744,2020-10-01,2020-10,17.48685253456221
Italy,2020-11-01,922124.0,19953.0,16958.0,30,30,11,41.87194,False,cold,E2020,0.021638087719222144,12.646666666666667,21.435483870967744,2020-11-01,2020-11,17.48685253456221
Italy,2020-12-01,505612.0,14988.0,18583.0,31,31,12,41.87194,False,cold,E2020,0.02964328378282161,9.129032258064516,21.435483870967744,2020-12-01,2020-12,17.48685253456221
Italy,2021-01-01,445866.0,11516.0,14357.0,31,31,1,41.87194,False,cold,E2020,0.0258283879012977,7.309677419354839,21.435483870967744,2021-01-01,2021-01,17.48685253456221
Italy,2021-02-01,372233.0,9224.0,9183.0,28,28,2,41.87194,False,cold,E2020,0.02478017800678607,9.892857142857142,21.435483870967744,2021-02-01,2021-02,17.48685253456221
Italy,2021-03-01,659634.0,13055.0,11647.0,31,31,3,41.87194,False,cold,E2020,0.019791278193664972,9.90967741935484,21.435483870967744,2021-03-01,2021-03,17.48685253456221
Italy,2021-04-01,437754.0,7031.0,11461.0,30,30,4,41.87194,False,transition,E2020,0.01606153227611855,12.34,21.435483870967744,2021-04-01,2021-04,17.48685253456221
Italy,2021-05-01,195168.0,2263.0,5321.0,31,31,5,41.87194,False,warm,E2020,0.011595138547302836,17.299999999999997,21.435483870967744,2021-05-01,2021-05,17.48685253456221
Italy,2021-06-01,42088.0,614.0,1438.0,30,30,6,41.87194,False,warm,E2020,0.014588481277323703,23.33,21.435483870967744,2021-06-01,2021-06,17.48685253456221
Italy,2021-07-01,90119.0,823.0,497.0,31,31,7,41.87194,False,warm,E2020,0.00913236942265227,26.47741935483871,21.435483870967744,2021-07-01,2021-07,17.48685253456221
Italy,2021-08-01,189963.0,1693.0,1158.0,31,31,8,41.87194,False,warm,E2020,0.008912261861520401,26.270967741935483,21.435483870967744,2021-08-01,2021-08,17.48685253456221
Italy,2021-09-01,132364.0,1303.0,1700.0,30,30,9,41.87194,False,warm,E2021,0.009844066362455049,22.873333333333335,21.435483870967744,2021-09-01,2021-09,17.48685253456221
Italy,2021-10-01,99610.0,1453.0,1179.0,31,31,10,41.87194,False,transition,E2021,0.014586888866579661,16.025806451612905,21.435483870967744,2021-10-01,2021-10,17.48685253456221
Japan,2020-03-01,2010.0,267.0,61.0,31,31,3,36.204824,False,cold,E2019,0.1328358208955224,3.648387096774193,27.043778801843317,2020-03-01,2020-03,11.566406682027651
Japan,2020-04-01,12029.0,523.0,414.0,30,30,4,36.204824,False,transition,E2019,0.043478260869565216,5.513333333333334,27.043778801843317,2020-04-01,2020-04,11.566406682027651
Japan,2020-05-01,2457.0,134.0,417.0,31,31,5,36.204824,False,warm,E2019,0.05453805453805454,14.080645161290322,27.043778801843317,2020-05-01,2020-05,11.566406682027651
Japan,2020-06-01,1864.0,29.0,76.0,30,30,6,36.204824,False,warm,E2019,0.01555793991416309,18.256666666666668,27.043778801843317,2020-06-01,2020-06,11.566406682027651
Japan,2020-07-01,17651.0,186.0,39.0,31,31,7,36.204824,False,warm,E2019,0.01053764659226106,19.758064516129032,27.043778801843317,2020-07-01,2020-07,11.566406682027651
Japan,2020-08-01,32129.0,339.0,287.0,31,31,8,36.204824,False,warm,E2019,0.01055121541286688,23.05806451612903,27.043778801843317,2020-08-01,2020-08,11.566406682027651
Japan,2020-09-01,15194.0,173.0,275.0,30,30,9,36.204824,False,warm,E2020,0.011386073450046072,18.53666666666667,27.043778801843317,2020-09-01,2020-09,11.566406682027651
Japan,2020-10-01,17744.0,294.0,195.0,31,31,10,36.204824,False,transition,E2020,0.016568981064021642,10.461290322580645,27.043778801843317,2020-10-01,2020-10,11.566406682027651
Japan,2020-11-01,47501.0,984.0,382.0,30,30,11,36.204824,False,cold,E2020,0.020715353360981875,6.613333333333333,27.043778801843317,2020-11-01,2020-11,11.566406682027651
Japan,2020-12-01,86925.0,1908.0,1340.0,31,31,12,36.204824,False,cold,E2020,0.02194995685936152,-0.267741935483871,27.043778801843317,2020-12-01,2020-12,11.566406682027651
Japan,2021-01-01,154991.0,2620.0,2261.0,31,31,1,36.204824,False,cold,E2020,0.01690420734107142,-2.148387096774193,27.043778801843317,2021-01-01,2021-01,11.566406682027651
Japan,2021-02-01,41896.0,1344.0,2144.0,28,28,2,36.204824,False,cold,E2020,0.03207943479091083,-0.08928571428571432,27.043778801843317,2021-02-01,2021-02,11.566406682027651
Japan,2021-03-01,42450.0,937.0,1279.0,31,31,3,36.204824,False,cold,E2020,0.022073027090694936,5.158064516129032,27.043778801843317,2021-03-01,2021-03,11.566406682027651
Japan,2021-04-01,117685.0,2401.0,1067.0,30,30,4,36.204824,False,transition,E2020,0.020401920380677233,7.4,27.043778801843317,2021-04-01,2021-04,11.566406682027651
Japan,2021-05-01,153716.0,2285.0,2816.0,31,31,5,36.204824,False,warm,E2020,0.01486507585417263,13.383870967741935,27.043778801843317,2021-05-01,2021-05,11.566406682027651
Japan,2021-06-01,53096.0,642.0,1725.0,30,30,6,36.204824,False,warm,E2020,0.012091306313093264,16.91,27.043778801843317,2021-06-01,2021-06,11.566406682027651
Japan,2021-07-01,127021.0,512.0,409.0,31,31,7,36.204824,False,warm,E2020,0.004030829547870037,20.835483870967742,27.043778801843317,2021-07-01,2021-07,11.566406682027651
Japan,2021-08-01,567768.0,1667.0,874.0,31,31,8,36.204824,False,warm,E2020,0.0029360583900466387,21.432258064516127,27.043778801843317,2021-08-01,2021-08,11.566406682027651
Japan,2021-09-01,210700.0,893.0,1584.0,30,30,9,36.204824,False,warm,E2021,0.0042382534409112485,16.91,27.043778801843317,2021-09-01,2021-09,11.566406682027651
Japan,2021-10-01,17271.0,172.0,616.0,31,31,10,36.204824,False,transition,E2021,0.009958890625904696,11.87741935483871,27.043778801843317,2021-10-01,2021-10,11.566406682027651
Jordan,2020-08-01,841.0,21.0,4.0,31,31,8,31.24,False,warm,E2019,0.02497027348394768,26.89032258064516,22.298924731182794,2020-08-01,2020-08,20.982509472606246
Jordan,2020-09-01,9791.0,411.0,46.0,30,30,9,31.24,False,warm,E2020,0.041977326115820654,29.566666666666666,22.298924731182794,2020-09-01,2020-09,20.982509472606246
Jordan,2020-10-01,60782.0,1729.0,768.0,31,31,10,31.24,False,transition,E2020,0.028445921489914778,23.816129032258065,22.298924731182794,2020-10-01,2020-10,20.982509472606246
Jordan,2020-11-01,146823.0,1432.0,1922.0,30,30,11,31.24,False,cold,E2020,0.009753240296138888,14.93,22.298924731182794,2020-11-01,2020-11,20.982509472606246
Jordan,2020-12-01,75064.0,594.0,1083.0,31,31,12,31.24,False,cold,E2020,0.007913247362250879,11.429032258064517,22.298924731182794,2020-12-01,2020-12,20.982509472606246
Jordan,2021-01-01,32361.0,356.0,482.0,31,31,1,31.24,False,cold,E2020,0.011000896140415932,9.980645161290322,22.298924731182794,2021-01-01,2021-01,20.982509472606246
Jordan,2021-02-01,64235.0,1322.0,385.0,28,28,2,31.24,False,cold,E2020,0.020580680314470304,11.067857142857141,22.298924731182794,2021-02-01,2021-02,20.982509472606246
Jordan,2021-03-01,220487.0,2553.0,2157.0,31,31,3,31.24,False,cold,E2020,0.011578913949575258,13.964516129032257,22.298924731182794,2021-03-01,2021-03,20.982509472606246
Jordan,2021-04-01,99796.0,866.0,1978.0,30,30,4,31.24,False,transition,E2020,0.008677702513126778,20.166666666666668,22.298924731182794,2021-04-01,2021-04,20.982509472606246
Jordan,2021-05-01,25161.0,376.0,626.0,31,31,5,31.24,False,warm,E2020,0.0149437621716148,25.23225806451613,22.298924731182794,2021-05-01,2021-05,20.982509472606246
Jordan,2021-06-01,14870.0,251.0,288.0,30,30,6,31.24,False,warm,E2020,0.01687962340282448,25.25,22.298924731182794,2021-06-01,2021-06,20.982509472606246
Jordan,2021-07-01,19308.0,351.0,282.0,31,31,7,31.24,False,warm,E2020,0.018178993163455563,28.187096774193545,22.298924731182794,2021-07-01,2021-07,20.982509472606246
Jordan,2021-08-01,26414.0,360.0,379.0,31,31,8,31.24,False,warm,E2020,0.013629136064208375,28.69677419354839,22.298924731182794,2021-08-01,2021-08,20.982509472606246
Jordan,2021-09-01,26793.0,270.0,307.0,30,30,9,31.24,False,warm,E2021,0.010077258985555929,24.25,22.298924731182794,2021-09-01,2021-09,20.982509472606246
Jordan,2021-10-01,38622.0,458.0,320.0,31,31,10,31.24,False,transition,E2021,0.011858526228574388,21.309677419354838,22.298924731182794,2021-10-01,2021-10,20.982509472606246
Kazakhstan,2020-04-01,3059.0,16.0,23.0,30,30,4,48.01959999999999,False,transition,E2019,0.005230467473030402,9.639999999999999,40.23870967741935,2020-04-01,2020-04,9.67212183685019
Kazakhstan,2020-05-01,7456.0,85.0,16.0,31,31,5,48.01959999999999,False,warm,E2019,0.011400214592274678,18.16774193548387,40.23870967741935,2020-05-01,2020-05,9.67212183685019
Kazakhstan,2020-06-01,11450.0,465.0,147.0,30,30,6,48.01959999999999,False,warm,E2019,0.04061135371179039,21.073333333333334,40.23870967741935,2020-06-01,2020-06,9.67212183685019
Kazakhstan,2020-07-01,68059.0,1048.0,605.0,31,31,7,48.01959999999999,False,warm,E2019,0.015398404325658619,24.703225806451613,40.23870967741935,2020-07-01,2020-07,9.67212183685019
Kazakhstan,2020-08-01,40306.0,410.0,1085.0,31,31,8,48.01959999999999,False,warm,E2019,0.010172182801568005,21.261290322580646,40.23870967741935,2020-08-01,2020-08,9.67212183685019
Kazakhstan,2020-09-01,10034.0,135.0,197.0,30,30,9,48.01959999999999,False,warm,E2020,0.013454255531193941,13.433333333333334,40.23870967741935,2020-09-01,2020-09,9.67212183685019
Kazakhstan,2020-10-01,8992.0,187.0,144.0,31,31,10,48.01959999999999,False,transition,E2020,0.02079626334519573,5.980645161290322,40.23870967741935,2020-10-01,2020-10,9.67212183685019
Kazakhstan,2020-11-01,24864.0,304.0,258.0,30,30,11,48.01959999999999,False,cold,E2020,0.012226512226512226,-5.296666666666667,40.23870967741935,2020-11-01,2020-11,9.67212183685019
Kazakhstan,2020-12-01,26633.0,287.0,272.0,31,31,12,48.01959999999999,False,cold,E2020,0.010776104832350843,-14.816129032258065,40.23870967741935,2020-12-01,2020-12,9.67212183685019
Kazakhstan,2021-01-01,34648.0,355.0,377.0,31,31,1,48.01959999999999,False,cold,E2020,0.010245901639344262,-13.670967741935485,40.23870967741935,2021-01-01,2021-01,9.67212183685019
Kazakhstan,2021-02-01,26871.0,2491.0,263.0,28,28,2,48.01959999999999,False,cold,E2020,0.09270216962524655,-9.467857142857143,40.23870967741935,2021-02-01,2021-02,9.67212183685019
Kazakhstan,2021-03-01,34757.0,571.0,2523.0,31,31,3,48.01959999999999,False,cold,E2020,0.01642834536927813,-6.225806451612903,40.23870967741935,2021-03-01,2021-03,9.67212183685019
Kazakhstan,2021-04-01,78067.0,776.0,649.0,30,30,4,48.01959999999999,False,transition,E2020,0.009940179589327117,8.203333333333333,40.23870967741935,2021-04-01,2021-04,9.67212183685019
Kazakhstan,2021-05-01,67396.0,517.0,760.0,31,31,5,48.01959999999999,False,warm,E2020,0.007671078402279067,19.86774193548387,40.23870967741935,2021-05-01,2021-05,9.67212183685019
Kazakhstan,2021-06-01,39751.0,872.0,438.0,30,30,6,48.01959999999999,False,warm,E2020,0.021936555055218736,22.876666666666665,40.23870967741935,2021-06-01,2021-06,9.67212183685019
Kazakhstan,2021-07-01,150783.0,3187.0,1318.0,31,31,7,48.01959999999999,False,warm,E2020,0.021136334997977225,25.42258064516129,40.23870967741935,2021-07-01,2021-07,9.67212183685019
Kazakhstan,2021-08-01,230112.0,3778.0,3578.0,31,31,8,48.01959999999999,False,warm,E2020,0.016418092059518843,24.26774193548387,40.23870967741935,2021-08-01,2021-08,9.67212183685019
Kazakhstan,2021-09-01,99261.0,1332.0,3252.0,30,30,9,48.01959999999999,False,warm,E2021,0.01341916764892556,13.953333333333335,40.23870967741935,2021-09-01,2021-09,9.67212183685019
Kazakhstan,2021-10-01,57422.0,790.0,1171.0,31,31,10,48.01959999999999,False,transition,E2021,0.013757793180314165,4.396774193548388,40.23870967741935,2021-10-01,2021-10,9.67212183685019
Kenya,2020-05-01,1566.0,73.0,47.0,31,31,5,-0.0236,True,cold,E2019,0.04661558109833972,24.312903225806455,4.396774193548389,2020-05-01,2020-05,24.71640894350572
Kenya,2020-06-01,4404.0,127.0,84.0,30,30,6,-0.0236,True,cold,E2019,0.028837420526793823,24.2,4.396774193548389,2020-06-01,2020-06,24.71640894350572
Kenya,2020-07-01,14270.0,282.0,193.0,31,31,7,-0.0236,True,cold,E2019,0.019761737911702874,24.42258064516129,4.396774193548389,2020-07-01,2020-07,24.71640894350572
Kenya,2020-08-01,13565.0,118.0,236.0,31,31,8,-0.0236,True,cold,E2019,0.00869885735348323,24.25483870967742,4.396774193548389,2020-08-01,2020-08,24.71640894350572
Kenya,2020-09-01,4328.0,208.0,134.0,30,30,9,-0.0236,True,cold,E2020,0.04805914972273567,25.033333333333335,4.396774193548389,2020-09-01,2020-09,24.71640894350572
Kenya,2020-10-01,16663.0,508.0,270.0,31,31,10,-0.0236,True,transition,E2020,0.030486707075556622,25.538709677419355,4.396774193548389,2020-10-01,2020-10,24.71640894350572
Kenya,2020-11-01,28426.0,278.0,488.0,30,30,11,-0.0236,True,warm,E2020,0.009779779075494266,23.216666666666665,4.396774193548389,2020-11-01,2020-11,24.71640894350572
Kenya,2020-12-01,12840.0,95.0,201.0,31,31,12,-0.0236,True,warm,E2020,0.007398753894080997,23.44516129032258,4.396774193548389,2020-12-01,2020-12,24.71640894350572
Kenya,2021-01-01,4315.0,84.0,93.0,31,31,1,-0.0236,True,warm,E2020,0.019466975666280417,24.24516129032258,4.396774193548389,2021-01-01,2021-01,24.71640894350572
Kenya,2021-02-01,5200.0,188.0,93.0,28,28,2,-0.0236,True,warm,E2020,0.036153846153846154,25.864285714285717,4.396774193548389,2021-02-01,2021-02,24.71640894350572
Kenya,2021-03-01,28085.0,529.0,297.0,31,31,3,-0.0236,True,warm,E2020,0.01883567740786897,26.358064516129033,4.396774193548389,2021-03-01,2021-03,24.71640894350572
Kenya,2021-04-01,25260.0,503.0,571.0,30,30,4,-0.0236,True,transition,E2020,0.01991290577988915,24.613333333333333,4.396774193548389,2021-04-01,2021-04,24.71640894350572
Kenya,2021-05-01,11417.0,418.0,448.0,31,31,5,-0.0236,True,cold,E2020,0.0366120697205921,24.019354838709678,4.396774193548389,2021-05-01,2021-05,24.71640894350572
Kenya,2021-06-01,13426.0,350.0,462.0,30,30,6,-0.0236,True,cold,E2020,0.026068821689259645,24.279999999999998,4.396774193548389,2021-06-01,2021-06,24.71640894350572
Kenya,2021-07-01,19052.0,656.0,297.0,31,31,7,-0.0236,True,cold,E2020,0.03443208062145706,24.161290322580644,4.396774193548389,2021-07-01,2021-07,24.71640894350572
Kenya,2021-08-01,32650.0,541.0,795.0,31,31,8,-0.0236,True,cold,E2020,0.01656967840735069,25.10967741935484,4.396774193548389,2021-08-01,2021-08,24.71640894350572
Kenya,2021-09-01,13571.0,230.0,397.0,30,30,9,-0.0236,True,cold,E2021,0.01694790361800899,25.720000000000002,4.396774193548389,2021-09-01,2021-09,24.71640894350572
Kenya,2021-10-01,3876.0,90.0,158.0,31,31,10,-0.0236,True,transition,E2021,0.02321981424148607,26.1,4.396774193548389,2021-10-01,2021-10,24.71640894350572
"Korea, South",2020-03-01,6636.0,135.0,146.0,31,31,3,35.907757,False,cold,E2019,0.02034358047016275,4.919354838709677,28.34193548387097,2020-03-01,2020-03,12.56777534562212
"Korea, South",2020-04-01,988.0,27.0,86.0,30,30,4,35.907757,False,transition,E2019,0.027327935222672066,7.406666666666666,28.34193548387097,2020-04-01,2020-04,12.56777534562212
"Korea, South",2020-05-01,729.0,16.0,23.0,31,31,5,35.907757,False,warm,E2019,0.02194787379972565,15.229032258064517,28.34193548387097,2020-05-01,2020-05,12.56777534562212
"Korea, South",2020-06-01,1347.0,17.0,11.0,30,30,6,35.907757,False,warm,E2019,0.012620638455827766,20.466666666666665,28.34193548387097,2020-06-01,2020-06,12.56777534562212
"Korea, South",2020-07-01,1486.0,12.0,19.0,31,31,7,35.907757,False,warm,E2019,0.008075370121130552,20.429032258064513,28.34193548387097,2020-07-01,2020-07,12.56777534562212
"Korea, South",2020-08-01,5846.0,79.0,23.0,31,31,8,35.907757,False,warm,E2019,0.013513513513513514,24.24516129032258,28.34193548387097,2020-08-01,2020-08,12.56777534562212
"Korea, South",2020-09-01,3707.0,65.0,91.0,30,30,9,35.907757,False,warm,E2020,0.017534394388993794,17.416666666666668,28.34193548387097,2020-09-01,2020-09,12.56777534562212
"Korea, South",2020-10-01,2746.0,52.0,51.0,31,31,10,35.907757,False,transition,E2020,0.018936635105608158,11.103225806451613,28.34193548387097,2020-10-01,2020-10,12.56777534562212
"Korea, South",2020-11-01,8017.0,217.0,60.0,30,30,11,35.907757,False,cold,E2020,0.027067481601596607,5.8100000000000005,28.34193548387097,2020-11-01,2020-11,12.56777534562212
"Korea, South",2020-12-01,27117.0,606.0,391.0,31,31,12,35.907757,False,cold,E2020,0.02234760482354243,-2.2,28.34193548387097,2020-12-01,2020-12,12.56777534562212
"Korea, South",2021-01-01,16739.0,234.0,508.0,31,31,1,35.907757,False,cold,E2020,0.013979329709062668,-2.948387096774194,28.34193548387097,2021-01-01,2021-01,12.56777534562212
"Korea, South",2021-02-01,11523.0,135.0,180.0,28,28,2,35.907757,False,cold,E2020,0.01171569903670919,0.9535714285714286,28.34193548387097,2021-02-01,2021-02,12.56777534562212
"Korea, South",2021-03-01,13608.0,111.0,130.0,31,31,3,35.907757,False,cold,E2020,0.008156966490299823,6.535483870967742,28.34193548387097,2021-03-01,2021-03,12.56777534562212
"Korea, South",2021-04-01,18995.0,118.0,96.0,30,30,4,35.907757,False,transition,E2020,0.006212161095025007,10.456666666666667,28.34193548387097,2021-04-01,2021-04,12.56777534562212
"Korea, South",2021-05-01,18165.0,80.0,132.0,31,31,5,35.907757,False,warm,E2020,0.004404073768235618,14.54516129032258,28.34193548387097,2021-05-01,2021-05,12.56777534562212
"Korea, South",2021-06-01,16924.0,57.0,58.0,30,30,6,35.907757,False,warm,E2020,0.003367998109194044,19.733333333333334,28.34193548387097,2021-06-01,2021-06,12.56777534562212
"Korea, South",2021-07-01,42064.0,152.0,77.0,31,31,7,35.907757,False,warm,E2020,0.0036135412704450362,23.62258064516129,28.34193548387097,2021-07-01,2021-07,12.56777534562212
"Korea, South",2021-08-01,53658.0,204.0,194.0,31,31,8,35.907757,False,warm,E2020,0.0038018562003801857,22.083870967741937,28.34193548387097,2021-08-01,2021-08,12.56777534562212
"Korea, South",2021-09-01,60328.0,306.0,205.0,30,30,9,35.907757,False,warm,E2021,0.0050722715820183,18.77,28.34193548387097,2021-09-01,2021-09,12.56777534562212
"Korea, South",2021-10-01,52613.0,573.0,361.0,31,31,10,35.907757,False,transition,E2021,0.010890844468097238,12.77741935483871,28.34193548387097,2021-10-01,2021-10,12.56777534562212
Kosovo,2020-04-01,693.0,14.0,21.0,30,30,4,42.602636,False,transition,E2019,0.020202020202020204,9.966666666666667,24.122580645161293,2020-04-01,2020-04,12.908844939409455
Kosovo,2020-06-01,1729.0,109.0,19.0,30,30,6,42.602636,False,warm,E2019,0.06304222093695779,17.89333333333333,24.122580645161293,2020-06-01,2020-06,12.908844939409455
Kosovo,2020-07-01,5531.0,304.0,178.0,31,31,7,42.602636,False,warm,E2019,0.054962936177906346,21.0258064516129,24.122580645161293,2020-07-01,2020-07,12.908844939409455
Kosovo,2020-08-01,5124.0,167.0,298.0,31,31,8,42.602636,False,warm,E2019,0.032591725214676036,21.206451612903226,24.122580645161293,2020-08-01,2020-08,12.908844939409455
Kosovo,2020-09-01,2166.0,42.0,100.0,30,30,9,42.602636,False,warm,E2020,0.019390581717451522,18.236666666666668,24.122580645161293,2020-09-01,2020-09,12.908844939409455
Kosovo,2020-10-01,3708.0,247.0,53.0,31,31,10,42.602636,False,transition,E2020,0.06661272923408845,11.941935483870967,24.122580645161293,2020-10-01,2020-10,12.908844939409455
Kosovo,2020-11-01,20268.0,358.0,338.0,30,30,11,42.602636,False,cold,E2020,0.017663311624235248,5.506666666666666,24.122580645161293,2020-11-01,2020-11,12.908844939409455
Kosovo,2020-12-01,11548.0,171.0,316.0,31,31,12,42.602636,False,cold,E2020,0.014807758919293383,3.7806451612903227,24.122580645161293,2020-12-01,2020-12,12.908844939409455
Kosovo,2021-01-01,9074.0,139.0,166.0,31,31,1,42.602636,False,cold,E2020,0.015318492395856293,0.9354838709677419,24.122580645161293,2021-01-01,2021-01,12.908844939409455
Kosovo,2021-02-01,8233.0,180.0,94.0,28,28,2,42.602636,False,cold,E2020,0.021863233329284585,3.6607142857142856,24.122580645161293,2021-02-01,2021-02,12.908844939409455
Kosovo,2021-03-01,20730.0,353.0,274.0,31,31,3,42.602636,False,cold,E2020,0.017028461167390256,3.135483870967742,24.122580645161293,2021-03-01,2021-03,12.908844939409455
Kosovo,2021-04-01,14457.0,139.0,268.0,30,30,4,42.602636,False,transition,E2020,0.009614719513038666,7.4399999999999995,24.122580645161293,2021-04-01,2021-04,12.908844939409455
Kosovo,2021-05-01,3364.0,12.0,114.0,31,31,5,42.602636,False,warm,E2020,0.0035671819262782403,15.254838709677419,24.122580645161293,2021-05-01,2021-05,12.908844939409455
Kosovo,2021-06-01,756.0,13.0,14.0,30,30,6,42.602636,False,warm,E2020,0.017195767195767195,20.386666666666667,24.122580645161293,2021-06-01,2021-06,12.908844939409455
Kosovo,2021-07-01,607.0,46.0,7.0,31,31,7,42.602636,False,warm,E2020,0.0757825370675453,23.725806451612904,24.122580645161293,2021-07-01,2021-07,12.908844939409455
Kosovo,2021-08-01,36621.0,597.0,234.0,31,31,8,42.602636,False,warm,E2020,0.016302121733431638,22.74516129032258,24.122580645161293,2021-08-01,2021-08,12.908844939409455
Kosovo,2021-09-01,15086.0,62.0,450.0,30,30,9,42.602636,False,warm,E2021,0.004109770648283177,16.823333333333334,24.122580645161293,2021-09-01,2021-09,12.908844939409455
Kosovo,2021-10-01,690.0,8.0,24.0,31,31,10,42.602636,False,transition,E2021,0.011594202898550725,8.693548387096774,24.122580645161293,2021-10-01,2021-10,12.908844939409455
Kuwait,2020-04-01,3735.0,118.0,26.0,30,30,4,29.31166,False,transition,E2019,0.03159303882195449,25.89,28.44193548387097,2020-04-01,2020-04,29.59254102999434
Kuwait,2020-05-01,23019.0,197.0,186.0,31,31,5,29.31166,False,warm,E2019,0.008558147617185803,32.52903225806452,28.44193548387097,2020-05-01,2020-05,29.59254102999434
Kuwait,2020-06-01,19152.0,86.0,142.0,30,30,6,29.31166,False,warm,E2019,0.004490392648287385,36.90333333333333,28.44193548387097,2020-06-01,2020-06,29.59254102999434
Kuwait,2020-07-01,20762.0,99.0,93.0,31,31,7,29.31166,False,warm,E2019,0.004768326750794721,39.696774193548386,28.44193548387097,2020-07-01,2020-07,29.59254102999434
Kuwait,2020-08-01,18152.0,74.0,84.0,31,31,8,29.31166,False,warm,E2019,0.004076685764654033,37.07419354838709,28.44193548387097,2020-08-01,2020-08,29.59254102999434
Kuwait,2020-09-01,20073.0,136.0,79.0,30,30,9,29.31166,False,warm,E2020,0.006775270263538086,35.730000000000004,28.44193548387097,2020-09-01,2020-09,29.59254102999434
Kuwait,2020-10-01,20744.0,142.0,169.0,31,31,10,29.31166,False,transition,E2020,0.006845352873119938,27.677419354838708,28.44193548387097,2020-10-01,2020-10,29.59254102999434
Kuwait,2020-11-01,16709.0,59.0,101.0,30,30,11,29.31166,False,cold,E2020,0.003531031180800766,20.64333333333333,28.44193548387097,2020-11-01,2020-11,29.59254102999434
Kuwait,2020-12-01,7949.0,29.0,54.0,31,31,12,29.31166,False,cold,E2020,0.003648257642470751,13.290322580645162,28.44193548387097,2020-12-01,2020-12,29.59254102999434
Kuwait,2021-01-01,14673.0,93.0,25.0,31,31,1,29.31166,False,cold,E2020,0.00633817215293396,13.345161290322581,28.44193548387097,2021-01-01,2021-01,29.59254102999434
Kuwait,2021-02-01,25595.0,182.0,124.0,28,28,2,29.31166,False,cold,E2020,0.007110763821058801,16.4,28.44193548387097,2021-02-01,2021-02,29.59254102999434
Kuwait,2021-03-01,41251.0,256.0,230.0,31,31,3,29.31166,False,cold,E2020,0.006205910159753703,21.02258064516129,28.44193548387097,2021-03-01,2021-03,29.59254102999434
Kuwait,2021-04-01,41888.0,237.0,250.0,30,30,4,29.31166,False,transition,E2020,0.00565794499618029,28.076666666666664,28.44193548387097,2021-04-01,2021-04,29.59254102999434
Kuwait,2021-05-01,35231.0,158.0,209.0,31,31,5,29.31166,False,warm,E2020,0.0044846867815276316,34.50645161290323,28.44193548387097,2021-05-01,2021-05,29.59254102999434
Kuwait,2021-06-01,47465.0,378.0,197.0,30,30,6,29.31166,False,warm,E2020,0.007963762772569261,37.586666666666666,28.44193548387097,2021-06-01,2021-06,29.59254102999434
Kuwait,2021-07-01,41144.0,148.0,351.0,31,31,7,29.31166,False,warm,E2020,0.0035971223021582736,39.76451612903226,28.44193548387097,2021-07-01,2021-07,29.59254102999434
Kuwait,2021-08-01,12029.0,38.0,99.0,31,31,8,29.31166,False,warm,E2020,0.003159032338515255,38.42258064516129,28.44193548387097,2021-08-01,2021-08,29.59254102999434
Kuwait,2021-09-01,1795.0,18.0,30.0,30,30,9,29.31166,False,warm,E2021,0.010027855153203343,34.376666666666665,28.44193548387097,2021-09-01,2021-09,29.59254102999434
Kuwait,2021-10-01,1023.0,5.0,12.0,31,31,10,29.31166,False,transition,E2021,0.004887585532746823,29.322580645161292,28.44193548387097,2021-10-01,2021-10,29.59254102999434
Kyrgyzstan,2020-04-01,639.0,7.0,8.0,30,30,4,41.20437999999999,False,transition,E2019,0.010954616588419406,8.626666666666667,33.49354838709677,2020-04-01,2020-04,7.529012630141661
Kyrgyzstan,2020-05-01,1002.0,26.0,8.0,31,31,5,41.20437999999999,False,warm,E2019,0.02594810379241517,13.72258064516129,33.49354838709677,2020-05-01,2020-05,7.529012630141661
Kyrgyzstan,2020-06-01,3758.0,1015.0,45.0,30,30,6,41.20437999999999,False,warm,E2019,0.2700904736562001,14.196666666666665,33.49354838709677,2020-06-01,2020-06,7.529012630141661
Kyrgyzstan,2020-08-01,8093.0,8.0,3.0,31,31,8,41.20437999999999,False,warm,E2019,0.0009885085876683553,17.112903225806452,33.49354838709677,2020-08-01,2020-08,7.529012630141661
Kyrgyzstan,2020-09-01,2771.0,55.0,6.0,30,30,9,41.20437999999999,False,warm,E2020,0.019848430169613858,12.173333333333334,33.49354838709677,2020-09-01,2020-09,7.529012630141661
Kyrgyzstan,2020-10-01,12209.0,109.0,80.0,31,31,10,41.20437999999999,False,transition,E2020,0.008927840117945778,4.374193548387097,33.49354838709677,2020-10-01,2020-10,7.529012630141661
Kyrgyzstan,2020-11-01,14300.0,104.0,131.0,30,30,11,41.20437999999999,False,cold,E2020,0.007272727272727273,-2.96,33.49354838709677,2020-11-01,2020-11,7.529012630141661
Kyrgyzstan,2020-12-01,7856.0,63.0,80.0,31,31,12,41.20437999999999,False,cold,E2020,0.008019348268839105,-10.387096774193548,33.49354838709677,2020-12-01,2020-12,7.529012630141661
Kyrgyzstan,2021-01-01,3554.0,64.0,57.0,31,31,1,41.20437999999999,False,cold,E2020,0.018007878446820485,-9.45483870967742,33.49354838709677,2021-01-01,2021-01,7.529012630141661
Kyrgyzstan,2021-02-01,1663.0,32.0,54.0,28,28,2,41.20437999999999,False,cold,E2020,0.019242333132892364,-3.7214285714285715,33.49354838709677,2021-02-01,2021-02,7.529012630141661
Kyrgyzstan,2021-03-01,2287.0,71.0,34.0,31,31,3,41.20437999999999,False,cold,E2020,0.031045037166593792,-0.1774193548387097,33.49354838709677,2021-03-01,2021-03,7.529012630141661
Kyrgyzstan,2021-04-01,6737.0,174.0,104.0,30,30,4,41.20437999999999,False,transition,E2020,0.025827519667507792,6.1433333333333335,33.49354838709677,2021-04-01,2021-04,7.529012630141661
Kyrgyzstan,2021-05-01,9454.0,202.0,204.0,31,31,5,41.20437999999999,False,warm,E2020,0.02136661730484451,13.235483870967743,33.49354838709677,2021-05-01,2021-05,7.529012630141661
Kyrgyzstan,2021-06-01,20274.0,268.0,192.0,30,30,6,41.20437999999999,False,warm,E2020,0.013218901055539115,15.19,33.49354838709677,2021-06-01,2021-06,7.529012630141661
Kyrgyzstan,2021-07-01,37889.0,273.0,325.0,31,31,7,41.20437999999999,False,warm,E2020,0.007205257462588086,19.651612903225807,33.49354838709677,2021-07-01,2021-07,7.529012630141661
Kyrgyzstan,2021-08-01,12842.0,114.0,203.0,31,31,8,41.20437999999999,False,warm,E2020,0.00887712194362249,17.57741935483871,33.49354838709677,2021-08-01,2021-08,7.529012630141661
Kyrgyzstan,2021-09-01,2798.0,51.0,79.0,30,30,9,41.20437999999999,False,warm,E2021,0.018227305218012867,15.983333333333333,33.49354838709677,2021-09-01,2021-09,7.529012630141661
Kyrgyzstan,2021-10-01,2727.0,80.0,64.0,31,31,10,41.20437999999999,False,transition,E2021,0.029336266960029337,4.235483870967743,33.49354838709677,2021-10-01,2021-10,7.529012630141661
Laos,2021-04-01,708.0,2.0,0.0,30,30,4,19.85627,False,transition,E2020,0.002824858757062147,23.496666666666666,8.91935483870968,2021-04-01,2021-04,23.667401433691754
Laos,2021-05-01,1155.0,1.0,3.0,31,31,5,19.85627,False,warm,E2020,0.0008658008658008658,24.870967741935484,8.91935483870968,2021-05-01,2021-05,23.667401433691754
Laos,2021-07-01,4178.0,6.0,4.0,31,31,7,19.85627,False,warm,E2020,0.0014360938247965534,24.093548387096774,8.91935483870968,2021-07-01,2021-07,23.667401433691754
Laos,2021-08-01,8716.0,5.0,7.0,31,31,8,19.85627,False,warm,E2020,0.0005736576411197798,24.093548387096774,8.91935483870968,2021-08-01,2021-08,23.667401433691754
Laos,2021-09-01,8831.0,33.0,4.0,30,30,9,19.85627,False,warm,E2021,0.003736836145396897,23.540000000000003,8.91935483870968,2021-09-01,2021-09,23.667401433691754
Laos,2021-10-01,16425.0,83.0,47.0,31,31,10,19.85627,False,transition,E2021,0.005053272450532724,21.90967741935484,8.91935483870968,2021-10-01,2021-10,23.667401433691754
Latvia,2020-10-01,4070.0,106.0,34.0,31,31,10,56.8796,False,transition,E2020,0.026044226044226043,10.01290322580645,27.95760368663594,2020-10-01,2020-10,7.662558194493679
Latvia,2020-11-01,11181.0,290.0,135.0,30,30,11,56.8796,False,cold,E2020,0.025936857168410696,5.28,27.95760368663594,2020-11-01,2020-11,7.662558194493679
Latvia,2020-12-01,23829.0,614.0,429.0,31,31,12,56.8796,False,cold,E2020,0.025766922657266357,0.2612903225806452,27.95760368663594,2020-12-01,2020-12,7.662558194493679
Latvia,2021-01-01,25337.0,485.0,560.0,31,31,1,56.8796,False,cold,E2020,0.019141966294352133,-3.8774193548387097,27.95760368663594,2021-01-01,2021-01,7.662558194493679
Latvia,2021-02-01,19945.0,284.0,423.0,28,28,2,56.8796,False,cold,E2020,0.014239157683629983,-6.028571428571428,27.95760368663594,2021-02-01,2021-02,7.662558194493679
Latvia,2021-03-01,16177.0,253.0,281.0,31,31,3,56.8796,False,cold,E2020,0.0156394881622056,1.2516129032258063,27.95760368663594,2021-03-01,2021-03,7.662558194493679
Latvia,2021-04-01,16195.0,230.0,232.0,30,30,4,56.8796,False,transition,E2020,0.014201914171040445,5.5,27.95760368663594,2021-04-01,2021-04,7.662558194493679
Latvia,2021-05-01,14641.0,187.0,245.0,31,31,5,56.8796,False,warm,E2020,0.012772351615326822,10.64516129032258,27.95760368663594,2021-05-01,2021-05,7.662558194493679
Latvia,2021-06-01,4230.0,54.0,137.0,30,30,6,56.8796,False,warm,E2020,0.01276595744680851,19.223333333333333,27.95760368663594,2021-06-01,2021-06,7.662558194493679
Latvia,2021-07-01,1434.0,18.0,43.0,31,31,7,56.8796,False,warm,E2020,0.012552301255230125,21.929032258064513,27.95760368663594,2021-07-01,2021-07,7.662558194493679
Latvia,2021-08-01,3774.0,90.0,22.0,31,31,8,56.8796,False,warm,E2020,0.02384737678855326,16.1,27.95760368663594,2021-08-01,2021-08,7.662558194493679
Latvia,2021-09-01,15654.0,309.0,139.0,30,30,9,56.8796,False,warm,E2021,0.019739363740896895,11.193333333333333,27.95760368663594,2021-09-01,2021-09,7.662558194493679
Latvia,2021-10-01,60848.0,983.0,536.0,31,31,10,56.8796,False,transition,E2021,0.016155009203260583,8.12258064516129,27.95760368663594,2021-10-01,2021-10,7.662558194493679
Lebanon,2020-06-01,558.0,9.0,7.0,30,30,6,33.8547,False,warm,E2019,0.016129032258064516,18.759999999999998,22.01150537634409,2020-06-01,2020-06,15.939339929520195
Lebanon,2020-07-01,2777.0,75.0,27.0,31,31,7,33.8547,False,warm,E2019,0.02700756211739287,23.851612903225806,22.01150537634409,2020-07-01,2020-07,15.939339929520195
Lebanon,2020-08-01,12753.0,191.0,106.0,31,31,8,33.8547,False,warm,E2019,0.014976868187877362,21.870967741935484,22.01150537634409,2020-08-01,2020-08,15.939339929520195
Lebanon,2020-09-01,22326.0,229.0,200.0,30,30,9,33.8547,False,warm,E2020,0.010257099346053929,24.15666666666667,22.01150537634409,2020-09-01,2020-09,15.939339929520195
Lebanon,2020-10-01,41594.0,358.0,270.0,31,31,10,33.8547,False,transition,E2020,0.008607010626532673,18.383870967741935,22.01150537634409,2020-10-01,2020-10,15.939339929520195
Lebanon,2020-11-01,46716.0,400.0,381.0,30,30,11,33.8547,False,cold,E2020,0.008562376915831836,9.853333333333333,22.01150537634409,2020-11-01,2020-11,15.939339929520195
Lebanon,2020-12-01,53559.0,857.0,450.0,31,31,12,33.8547,False,cold,E2020,0.016001045575906942,6.983870967741935,22.01150537634409,2020-12-01,2020-12,15.939339929520195
Lebanon,2021-01-01,119549.0,2189.0,1614.0,31,31,1,33.8547,False,cold,E2020,0.018310483567407505,5.335483870967742,22.01150537634409,2021-01-01,2021-01,15.939339929520195
Lebanon,2021-02-01,73998.0,1417.0,1610.0,28,28,2,33.8547,False,cold,E2020,0.01914916619368091,5.360714285714286,22.01150537634409,2021-02-01,2021-02,15.939339929520195
Lebanon,2021-03-01,93350.0,1270.0,1542.0,31,31,3,33.8547,False,cold,E2020,0.013604713444027852,6.819354838709677,22.01150537634409,2021-03-01,2021-03,15.939339929520195
Lebanon,2021-04-01,58178.0,637.0,1044.0,30,30,4,33.8547,False,transition,E2020,0.010949156038365018,12.553333333333335,22.01150537634409,2021-04-01,2021-04,15.939339929520195
Lebanon,2021-05-01,13810.0,161.0,451.0,31,31,5,33.8547,False,warm,E2020,0.01165821868211441,18.674193548387095,22.01150537634409,2021-05-01,2021-05,15.939339929520195
Lebanon,2021-06-01,4478.0,63.0,122.0,30,30,6,33.8547,False,warm,E2020,0.014068780705672175,18.64333333333333,22.01150537634409,2021-06-01,2021-06,15.939339929520195
Lebanon,2021-07-01,16514.0,120.0,55.0,31,31,7,33.8547,False,warm,E2020,0.0072665617052198135,22.796774193548387,22.01150537634409,2021-07-01,2021-07,15.939339929520195
Lebanon,2021-08-01,40886.0,238.0,147.0,31,31,8,33.8547,False,warm,E2020,0.005821063444699897,23.258064516129032,22.01150537634409,2021-08-01,2021-08,15.939339929520195
Lebanon,2021-09-01,21964.0,195.0,272.0,30,30,9,33.8547,False,warm,E2021,0.008878164268803496,18.483333333333334,22.01150537634409,2021-09-01,2021-09,15.939339929520195
Lebanon,2021-10-01,17794.0,204.0,177.0,31,31,10,33.8547,False,transition,E2021,0.011464538608519726,15.183870967741935,22.01150537634409,2021-10-01,2021-10,15.939339929520195
Libya,2020-06-01,668.0,40.0,19.0,30,30,6,26.3351,False,warm,E2019,0.059880239520958084,31.466666666666665,21.996774193548383,2020-06-01,2020-06,25.52536821180085
Libya,2020-07-01,2797.0,130.0,50.0,31,31,7,26.3351,False,warm,E2019,0.04647836968180193,30.97741935483871,21.996774193548383,2020-07-01,2020-07,25.52536821180085
Libya,2020-08-01,10345.0,270.0,163.0,31,31,8,26.3351,False,warm,E2019,0.02609956500724988,32.04516129032258,21.996774193548383,2020-08-01,2020-08,25.52536821180085
Libya,2020-09-01,20559.0,315.0,314.0,30,30,9,26.3351,False,warm,E2020,0.015321756894790603,30.3,21.996774193548383,2020-09-01,2020-09,25.52536821180085
Libya,2020-10-01,26570.0,303.0,306.0,31,31,10,26.3351,False,transition,E2020,0.011403838916070757,25.36774193548387,21.996774193548383,2020-10-01,2020-10,25.52536821180085
Libya,2020-11-01,21714.0,301.0,326.0,30,30,11,26.3351,False,cold,E2020,0.013862024500322373,17.03666666666667,21.996774193548383,2020-11-01,2020-11,25.52536821180085
Libya,2020-12-01,17468.0,347.0,295.0,31,31,12,26.3351,False,cold,E2020,0.01986489580948019,14.203225806451613,21.996774193548383,2020-12-01,2020-12,25.52536821180085
Libya,2021-01-01,18354.0,398.0,399.0,31,31,1,26.3351,False,cold,E2020,0.02168464639860521,14.312903225806451,21.996774193548383,2021-01-01,2021-01,25.52536821180085
Libya,2021-02-01,14707.0,392.0,302.0,28,28,2,26.3351,False,cold,E2020,0.026653974297953357,14.778571428571428,21.996774193548383,2021-02-01,2021-02,25.52536821180085
Libya,2021-03-01,25619.0,418.0,488.0,31,31,3,26.3351,False,cold,E2020,0.016316015457277802,18.80322580645161,21.996774193548383,2021-03-01,2021-03,25.52536821180085
Libya,2021-04-01,18551.0,181.0,362.0,30,30,4,26.3351,False,transition,E2020,0.009756886421217185,24.753333333333334,21.996774193548383,2021-04-01,2021-04,25.52536821180085
Libya,2021-05-01,8268.0,73.0,97.0,31,31,5,26.3351,False,warm,E2020,0.008829221093372037,31.261290322580646,21.996774193548383,2021-05-01,2021-05,25.52536821180085
Libya,2021-06-01,7698.0,131.0,67.0,30,30,6,26.3351,False,warm,E2020,0.017017407118732137,30.970000000000002,21.996774193548383,2021-06-01,2021-06,25.52536821180085
Libya,2021-07-01,55640.0,708.0,316.0,31,31,7,26.3351,False,warm,E2020,0.012724658519051043,32.303225806451614,21.996774193548383,2021-07-01,2021-07,25.52536821180085
Libya,2021-08-01,59858.0,516.0,738.0,31,31,8,26.3351,False,warm,E2020,0.008620401617160614,32.48064516129032,21.996774193548383,2021-08-01,2021-08,25.52536821180085
Libya,2021-09-01,31112.0,429.0,404.0,30,30,9,26.3351,False,warm,E2021,0.013788891745950115,28.506666666666668,21.996774193548383,2021-09-01,2021-09,25.52536821180085
Libya,2021-10-01,17254.0,418.0,448.0,31,31,10,26.3351,False,transition,E2021,0.024226266373014952,24.364516129032257,21.996774193548383,2021-10-01,2021-10,25.52536821180085
Lithuania,2020-04-01,958.0,20.0,28.0,30,30,4,55.16940000000001,False,transition,E2019,0.020876826722338204,6.776666666666667,28.2426267281106,2020-04-01,2020-04,9.194761904761904
Lithuania,2020-08-01,849.0,5.0,6.0,31,31,8,55.16940000000001,False,warm,E2019,0.005889281507656066,18.67096774193548,28.2426267281106,2020-08-01,2020-08,9.194761904761904
Lithuania,2020-09-01,1894.0,37.0,8.0,30,30,9,55.16940000000001,False,warm,E2020,0.019535374868004225,15.453333333333335,28.2426267281106,2020-09-01,2020-09,9.194761904761904
Lithuania,2020-10-01,10940.0,304.0,75.0,31,31,10,55.16940000000001,False,transition,E2020,0.027787934186471665,10.8,28.2426267281106,2020-10-01,2020-10,9.194761904761904
Lithuania,2020-11-01,46799.0,930.0,467.0,30,30,11,55.16940000000001,False,cold,E2020,0.019872219491869486,5.62,28.2426267281106,2020-11-01,2020-11,9.194761904761904
Lithuania,2020-12-01,82554.0,1231.0,1181.0,31,31,12,55.16940000000001,False,cold,E2020,0.014911451898151512,0.6387096774193549,28.2426267281106,2020-12-01,2020-12,9.194761904761904
Lithuania,2021-01-01,39396.0,608.0,1022.0,31,31,1,55.16940000000001,False,cold,E2020,0.01543303888719667,-3.6838709677419357,28.2426267281106,2021-01-01,2021-01,9.194761904761904
Lithuania,2021-02-01,14715.0,299.0,436.0,28,28,2,55.16940000000001,False,cold,E2020,0.02031940197077812,-5.607142857142857,28.2426267281106,2021-02-01,2021-02,9.194761904761904
Lithuania,2021-03-01,16958.0,329.0,318.0,31,31,3,55.16940000000001,False,cold,E2020,0.019400872744427408,1.896774193548387,28.2426267281106,2021-03-01,2021-03,9.194761904761904
Lithuania,2021-04-01,31337.0,362.0,355.0,30,30,4,55.16940000000001,False,transition,E2020,0.011551839678335514,6.033333333333333,28.2426267281106,2021-04-01,2021-04,9.194761904761904
Lithuania,2021-05-01,27300.0,200.0,345.0,31,31,5,55.16940000000001,False,warm,E2020,0.007326007326007326,11.36774193548387,28.2426267281106,2021-05-01,2021-05,9.194761904761904
Lithuania,2021-06-01,4396.0,34.0,109.0,30,30,6,55.16940000000001,False,warm,E2020,0.0077343039126478615,19.57,28.2426267281106,2021-06-01,2021-06,9.194761904761904
Lithuania,2021-07-01,4044.0,72.0,25.0,31,31,7,55.16940000000001,False,warm,E2020,0.017804154302670624,22.635483870967743,28.2426267281106,2021-07-01,2021-07,9.194761904761904
Lithuania,2021-08-01,16263.0,363.0,151.0,31,31,8,55.16940000000001,False,warm,E2020,0.022320605054418005,16.55806451612903,28.2426267281106,2021-08-01,2021-08,9.194761904761904
Lithuania,2021-09-01,33092.0,712.0,437.0,30,30,9,55.16940000000001,False,warm,E2021,0.02151577420524598,11.870000000000001,28.2426267281106,2021-09-01,2021-09,9.194761904761904
Lithuania,2021-10-01,78256.0,989.0,890.0,31,31,10,55.16940000000001,False,transition,E2021,0.012638008587200981,8.516129032258064,28.2426267281106,2021-10-01,2021-10,9.194761904761904
Luxembourg,2020-03-01,2177.0,70.0,23.0,31,31,3,49.8153,False,cold,E2019,0.03215434083601286,5.47741935483871,19.716129032258067,2020-03-01,2020-03,10.134451974338122
Luxembourg,2020-04-01,1606.0,31.0,67.0,30,30,4,49.8153,False,transition,E2019,0.019302615193026153,11.5,19.716129032258067,2020-04-01,2020-04,10.134451974338122
Luxembourg,2020-07-01,2281.0,13.0,4.0,31,31,7,49.8153,False,warm,E2019,0.005699254712845244,17.95483870967742,19.716129032258067,2020-07-01,2020-07,10.134451974338122
Luxembourg,2020-09-01,1884.0,14.0,0.0,30,30,9,49.8153,False,warm,E2020,0.0074309978768577496,15.583333333333334,19.716129032258067,2020-09-01,2020-09,10.134451974338122
Luxembourg,2020-10-01,8625.0,122.0,28.0,31,31,10,49.8153,False,transition,E2020,0.014144927536231883,10.006451612903225,19.716129032258067,2020-10-01,2020-10,10.134451974338122
Luxembourg,2020-11-01,17544.0,190.0,169.0,30,30,11,49.8153,False,cold,E2020,0.010829913360693114,6.4399999999999995,19.716129032258067,2020-11-01,2020-11,10.134451974338122
Luxembourg,2020-12-01,11737.0,112.0,174.0,31,31,12,49.8153,False,cold,E2020,0.009542472522791173,3.732258064516129,19.716129032258067,2020-12-01,2020-12,10.134451974338122
Luxembourg,2021-01-01,3973.0,60.0,82.0,31,31,1,49.8153,False,cold,E2020,0.015101938082053864,1.1387096774193548,19.716129032258067,2021-01-01,2021-01,10.134451974338122
Luxembourg,2021-02-01,4722.0,92.0,60.0,28,28,2,49.8153,False,cold,E2020,0.019483269800931808,3.564285714285714,19.716129032258067,2021-02-01,2021-02,10.134451974338122
Luxembourg,2021-03-01,6532.0,74.0,109.0,31,31,3,49.8153,False,cold,E2020,0.01132884262094305,4.896774193548388,19.716129032258067,2021-03-01,2021-03,10.134451974338122
Luxembourg,2021-04-01,5563.0,22.0,50.0,30,30,4,49.8153,False,transition,E2020,0.003954700701060579,5.9766666666666675,19.716129032258067,2021-04-01,2021-04,10.134451974338122
Luxembourg,2021-05-01,2727.0,8.0,19.0,31,31,5,49.8153,False,warm,E2020,0.0029336266960029336,9.94516129032258,19.716129032258067,2021-05-01,2021-05,10.134451974338122
Luxembourg,2021-06-01,855.0,3.0,3.0,30,30,6,49.8153,False,warm,E2020,0.0035087719298245615,18.313333333333333,19.716129032258067,2021-06-01,2021-06,10.134451974338122
Luxembourg,2021-07-01,3083.0,9.0,4.0,31,31,7,49.8153,False,warm,E2020,0.0029192345118391177,16.990322580645163,19.716129032258067,2021-07-01,2021-07,10.134451974338122
Luxembourg,2021-08-01,1890.0,4.0,8.0,31,31,8,49.8153,False,warm,E2020,0.0021164021164021165,15.916129032258064,19.716129032258067,2021-08-01,2021-08,10.134451974338122
Luxembourg,2021-09-01,2459.0,8.0,5.0,30,30,9,49.8153,False,warm,E2021,0.0032533550223668157,15.15,19.716129032258067,2021-09-01,2021-09,10.134451974338122
Luxembourg,2021-10-01,3464.0,20.0,8.0,31,31,10,49.8153,False,transition,E2021,0.005773672055427252,9.7,19.716129032258067,2021-10-01,2021-10,10.134451974338122
Malaysia,2020-03-01,2737.0,85.0,48.0,31,31,3,4.210484,False,cold,E2019,0.031055900621118012,27.4,3.3419354838709694,2020-03-01,2020-03,26.511042413381123
Malaysia,2020-04-01,3236.0,23.0,55.0,30,30,4,4.210484,False,transition,E2019,0.007107540173053152,26.683333333333334,3.3419354838709694,2020-04-01,2020-04,26.511042413381123
Malaysia,2020-05-01,1817.0,6.0,12.0,31,31,5,4.210484,False,warm,E2019,0.003302146395156852,26.703225806451613,3.3419354838709694,2020-05-01,2020-05,26.511042413381123
Malaysia,2020-06-01,820.0,2.0,6.0,30,30,6,4.210484,False,warm,E2019,0.0024390243902439024,26.39,3.3419354838709694,2020-06-01,2020-06,26.511042413381123
Malaysia,2020-09-01,1884.0,77.0,9.0,30,30,9,4.210484,False,warm,E2020,0.04087048832271762,26.733333333333334,3.3419354838709694,2020-09-01,2020-09,26.511042413381123
Malaysia,2020-10-01,20324.0,124.0,127.0,31,31,10,4.210484,False,transition,E2020,0.006101161188742373,26.835483870967742,3.3419354838709694,2020-10-01,2020-10,26.511042413381123
Malaysia,2020-11-01,34149.0,106.0,97.0,30,30,11,4.210484,False,cold,E2020,0.0031040440422852793,25.336666666666666,3.3419354838709694,2020-11-01,2020-11,26.511042413381123
Malaysia,2020-12-01,47313.0,204.0,111.0,31,31,12,4.210484,False,cold,E2020,0.0043117113689683595,25.206451612903226,3.3419354838709694,2020-12-01,2020-12,26.511042413381123
Malaysia,2021-01-01,101949.0,412.0,289.0,31,31,1,4.210484,False,cold,E2020,0.0040412363044267235,24.712903225806453,3.3419354838709694,2021-01-01,2021-01,26.511042413381123
Malaysia,2021-02-01,85793.0,184.0,375.0,28,28,2,4.210484,False,cold,E2020,0.0021446971198116394,25.925,3.3419354838709694,2021-02-01,2021-02,26.511042413381123
Malaysia,2021-03-01,44748.0,162.0,137.0,31,31,3,4.210484,False,cold,E2020,0.0036202735317779565,26.75483870967742,3.3419354838709694,2021-03-01,2021-03,26.511042413381123
Malaysia,2021-04-01,63213.0,749.0,234.0,30,30,4,4.210484,False,transition,E2020,0.0118488285637448,26.39,3.3419354838709694,2021-04-01,2021-04,26.511042413381123
Malaysia,2021-05-01,163644.0,2328.0,1290.0,31,31,5,4.210484,False,warm,E2020,0.014226002786536629,26.654838709677417,3.3419354838709694,2021-05-01,2021-05,26.511042413381123
Malaysia,2021-06-01,179622.0,2963.0,2374.0,30,30,6,4.210484,False,warm,E2020,0.016495752190711605,26.970000000000002,3.3419354838709694,2021-06-01,2021-06,26.511042413381123
Malaysia,2021-07-01,361293.0,6496.0,3854.0,31,31,7,4.210484,False,warm,E2020,0.017979866756344574,27.483870967741936,3.3419354838709694,2021-07-01,2021-07,26.511042413381123
Malaysia,2021-08-01,632982.0,10142.0,7640.0,31,31,8,4.210484,False,warm,E2020,0.016022572521809466,26.74516129032258,3.3419354838709694,2021-08-01,2021-08,26.511042413381123
Malaysia,2021-09-01,499441.0,4156.0,9671.0,30,30,9,4.210484,False,warm,E2021,0.008321303216996602,26.783333333333335,3.3419354838709694,2021-09-01,2021-09,26.511042413381123
Malaysia,2021-10-01,225947.0,1768.0,2577.0,31,31,10,4.210484,False,transition,E2021,0.007824843879316831,27.490322580645163,3.3419354838709694,2021-10-01,2021-10,26.511042413381123
Mauritius,2021-07-01,2316.0,3.0,2.0,31,31,7,-20.348404,True,cold,E2020,0.0012953367875647669,17.30322580645161,6.267741935483873,2021-07-01,2021-07,17.781505376344086
Mauritius,2021-08-01,6462.0,38.0,11.0,31,31,8,-20.348404,True,cold,E2020,0.005880532342927886,17.106451612903225,6.267741935483873,2021-08-01,2021-08,17.781505376344086
Mauritius,2021-09-01,5019.0,85.0,53.0,30,30,9,-20.348404,True,cold,E2021,0.016935644550707313,17.506666666666668,6.267741935483873,2021-09-01,2021-09,17.781505376344086
Mauritius,2021-10-01,7157.0,227.0,92.0,31,31,10,-20.348404,True,transition,E2021,0.03171719994411066,19.20967741935484,6.267741935483873,2021-10-01,2021-10,17.781505376344086
Mexico,2020-03-01,1211.0,855.0,29.0,31,31,3,23.6345,False,cold,E2019,0.7060280759702725,20.374193548387098,11.329032258064515,2020-03-01,2020-03,19.44066282642089
Mexico,2020-04-01,18009.0,5653.0,1830.0,30,30,4,23.6345,False,transition,E2019,0.3138986062524293,22.253333333333334,11.329032258064515,2020-04-01,2020-04,19.44066282642089
Mexico,2020-05-01,71440.0,15315.0,8071.0,31,31,5,23.6345,False,warm,E2019,0.2143756998880179,22.293548387096774,11.329032258064515,2020-05-01,2020-05,19.44066282642089
Mexico,2020-06-01,135425.0,18575.0,17839.0,30,30,6,23.6345,False,warm,E2019,0.1371607901052243,22.726666666666667,11.329032258064515,2020-06-01,2020-06,19.44066282642089
Mexico,2020-07-01,198548.0,19210.0,18919.0,31,31,7,23.6345,False,warm,E2019,0.0967524225879888,21.27741935483871,11.329032258064515,2020-07-01,2020-07,19.44066282642089
Mexico,2020-08-01,174923.0,14087.0,17726.0,31,31,8,23.6345,False,warm,E2019,0.08053257719110694,21.0258064516129,11.329032258064515,2020-08-01,2020-08,19.44066282642089
Mexico,2020-09-01,143656.0,13718.0,13232.0,30,30,9,23.6345,False,warm,E2020,0.09549200868741994,19.616666666666667,11.329032258064515,2020-09-01,2020-09,19.44066282642089
Mexico,2020-10-01,181746.0,13958.0,14107.0,31,31,10,23.6345,False,transition,E2020,0.07679948939729073,19.103225806451615,11.329032258064515,2020-10-01,2020-10,19.44066282642089
Mexico,2020-11-01,188581.0,17225.0,14187.0,30,30,11,23.6345,False,cold,E2020,0.09134006076964275,16.746666666666666,11.329032258064515,2020-11-01,2020-11,19.44066282642089
Mexico,2020-12-01,312551.0,27576.0,19867.0,31,31,12,23.6345,False,cold,E2020,0.08822880105966706,13.138709677419355,11.329032258064515,2020-12-01,2020-12,19.44066282642089
Mexico,2021-01-01,438166.0,33933.0,32729.0,31,31,1,23.6345,False,cold,E2020,0.07744325210080198,12.558064516129033,11.329032258064515,2021-01-01,2021-01,19.44066282642089
Mexico,2021-02-01,222678.0,17929.0,27179.0,28,28,2,23.6345,False,cold,E2020,0.08051536299050648,16.22142857142857,11.329032258064515,2021-02-01,2021-02,19.44066282642089
Mexico,2021-03-01,151949.0,15561.0,17495.0,31,31,3,23.6345,False,cold,E2020,0.10240936103561063,19.174193548387095,11.329032258064515,2021-03-01,2021-03,19.44066282642089
Mexico,2021-04-01,105868.0,7659.0,13697.0,30,30,4,23.6345,False,transition,E2020,0.07234480674046927,21.19,11.329032258064515,2021-04-01,2021-04,19.44066282642089
Mexico,2021-05-01,68987.0,9988.0,6661.0,31,31,5,23.6345,False,warm,E2020,0.14478090074941655,21.94516129032258,11.329032258064515,2021-05-01,2021-05,19.44066282642089
Mexico,2021-06-01,105527.0,5963.0,9479.0,30,30,6,23.6345,False,warm,E2020,0.05650686554152018,21.09333333333333,11.329032258064515,2021-06-01,2021-06,19.44066282642089
Mexico,2021-07-01,328983.0,15720.0,7859.0,31,31,7,23.6345,False,warm,E2020,0.04778362407783989,19.43548387096774,11.329032258064515,2021-07-01,2021-07,19.44066282642089
Mexico,2021-08-01,504158.0,19653.0,18420.0,31,31,8,23.6345,False,warm,E2020,0.038981827125623314,21.019354838709678,11.329032258064515,2021-08-01,2021-08,19.44066282642089
Mexico,2021-09-01,311813.0,13089.0,18181.0,30,30,9,23.6345,False,warm,E2021,0.041977082417987706,19.62,11.329032258064515,2021-09-01,2021-09,19.44066282642089
Mexico,2021-10-01,142988.0,6703.0,10858.0,31,31,10,23.6345,False,transition,E2021,0.04687805969731726,18.0,11.329032258064515,2021-10-01,2021-10,19.44066282642089
Moldova,2020-04-01,3544.0,161.0,112.0,30,30,4,47.4116,False,transition,E2019,0.04542889390519187,10.85,23.924654377880188,2020-04-01,2020-04,12.686880103484517
Moldova,2020-05-01,4354.0,240.0,179.0,31,31,5,47.4116,False,warm,E2019,0.05512172714745062,13.716129032258063,23.924654377880188,2020-05-01,2020-05,12.686880103484517
Moldova,2020-06-01,8362.0,234.0,250.0,30,30,6,47.4116,False,warm,E2019,0.027983735948337717,20.8,23.924654377880188,2020-06-01,2020-06,12.686880103484517
Moldova,2020-07-01,8120.0,222.0,233.0,31,31,7,47.4116,False,warm,E2019,0.027339901477832513,22.59032258064516,23.924654377880188,2020-07-01,2020-07,12.686880103484517
Moldova,2020-08-01,12187.0,282.0,217.0,31,31,8,47.4116,False,warm,E2019,0.02313941084762452,22.79032258064516,23.924654377880188,2020-08-01,2020-08,12.686880103484517
Moldova,2020-09-01,16122.0,419.0,325.0,30,30,9,47.4116,False,warm,E2020,0.025989331348467933,19.243333333333332,23.924654377880188,2020-09-01,2020-09,12.686880103484517
Moldova,2020-10-01,22998.0,500.0,465.0,31,31,10,47.4116,False,transition,E2020,0.021741020958344202,13.838709677419354,23.924654377880188,2020-10-01,2020-10,12.686880103484517
Moldova,2020-11-01,31324.0,647.0,519.0,30,30,11,47.4116,False,cold,E2020,0.02065508874984038,4.806666666666667,23.924654377880188,2020-11-01,2020-11,12.686880103484517
Moldova,2020-12-01,37454.0,538.0,681.0,31,31,12,47.4116,False,cold,E2020,0.014364286858546484,1.9,23.924654377880188,2020-12-01,2020-12,12.686880103484517
Moldova,2021-01-01,14986.0,465.0,453.0,31,31,1,47.4116,False,cold,E2020,0.03102896036300547,-0.20000000000000004,23.924654377880188,2021-01-01,2021-01,12.686880103484517
Moldova,2021-02-01,25649.0,779.0,511.0,28,28,2,47.4116,False,cold,E2020,0.03037155444656712,-0.8214285714285714,23.924654377880188,2021-02-01,2021-02,12.686880103484517
Moldova,2021-03-01,44788.0,1084.0,1011.0,31,31,3,47.4116,False,cold,E2020,0.024202911494150218,2.883870967741936,23.924654377880188,2021-03-01,2021-03,12.686880103484517
Moldova,2021-04-01,20596.0,424.0,852.0,30,30,4,47.4116,False,transition,E2020,0.020586521654690233,7.716666666666667,23.924654377880188,2021-04-01,2021-04,12.686880103484517
Moldova,2021-05-01,4349.0,106.0,295.0,31,31,5,47.4116,False,warm,E2020,0.02437341917682226,14.67741935483871,23.924654377880188,2021-05-01,2021-05,12.686880103484517
Moldova,2021-06-01,1548.0,59.0,87.0,30,30,6,47.4116,False,warm,E2020,0.03811369509043928,19.34333333333333,23.924654377880188,2021-06-01,2021-06,12.686880103484517
Moldova,2021-07-01,2744.0,124.0,61.0,31,31,7,47.4116,False,warm,E2020,0.04518950437317784,23.103225806451615,23.924654377880188,2021-07-01,2021-07,12.686880103484517
Moldova,2021-08-01,8048.0,261.0,146.0,31,31,8,47.4116,False,warm,E2020,0.03243041749502982,20.822580645161292,23.924654377880188,2021-08-01,2021-08,12.686880103484517
Moldova,2021-09-01,26866.0,769.0,376.0,30,30,9,47.4116,False,warm,E2021,0.028623539045633885,14.276666666666667,23.924654377880188,2021-09-01,2021-09,12.686880103484517
Moldova,2021-10-01,43376.0,1448.0,1013.0,31,31,10,47.4116,False,transition,E2021,0.033382515676872004,8.712903225806452,23.924654377880188,2021-10-01,2021-10,12.686880103484517
Mongolia,2021-01-01,584.0,1.0,1.0,31,31,1,46.8625,False,cold,E2020,0.0017123287671232876,-16.25161290322581,35.68064516129032,2021-01-01,2021-01,3.8803494623655914
Mongolia,2021-02-01,1128.0,3.0,0.0,28,28,2,46.8625,False,cold,E2020,0.0026595744680851063,-7.425,35.68064516129032,2021-02-01,2021-02,3.8803494623655914
Mongolia,2021-03-01,5540.0,55.0,6.0,31,31,3,46.8625,False,cold,E2020,0.009927797833935019,-1.4903225806451612,35.68064516129032,2021-03-01,2021-03,3.8803494623655914
Mongolia,2021-04-01,27532.0,154.0,110.0,30,30,4,46.8625,False,transition,E2020,0.005593491210228098,1.1866666666666668,35.68064516129032,2021-04-01,2021-04,3.8803494623655914
Mongolia,2021-05-01,22460.0,205.0,135.0,31,31,5,46.8625,False,warm,E2020,0.0091273374888691,7.616129032258065,35.68064516129032,2021-05-01,2021-05,3.8803494623655914
Mongolia,2021-06-01,57039.0,236.0,243.0,30,30,6,46.8625,False,warm,E2020,0.004137519942495485,13.936666666666666,35.68064516129032,2021-06-01,2021-06,3.8803494623655914
Mongolia,2021-07-01,49669.0,134.0,217.0,31,31,7,46.8625,False,warm,E2020,0.0026978598320884254,17.112903225806452,35.68064516129032,2021-07-01,2021-07,3.8803494623655914
Mongolia,2021-08-01,48868.0,270.0,123.0,31,31,8,46.8625,False,warm,E2020,0.005525087992142097,13.848387096774195,35.68064516129032,2021-08-01,2021-08,3.8803494623655914
Mongolia,2021-09-01,168482.0,475.0,368.0,30,30,9,46.8625,False,warm,E2021,0.0028192922686102965,9.66,35.68064516129032,2021-09-01,2021-09,3.8803494623655914
Mongolia,2021-10-01,208303.0,333.0,457.0,31,31,10,46.8625,False,transition,E2021,0.0015986327609299913,0.6096774193548387,35.68064516129032,2021-10-01,2021-10,3.8803494623655914
Montenegro,2020-07-01,2525.0,47.0,36.0,31,31,7,42.708678,False,warm,E2019,0.018613861386138613,23.09032258064516,22.983870967741936,2020-07-01,2020-07,15.262828341013826
Montenegro,2020-08-01,1762.0,56.0,52.0,31,31,8,42.708678,False,warm,E2019,0.03178206583427923,23.509677419354837,22.983870967741936,2020-08-01,2020-08,15.262828341013826
Montenegro,2020-09-01,5937.0,112.0,69.0,30,30,9,42.708678,False,warm,E2020,0.01886474650496884,20.616666666666667,22.983870967741936,2020-09-01,2020-09,15.262828341013826
Montenegro,2020-10-01,7569.0,184.0,132.0,31,31,10,42.708678,False,transition,E2020,0.0243096842383406,14.23225806451613,22.983870967741936,2020-10-01,2020-10,15.262828341013826
Montenegro,2020-11-01,16924.0,196.0,198.0,30,30,11,42.708678,False,cold,E2020,0.011581186480737414,9.91,22.983870967741936,2020-11-01,2020-11,15.262828341013826
Montenegro,2020-12-01,12982.0,132.0,183.0,31,31,12,42.708678,False,cold,E2020,0.010167924818980127,7.709677419354839,22.983870967741936,2020-12-01,2020-12,15.262828341013826
Montenegro,2021-01-01,13412.0,188.0,123.0,31,31,1,42.708678,False,cold,E2020,0.014017297942141366,4.248387096774193,22.983870967741936,2021-01-01,2021-01,15.262828341013826
Montenegro,2021-02-01,14175.0,249.0,198.0,28,28,2,42.708678,False,cold,E2020,0.017566137566137566,6.614285714285714,22.983870967741936,2021-02-01,2021-02,15.262828341013826
Montenegro,2021-03-01,15384.0,245.0,271.0,31,31,3,42.708678,False,cold,E2020,0.01592563702548102,6.338709677419355,22.983870967741936,2021-03-01,2021-03,15.262828341013826
Montenegro,2021-04-01,6171.0,128.0,221.0,30,30,4,42.708678,False,transition,E2020,0.020742181169988657,9.72,22.983870967741936,2021-04-01,2021-04,15.262828341013826
Montenegro,2021-05-01,2234.0,33.0,89.0,31,31,5,42.708678,False,warm,E2020,0.01477170993733214,16.39032258064516,22.983870967741936,2021-05-01,2021-05,15.262828341013826
Montenegro,2021-06-01,629.0,19.0,29.0,30,30,6,42.708678,False,warm,E2020,0.030206677265500796,21.740000000000002,22.983870967741936,2021-06-01,2021-06,15.262828341013826
Montenegro,2021-07-01,1675.0,42.0,17.0,31,31,7,42.708678,False,warm,E2020,0.02507462686567164,24.861290322580647,22.983870967741936,2021-07-01,2021-07,15.262828341013826
Montenegro,2021-08-01,13458.0,202.0,94.0,31,31,8,42.708678,False,warm,E2020,0.015009659681973547,23.845161290322583,22.983870967741936,2021-08-01,2021-08,15.262828341013826
Montenegro,2021-09-01,16114.0,186.0,199.0,30,30,9,42.708678,False,warm,E2021,0.011542757850316495,18.833333333333332,22.983870967741936,2021-09-01,2021-09,15.262828341013826
Montenegro,2021-10-01,12815.0,191.0,180.0,31,31,10,42.708678,False,transition,E2021,0.014904408895825205,12.54516129032258,22.983870967741936,2021-10-01,2021-10,15.262828341013826
Morocco,2020-03-01,617.0,142.0,36.0,31,31,3,31.7917,False,cold,E2019,0.23014586709886548,14.480645161290322,21.79032258064516,2020-03-01,2020-03,20.84801420890937
Morocco,2020-04-01,3806.0,51.0,134.0,30,30,4,31.7917,False,transition,E2019,0.013399894902785077,16.12666666666667,21.79032258064516,2020-04-01,2020-04,20.84801420890937
Morocco,2020-05-01,3384.0,18.0,35.0,31,31,5,31.7917,False,warm,E2019,0.005319148936170213,22.096774193548388,21.79032258064516,2020-05-01,2020-05,20.84801420890937
Morocco,2020-06-01,4726.0,66.0,23.0,30,30,6,31.7917,False,warm,E2019,0.01396529834955565,23.84,21.79032258064516,2020-06-01,2020-06,20.84801420890937
Morocco,2020-07-01,11789.0,537.0,125.0,31,31,7,31.7917,False,warm,E2019,0.04555093731444567,31.661290322580644,21.79032258064516,2020-07-01,2020-07,20.84801420890937
Morocco,2020-08-01,38268.0,1038.0,788.0,31,31,8,31.7917,False,warm,E2019,0.027124490435873314,29.23225806451613,21.79032258064516,2020-08-01,2020-08,20.84801420890937
Morocco,2020-09-01,61063.0,1224.0,1053.0,30,30,9,31.7917,False,warm,E2020,0.020044871689894043,26.546666666666667,21.79032258064516,2020-09-01,2020-09,20.84801420890937
Morocco,2020-10-01,95431.0,2177.0,1501.0,31,31,10,31.7917,False,transition,E2020,0.02281229369911245,19.748387096774195,21.79032258064516,2020-10-01,2020-10,20.84801420890937
Morocco,2020-11-01,137252.0,1744.0,2151.0,30,30,11,31.7917,False,cold,E2020,0.012706554367149478,16.71333333333333,21.79032258064516,2020-11-01,2020-11,20.84801420890937
Morocco,2020-12-01,82857.0,1076.0,1542.0,31,31,12,31.7917,False,cold,E2020,0.012986229286602218,10.961290322580645,21.79032258064516,2020-12-01,2020-12,20.84801420890937
Morocco,2021-01-01,31964.0,478.0,887.0,31,31,1,31.7917,False,cold,E2020,0.014954323614065824,10.529032258064515,21.79032258064516,2021-01-01,2021-01,20.84801420890937
Morocco,2021-02-01,12497.0,213.0,348.0,28,28,2,31.7917,False,cold,E2020,0.017044090581739616,12.860714285714286,21.79032258064516,2021-02-01,2021-02,20.84801420890937
Morocco,2021-03-01,12443.0,202.0,195.0,31,31,3,31.7917,False,cold,E2020,0.016234027163867234,13.741935483870968,21.79032258064516,2021-03-01,2021-03,20.84801420890937
Morocco,2021-04-01,15152.0,146.0,205.0,30,30,4,31.7917,False,transition,E2020,0.009635691657866948,17.133333333333333,21.79032258064516,2021-04-01,2021-04,20.84801420890937
Morocco,2021-05-01,7967.0,129.0,124.0,31,31,5,31.7917,False,warm,E2020,0.01619179113844609,22.36774193548387,21.79032258064516,2021-05-01,2021-05,20.84801420890937
Morocco,2021-06-01,12145.0,254.0,149.0,30,30,6,31.7917,False,warm,E2020,0.02091395636064224,23.98,21.79032258064516,2021-06-01,2021-06,20.84801420890937
Morocco,2021-07-01,92167.0,2179.0,489.0,31,31,7,31.7917,False,warm,E2020,0.023641867479683616,30.4741935483871,21.79032258064516,2021-07-01,2021-07,20.84801420890937
Morocco,2021-08-01,237420.0,2332.0,2864.0,31,31,8,31.7917,False,warm,E2020,0.009822255917782833,27.270967741935483,21.79032258064516,2021-08-01,2021-08,20.84801420890937
Morocco,2021-09-01,72123.0,584.0,1618.0,30,30,9,31.7917,False,warm,E2021,0.008097278260748998,25.246666666666666,21.79032258064516,2021-09-01,2021-09,20.84801420890937
Morocco,2021-10-01,13074.0,168.0,401.0,31,31,10,31.7917,False,transition,E2021,0.012849931161083065,21.948387096774194,21.79032258064516,2021-10-01,2021-10,20.84801420890937
Mozambique,2020-06-01,635.0,6.0,4.0,30,30,6,-18.665695,True,cold,E2019,0.009448818897637795,20.563333333333333,9.162473118279571,2020-06-01,2020-06,23.37965121532484
Mozambique,2020-07-01,975.0,9.0,5.0,31,31,7,-18.665695,True,cold,E2019,0.009230769230769232,19.39032258064516,9.162473118279571,2020-07-01,2020-07,23.37965121532484
Mozambique,2020-08-01,2052.0,24.0,12.0,31,31,8,-18.665695,True,cold,E2019,0.011695906432748537,21.32903225806452,9.162473118279571,2020-08-01,2020-08,23.37965121532484
Mozambique,2020-09-01,4812.0,35.0,38.0,30,30,9,-18.665695,True,cold,E2020,0.007273482959268496,23.58,9.162473118279571,2020-09-01,2020-09,23.37965121532484
Mozambique,2020-10-01,4141.0,44.0,31.0,31,31,10,-18.665695,True,transition,E2020,0.010625452789181358,25.05806451612903,9.162473118279571,2020-10-01,2020-10,23.37965121532484
Mozambique,2020-11-01,2832.0,26.0,39.0,30,30,11,-18.665695,True,warm,E2020,0.009180790960451978,28.336666666666666,9.162473118279571,2020-11-01,2020-11,23.37965121532484
Mozambique,2020-12-01,2941.0,134.0,35.0,31,31,12,-18.665695,True,warm,E2020,0.045562733764025844,26.706451612903226,9.162473118279571,2020-12-01,2020-12,23.37965121532484
Mozambique,2021-01-01,20012.0,312.0,201.0,31,31,1,-18.665695,True,warm,E2020,0.01559064561263242,26.835483870967742,9.162473118279571,2021-01-01,2021-01,23.37965121532484
Mozambique,2021-02-01,20696.0,151.0,274.0,28,28,2,-18.665695,True,warm,E2020,0.00729609586393506,26.714285714285715,9.162473118279571,2021-02-01,2021-02,23.37965121532484
Mozambique,2021-03-01,8229.0,59.0,134.0,31,31,3,-18.665695,True,warm,E2020,0.007169765463604326,25.361290322580647,9.162473118279571,2021-03-01,2021-03,23.37965121532484
Mozambique,2021-04-01,2338.0,26.0,39.0,30,30,4,-18.665695,True,transition,E2020,0.011120615911035072,23.913333333333334,9.162473118279571,2021-04-01,2021-04,23.37965121532484
Mozambique,2021-05-01,878.0,17.0,22.0,31,31,5,-18.665695,True,cold,E2020,0.0193621867881549,21.467741935483872,9.162473118279571,2021-05-01,2021-05,23.37965121532484
Mozambique,2021-06-01,5609.0,342.0,42.0,30,30,6,-18.665695,True,cold,E2020,0.06097343555000891,20.023333333333333,9.162473118279571,2021-06-01,2021-06,23.37965121532484
Mozambique,2021-07-01,45624.0,595.0,556.0,31,31,7,-18.665695,True,cold,E2020,0.013041381728914607,19.55806451612903,9.162473118279571,2021-07-01,2021-07,23.37965121532484
Mozambique,2021-08-01,24288.0,118.0,430.0,31,31,8,-18.665695,True,cold,E2020,0.00485836627140975,20.961290322580645,9.162473118279571,2021-08-01,2021-08,23.37965121532484
Mozambique,2021-09-01,4407.0,24.0,53.0,30,30,9,-18.665695,True,cold,E2021,0.005445881552076242,23.016666666666666,9.162473118279571,2021-09-01,2021-09,23.37965121532484
Mozambique,2021-10-01,569.0,11.0,13.0,31,31,10,-18.665695,True,transition,E2021,0.019332161687170474,24.638709677419353,9.162473118279571,2021-10-01,2021-10,23.37965121532484
Nepal,2020-05-01,1515.0,20.0,8.0,31,31,5,28.1667,False,warm,E2019,0.013201320132013201,23.693548387096776,14.23548387096774,2020-05-01,2020-05,22.617307987711214
Nepal,2020-06-01,11992.0,17.0,21.0,30,30,6,28.1667,False,warm,E2019,0.0014176117411607739,25.403333333333332,14.23548387096774,2020-06-01,2020-06,22.617307987711214
Nepal,2020-07-01,6207.0,97.0,27.0,31,31,7,28.1667,False,warm,E2019,0.015627517319155793,25.861290322580647,14.23548387096774,2020-07-01,2020-07,22.617307987711214
Nepal,2020-08-01,19689.0,290.0,172.0,31,31,8,28.1667,False,warm,E2019,0.014729036517852607,26.654838709677417,14.23548387096774,2020-08-01,2020-08,22.617307987711214
Nepal,2020-09-01,38357.0,364.0,270.0,30,30,9,28.1667,False,warm,E2020,0.00948979325807545,25.34333333333333,14.23548387096774,2020-09-01,2020-09,22.617307987711214
Nepal,2020-10-01,92926.0,514.0,439.0,31,31,10,28.1667,False,transition,E2020,0.005531282956330844,23.9741935483871,14.23548387096774,2020-10-01,2020-10,22.617307987711214
Nepal,2020-11-01,62709.0,490.0,571.0,30,30,11,28.1667,False,cold,E2020,0.007813870417324467,18.28666666666667,14.23548387096774,2020-11-01,2020-11,22.617307987711214
Nepal,2020-12-01,27141.0,184.0,348.0,31,31,12,28.1667,False,cold,E2020,0.006779411222873144,14.587096774193547,14.23548387096774,2020-12-01,2020-12,22.617307987711214
Nepal,2021-01-01,10366.0,82.0,173.0,31,31,1,28.1667,False,cold,E2020,0.007910476557978005,14.129032258064516,14.23548387096774,2021-01-01,2021-01,22.617307987711214
Nepal,2021-02-01,3184.0,955.0,745.0,28,28,2,28.1667,False,cold,E2020,0.29993718592964824,16.289285714285715,14.23548387096774,2021-02-01,2021-02,22.617307987711214
Nepal,2021-03-01,3166.0,96.0,256.0,31,31,3,28.1667,False,cold,E2020,0.030322173089071383,20.661290322580644,14.23548387096774,2021-03-01,2021-03,22.617307987711214
Nepal,2021-04-01,45878.0,2912.0,249.0,30,30,4,28.1667,False,transition,E2020,0.06347268843454379,22.976666666666667,14.23548387096774,2021-04-01,2021-04,22.617307987711214
Nepal,2021-05-01,238115.0,2748.0,4107.0,31,31,5,28.1667,False,warm,E2020,0.011540642126703483,23.41290322580645,14.23548387096774,2021-05-01,2021-05,22.617307987711214
Nepal,2021-06-01,77503.0,865.0,1726.0,30,30,6,28.1667,False,warm,E2020,0.011160858289356541,25.503333333333334,14.23548387096774,2021-06-01,2021-06,22.617307987711214
Nepal,2021-07-01,56584.0,848.0,745.0,31,31,7,28.1667,False,warm,E2020,0.014986568641312032,26.116129032258065,14.23548387096774,2021-07-01,2021-07,22.617307987711214
Nepal,2021-08-01,67258.0,568.0,893.0,31,31,8,28.1667,False,warm,E2020,0.008445092033661424,25.6,14.23548387096774,2021-08-01,2021-08,22.617307987711214
Nepal,2021-09-01,32414.0,273.0,385.0,30,30,9,28.1667,False,warm,E2021,0.008422286666255321,25.476666666666667,14.23548387096774,2021-09-01,2021-09,22.617307987711214
Nepal,2021-10-01,17509.0,170.0,272.0,31,31,10,28.1667,False,transition,E2021,0.009709292363927122,23.141935483870967,14.23548387096774,2021-10-01,2021-10,22.617307987711214
Netherlands,2020-03-01,13676.0,3792.0,1040.0,31,31,3,51.62419146215896,False,cold,E2019,0.27727405674173733,6.729032258064516,17.219354838709677,2020-03-01,2020-03,12.203994239631337
Netherlands,2020-04-01,26301.0,1865.0,3771.0,30,30,4,51.62419146215896,False,transition,E2019,0.07090985133645109,11.59,17.219354838709677,2020-04-01,2020-04,12.203994239631337
Netherlands,2020-05-01,6761.0,315.0,1164.0,31,31,5,51.62419146215896,False,warm,E2019,0.046590741014642806,13.87741935483871,17.219354838709677,2020-05-01,2020-05,12.203994239631337
Netherlands,2020-06-01,3797.0,46.0,157.0,30,30,6,51.62419146215896,False,warm,E2019,0.012114827495391098,17.313333333333333,17.219354838709677,2020-06-01,2020-06,12.203994239631337
Netherlands,2020-07-01,4476.0,64.0,34.0,31,31,7,51.62419146215896,False,warm,E2019,0.014298480786416443,17.187096774193545,17.219354838709677,2020-07-01,2020-07,12.203994239631337
Netherlands,2020-08-01,18673.0,108.0,86.0,31,31,8,51.62419146215896,False,warm,E2019,0.005783751941305628,20.822580645161292,17.219354838709677,2020-08-01,2020-08,12.203994239631337
Netherlands,2020-09-01,55546.0,607.0,205.0,30,30,9,51.62419146215896,False,warm,E2020,0.01092787959529039,16.05,17.219354838709677,2020-09-01,2020-09,12.203994239631337
Netherlands,2020-10-01,237083.0,2012.0,1002.0,31,31,10,51.62419146215896,False,transition,E2020,0.008486479418600238,11.674193548387096,17.219354838709677,2020-10-01,2020-10,12.203994239631337
Netherlands,2020-11-01,169652.0,1660.0,1994.0,30,30,11,51.62419146215896,False,cold,E2020,0.009784735812133072,9.303333333333335,17.219354838709677,2020-11-01,2020-11,12.203994239631337
Netherlands,2020-12-01,280590.0,2833.0,2072.0,31,31,12,51.62419146215896,False,cold,E2020,0.010096582201789087,5.690322580645161,17.219354838709677,2020-12-01,2020-12,12.203994239631337
Netherlands,2021-01-01,178698.0,1901.0,2583.0,31,31,1,51.62419146215896,False,cold,E2020,0.010638059743253981,3.603225806451613,17.219354838709677,2021-01-01,2021-01,12.203994239631337
Netherlands,2021-02-01,112063.0,1071.0,1580.0,28,28,2,51.62419146215896,False,cold,E2020,0.009557124117683802,4.482142857142857,17.219354838709677,2021-02-01,2021-02,12.203994239631337
Netherlands,2021-03-01,193307.0,791.0,1001.0,31,31,3,51.62419146215896,False,cold,E2020,0.004091936660338218,6.5,17.219354838709677,2021-03-01,2021-03,12.203994239631337
Netherlands,2021-04-01,228095.0,588.0,709.0,30,30,4,51.62419146215896,False,transition,E2020,0.0025778732545649837,6.59,17.219354838709677,2021-04-01,2021-04,12.203994239631337
Netherlands,2021-05-01,150336.0,218.0,499.0,31,31,5,51.62419146215896,False,warm,E2020,0.0014500851426138782,11.229032258064517,17.219354838709677,2021-05-01,2021-05,12.203994239631337
Netherlands,2021-06-01,34508.0,64.0,131.0,30,30,6,51.62419146215896,False,warm,E2020,0.0018546424017619103,17.923333333333336,17.219354838709677,2021-06-01,2021-06,12.203994239631337
Netherlands,2021-07-01,184075.0,196.0,86.0,31,31,7,51.62419146215896,False,warm,E2020,0.0010647833763411652,17.63225806451613,17.219354838709677,2021-07-01,2021-07,12.203994239631337
Netherlands,2021-08-01,81620.0,256.0,254.0,31,31,8,51.62419146215896,False,warm,E2020,0.00313648615535408,16.9741935483871,17.219354838709677,2021-08-01,2021-08,12.203994239631337
Netherlands,2021-09-01,63875.0,193.0,216.0,30,30,9,51.62419146215896,False,warm,E2021,0.003021526418786693,16.66,17.219354838709677,2021-09-01,2021-09,12.203994239631337
Netherlands,2021-10-01,136542.0,694.0,266.0,31,31,10,51.62419146215896,False,transition,E2021,0.0050826851811164335,12.248387096774193,17.219354838709677,2021-10-01,2021-10,12.203994239631337
New Zealand,2020-03-01,646.0,18.0,1.0,31,31,3,-40.831033300225286,True,warm,E2019,0.02786377708978328,16.116129032258065,8.248387096774193,2020-03-01,2020-03,13.323505376344087
New Zealand,2020-04-01,832.0,4.0,19.0,30,30,4,-40.831033300225286,True,transition,E2019,0.004807692307692308,14.936666666666667,8.248387096774193,2020-04-01,2020-04,13.323505376344087
New Zealand,2021-08-01,696.0,1.0,1.0,31,31,8,-40.831033300225286,True,cold,E2020,0.0014367816091954023,10.893548387096773,8.248387096774193,2021-08-01,2021-08,13.323505376344087
New Zealand,2021-09-01,722.0,1.0,0.0,30,30,9,-40.831033300225286,True,cold,E2021,0.0013850415512465374,11.406666666666666,8.248387096774193,2021-09-01,2021-09,13.323505376344087
New Zealand,2021-10-01,2303.0,11.0,2.0,31,31,10,-40.831033300225286,True,transition,E2021,0.004776378636561007,13.264516129032257,8.248387096774193,2021-10-01,2021-10,13.323505376344087
Nigeria,2020-04-01,1797.0,189.0,56.0,30,30,4,9.082,False,transition,E2019,0.10517529215358931,28.436666666666667,6.20010752688172,2020-04-01,2020-04,25.551864742501415
Nigeria,2020-05-01,8230.0,307.0,229.0,31,31,5,9.082,False,warm,E2019,0.03730255164034022,26.845161290322583,6.20010752688172,2020-05-01,2020-05,25.551864742501415
Nigeria,2020-06-01,15532.0,287.0,303.0,30,30,6,9.082,False,warm,E2019,0.018477980942570176,25.15666666666667,6.20010752688172,2020-06-01,2020-06,25.551864742501415
Nigeria,2020-07-01,17457.0,191.0,289.0,31,31,7,9.082,False,warm,E2019,0.010941169731339864,23.225806451612904,6.20010752688172,2020-07-01,2020-07,25.551864742501415
Nigeria,2020-08-01,10857.0,104.0,134.0,31,31,8,9.082,False,warm,E2019,0.009579073408860644,23.12258064516129,6.20010752688172,2020-08-01,2020-08,25.551864742501415
Nigeria,2020-09-01,4840.0,25.0,99.0,30,30,9,9.082,False,warm,E2020,0.005165289256198347,23.006666666666668,6.20010752688172,2020-09-01,2020-09,25.551864742501415
Nigeria,2020-10-01,4005.0,41.0,32.0,31,31,10,9.082,False,transition,E2020,0.010237203495630462,24.567741935483873,6.20010752688172,2020-10-01,2020-10,25.551864742501415
Nigeria,2020-11-01,4704.0,61.0,29.0,30,30,11,9.082,False,cold,E2020,0.012967687074829932,26.36,6.20010752688172,2020-11-01,2020-11,25.551864742501415
Nigeria,2020-12-01,20050.0,258.0,116.0,31,31,12,9.082,False,cold,E2020,0.012867830423940149,26.34193548387097,6.20010752688172,2020-12-01,2020-12,25.551864742501415
Nigeria,2021-01-01,43635.0,354.0,297.0,31,31,1,9.082,False,cold,E2020,0.00811275352354761,26.822580645161292,6.20010752688172,2021-01-01,2021-01,25.551864742501415
Nigeria,2021-02-01,24415.0,191.0,321.0,28,28,2,9.082,False,cold,E2020,0.00782305959451157,27.425,6.20010752688172,2021-02-01,2021-02,25.551864742501415
Nigeria,2021-03-01,7234.0,31.0,150.0,31,31,3,9.082,False,cold,E2020,0.004285319325407796,28.69677419354839,6.20010752688172,2021-03-01,2021-03,25.551864742501415
Nigeria,2021-04-01,2219.0,6.0,6.0,30,30,4,9.082,False,transition,E2020,0.0027039206849932404,28.796666666666667,6.20010752688172,2021-04-01,2021-04,25.551864742501415
Nigeria,2021-05-01,1408.0,51.0,36.0,31,31,5,9.082,False,warm,E2020,0.03622159090909091,26.64516129032258,6.20010752688172,2021-05-01,2021-05,25.551864742501415
Nigeria,2021-06-01,1100.0,10.0,21.0,30,30,6,9.082,False,warm,E2020,0.00909090909090909,24.776666666666664,6.20010752688172,2021-06-01,2021-06,25.551864742501415
Nigeria,2021-07-01,6290.0,119.0,29.0,31,31,7,9.082,False,warm,E2020,0.01891891891891892,23.293548387096774,6.20010752688172,2021-07-01,2021-07,25.551864742501415
Nigeria,2021-08-01,18523.0,417.0,320.0,31,31,8,9.082,False,warm,E2020,0.022512551962425093,23.164516129032258,6.20010752688172,2021-08-01,2021-08,25.551864742501415
Nigeria,2021-09-01,13348.0,186.0,252.0,30,30,9,9.082,False,warm,E2021,0.013934671860952952,23.740000000000002,6.20010752688172,2021-09-01,2021-09,25.551864742501415
Nigeria,2021-10-01,6182.0,124.0,175.0,31,31,10,9.082,False,transition,E2021,0.020058233581365253,25.061290322580643,6.20010752688172,2021-10-01,2021-10,25.551864742501415
North Macedonia,2020-04-01,1136.0,56.0,68.0,30,30,4,41.6086,False,transition,E2019,0.04929577464788732,11.963333333333333,25.43548387096774,2020-04-01,2020-04,15.541927376685443
North Macedonia,2020-05-01,761.0,127.0,56.0,31,31,5,41.6086,False,warm,E2019,0.16688567674113008,17.96451612903226,25.43548387096774,2020-05-01,2020-05,15.541927376685443
North Macedonia,2020-06-01,4108.0,194.0,169.0,30,30,6,41.6086,False,warm,E2019,0.047224926971762414,21.636666666666667,25.43548387096774,2020-06-01,2020-06,15.541927376685443
North Macedonia,2020-07-01,4420.0,125.0,184.0,31,31,7,41.6086,False,warm,E2019,0.02828054298642534,25.461290322580645,25.43548387096774,2020-07-01,2020-07,15.541927376685443
North Macedonia,2020-08-01,3587.0,143.0,117.0,31,31,8,41.6086,False,warm,E2019,0.03986618344020072,24.116129032258065,25.43548387096774,2020-08-01,2020-08,15.541927376685443
North Macedonia,2020-09-01,3636.0,162.0,136.0,30,30,9,41.6086,False,warm,E2020,0.04455445544554455,21.8,25.43548387096774,2020-09-01,2020-09,15.541927376685443
North Macedonia,2020-10-01,13595.0,625.0,255.0,31,31,10,41.6086,False,transition,E2020,0.04597278411180581,14.680645161290323,25.43548387096774,2020-10-01,2020-10,15.541927376685443
North Macedonia,2020-11-01,30306.0,827.0,769.0,30,30,11,41.6086,False,cold,E2020,0.02728832574407708,8.286666666666667,25.43548387096774,2020-11-01,2020-11,15.541927376685443
North Macedonia,2020-12-01,21451.0,440.0,740.0,31,31,12,41.6086,False,cold,E2020,0.02051186424875297,5.796774193548386,25.43548387096774,2020-12-01,2020-12,15.541927376685443
North Macedonia,2021-01-01,9364.0,309.0,352.0,31,31,1,41.6086,False,cold,E2020,0.032998718496369074,3.490322580645161,25.43548387096774,2021-01-01,2021-01,15.541927376685443
North Macedonia,2021-02-01,10094.0,410.0,282.0,28,28,2,41.6086,False,cold,E2020,0.04061818902318209,5.060714285714285,25.43548387096774,2021-02-01,2021-02,15.541927376685443
North Macedonia,2021-03-01,27235.0,1083.0,644.0,31,31,3,41.6086,False,cold,E2020,0.03976500826142831,5.316129032258065,25.43548387096774,2021-03-01,2021-03,15.541927376685443
North Macedonia,2021-04-01,22345.0,724.0,1074.0,30,30,4,41.6086,False,transition,E2020,0.03240098456030432,10.773333333333333,25.43548387096774,2021-04-01,2021-04,15.541927376685443
North Macedonia,2021-05-01,2905.0,197.0,558.0,31,31,5,41.6086,False,warm,E2020,0.06781411359724612,18.677419354838708,25.43548387096774,2021-05-01,2021-05,15.541927376685443
North Macedonia,2021-07-01,696.0,166.0,9.0,31,31,7,41.6086,False,warm,E2020,0.23850574712643677,27.051612903225806,25.43548387096774,2021-07-01,2021-07,15.541927376685443
North Macedonia,2021-08-01,20114.0,835.0,445.0,31,31,8,41.6086,False,warm,E2020,0.04151337376951377,26.583870967741937,25.43548387096774,2021-08-01,2021-08,15.541927376685443
North Macedonia,2021-09-01,14914.0,523.0,730.0,30,30,9,41.6086,False,warm,E2021,0.035067721603862144,19.553333333333335,25.43548387096774,2021-09-01,2021-09,15.541927376685443
North Macedonia,2021-10-01,11144.0,424.0,464.0,31,31,10,41.6086,False,transition,E2021,0.03804737975592247,11.541935483870969,25.43548387096774,2021-10-01,2021-10,15.541927376685443
Norway,2020-03-01,4626.0,175.0,39.0,31,31,3,60.472,False,cold,E2019,0.03782965845222654,-2.4387096774193546,26.548387096774192,2020-03-01,2020-03,3.577757296466974
Norway,2020-04-01,3097.0,53.0,171.0,30,30,4,60.472,False,transition,E2019,0.01711333548595415,0.44,26.548387096774192,2020-04-01,2020-04,3.577757296466974
Norway,2020-05-01,702.0,9.0,26.0,31,31,5,60.472,False,warm,E2019,0.01282051282051282,3.861290322580645,26.548387096774192,2020-05-01,2020-05,3.577757296466974
Norway,2020-08-01,1542.0,3.0,9.0,31,31,8,60.472,False,warm,E2019,0.0019455252918287938,13.064516129032258,26.548387096774192,2020-08-01,2020-08,3.577757296466974
Norway,2020-09-01,3245.0,12.0,10.0,30,30,9,60.472,False,warm,E2020,0.0036979969183359015,8.32,26.548387096774192,2020-09-01,2020-09,3.577757296466974
Norway,2020-10-01,6304.0,27.0,8.0,31,31,10,60.472,False,transition,E2020,0.004282994923857868,3.616129032258064,26.548387096774192,2020-10-01,2020-10,3.577757296466974
Norway,2020-11-01,15819.0,99.0,50.0,30,30,11,60.472,False,cold,E2020,0.006258296984638726,1.5266666666666666,26.548387096774192,2020-11-01,2020-11,3.577757296466974
Norway,2020-12-01,13417.0,139.0,104.0,31,31,12,60.472,False,cold,E2020,0.01035999105612283,-1.9,26.548387096774192,2020-12-01,2020-12,3.577757296466974
Norway,2021-01-01,13399.0,63.0,128.0,31,31,1,60.472,False,cold,E2020,0.004701843421150832,-11.274193548387096,26.548387096774192,2021-01-01,2021-01,3.577757296466974
Norway,2021-02-01,8040.0,41.0,58.0,28,28,2,60.472,False,cold,E2020,0.005099502487562189,-9.157142857142857,26.548387096774192,2021-02-01,2021-02,3.577757296466974
Norway,2021-03-01,25073.0,86.0,51.0,31,31,3,60.472,False,cold,E2020,0.0034299844454193755,-1.729032258064516,26.548387096774192,2021-03-01,2021-03,3.577757296466974
Norway,2021-04-01,16891.0,47.0,83.0,30,30,4,60.472,False,transition,E2020,0.0027825469184772954,-0.31666666666666665,26.548387096774192,2021-04-01,2021-04,3.577757296466974
Norway,2021-05-01,12146.0,9.0,27.0,31,31,5,60.472,False,warm,E2020,0.0007409846863164828,5.680645161290323,26.548387096774192,2021-05-01,2021-05,3.577757296466974
Norway,2021-06-01,6200.0,9.0,11.0,30,30,6,60.472,False,warm,E2020,0.0014516129032258066,13.333333333333334,26.548387096774192,2021-06-01,2021-06,3.577757296466974
Norway,2021-07-01,6311.0,12.0,5.0,31,31,7,60.472,False,warm,E2020,0.0019014419267944858,15.274193548387096,26.548387096774192,2021-07-01,2021-07,3.577757296466974
Norway,2021-08-01,22547.0,30.0,15.0,31,31,8,60.472,False,warm,E2020,0.0013305539539628332,11.770967741935483,26.548387096774192,2021-08-01,2021-08,3.577757296466974
Norway,2021-09-01,29257.0,52.0,47.0,30,30,9,60.472,False,warm,E2021,0.0017773524284786547,9.556666666666667,26.548387096774192,2021-09-01,2021-09,3.577757296466974
Norway,2021-10-01,17849.0,106.0,39.0,31,31,10,60.472,False,transition,E2021,0.005938708050871197,4.770967741935484,26.548387096774192,2021-10-01,2021-10,3.577757296466974
Oman,2020-04-01,2156.0,23.0,10.0,30,30,4,21.512583,False,transition,E2019,0.010667903525046383,32.63666666666667,17.716129032258067,2020-04-01,2020-04,32.372641280620904
Oman,2020-05-01,9089.0,100.0,38.0,31,31,5,21.512583,False,warm,E2019,0.011002310485201892,35.86451612903225,17.716129032258067,2020-05-01,2020-05,32.372641280620904
Oman,2020-06-01,28633.0,206.0,127.0,30,30,6,21.512583,False,warm,E2019,0.0071944958614186426,38.1,17.716129032258067,2020-06-01,2020-06,32.372641280620904
Oman,2020-07-01,39089.0,272.0,245.0,31,31,7,21.512583,False,warm,E2019,0.006958479367597022,36.95483870967742,17.716129032258067,2020-07-01,2020-07,32.372641280620904
Oman,2020-08-01,6563.0,244.0,264.0,31,31,8,21.512583,False,warm,E2019,0.03717811976230383,38.39677419354839,17.716129032258067,2020-08-01,2020-08,32.372641280620904
Oman,2020-09-01,12863.0,284.0,250.0,30,30,9,21.512583,False,warm,E2020,0.022078830754878334,34.086666666666666,17.716129032258067,2020-09-01,2020-09,32.372641280620904
Oman,2020-10-01,15849.0,228.0,273.0,31,31,10,21.512583,False,transition,E2020,0.014385765663448798,30.387096774193548,17.716129032258067,2020-10-01,2020-10,32.372641280620904
Oman,2020-11-01,9265.0,124.0,215.0,30,30,11,21.512583,False,cold,E2020,0.013383702104695088,26.373333333333335,17.716129032258067,2020-11-01,2020-11,32.372641280620904
Oman,2020-12-01,5168.0,28.0,76.0,31,31,12,21.512583,False,cold,E2020,0.005417956656346749,22.43548387096774,17.716129032258067,2020-12-01,2020-12,32.372641280620904
Oman,2021-01-01,5459.0,35.0,30.0,31,31,1,21.512583,False,cold,E2020,0.0064114306649569516,20.68064516129032,17.716129032258067,2021-01-01,2021-01,32.372641280620904
Oman,2021-02-01,7170.0,70.0,41.0,28,28,2,21.512583,False,cold,E2020,0.009762900976290097,23.678571428571427,17.716129032258067,2021-02-01,2021-02,32.372641280620904
Oman,2021-03-01,17722.0,304.0,108.0,31,31,3,21.512583,False,cold,E2020,0.017153820110596997,29.509677419354837,17.716129032258067,2021-03-01,2021-03,32.372641280620904
Oman,2021-04-01,34035.0,313.0,332.0,30,30,4,21.512583,False,transition,E2020,0.009196415454679007,32.18,17.716129032258067,2021-04-01,2021-04,32.372641280620904
Oman,2021-05-01,23971.0,502.0,335.0,31,31,5,21.512583,False,warm,E2020,0.020941971548954986,35.900000000000006,17.716129032258067,2021-05-01,2021-05,32.372641280620904
Oman,2021-06-01,51321.0,757.0,755.0,30,30,6,21.512583,False,warm,E2020,0.014750297149315096,37.419999999999995,17.716129032258067,2021-06-01,2021-06,32.372641280620904
Oman,2021-07-01,27312.0,522.0,714.0,31,31,7,21.512583,False,warm,E2020,0.019112478031634447,36.68709677419355,17.716129032258067,2021-07-01,2021-07,32.372641280620904
Oman,2021-08-01,6443.0,73.0,250.0,31,31,8,21.512583,False,warm,E2020,0.011330125717833307,36.690322580645166,17.716129032258067,2021-08-01,2021-08,32.372641280620904
Oman,2021-09-01,1469.0,14.0,32.0,30,30,9,21.512583,False,warm,E2021,0.009530292716133424,35.45333333333333,17.716129032258067,2021-09-01,2021-09,32.372641280620904
Oman,2021-10-01,522.0,6.0,15.0,31,31,10,21.512583,False,transition,E2021,0.011494252873563218,31.64516129032258,17.716129032258067,2021-10-01,2021-10,32.372641280620904
Pakistan,2020-03-01,2114.0,207.0,27.0,31,31,3,30.3753,False,cold,E2019,0.097918637653737,12.329032258064515,24.070967741935483,2020-03-01,2020-03,21.927395161290324
Pakistan,2020-04-01,15996.0,855.0,390.0,30,30,4,30.3753,False,transition,E2019,0.05345086271567892,20.41,24.070967741935483,2020-04-01,2020-04,21.927395161290324
Pakistan,2020-05-01,54346.0,2523.0,1126.0,31,31,5,30.3753,False,warm,E2019,0.046424759871931696,25.938709677419357,24.070967741935483,2020-05-01,2020-05,21.927395161290324
Pakistan,2020-06-01,141010.0,2087.0,2852.0,30,30,6,30.3753,False,warm,E2019,0.01480036876817247,29.58,24.070967741935483,2020-06-01,2020-06,21.927395161290324
Pakistan,2020-07-01,64835.0,542.0,1556.0,31,31,7,30.3753,False,warm,E2019,0.008359682270378654,29.274193548387096,24.070967741935483,2020-07-01,2020-07,21.927395161290324
Pakistan,2020-08-01,17544.0,205.0,343.0,31,31,8,30.3753,False,warm,E2019,0.011684906520747834,28.003225806451614,24.070967741935483,2020-08-01,2020-08,21.927395161290324
Pakistan,2020-09-01,16957.0,278.0,190.0,30,30,9,30.3753,False,warm,E2020,0.016394409388453147,26.326666666666664,24.070967741935483,2020-09-01,2020-09,21.927395161290324
Pakistan,2020-10-01,21164.0,960.0,339.0,31,31,10,30.3753,False,transition,E2020,0.04536004536004536,20.23225806451613,24.070967741935483,2020-10-01,2020-10,21.927395161290324
Pakistan,2020-11-01,66512.0,1812.0,1268.0,30,30,11,30.3753,False,cold,E2020,0.02724320423382247,13.110000000000001,24.070967741935483,2020-11-01,2020-11,21.927395161290324
Pakistan,2020-12-01,81696.0,1730.0,2085.0,31,31,12,30.3753,False,cold,E2020,0.021176067371719547,8.858064516129033,24.070967741935483,2020-12-01,2020-12,21.927395161290324
Pakistan,2021-01-01,64250.0,1413.0,1507.0,31,31,1,30.3753,False,cold,E2020,0.021992217898832683,8.316129032258065,24.070967741935483,2021-01-01,2021-01,21.927395161290324
Pakistan,2021-02-01,34937.0,1246.0,1213.0,28,28,2,30.3753,False,cold,E2020,0.035664195551993585,14.075000000000001,24.070967741935483,2021-02-01,2021-02,21.927395161290324
Pakistan,2021-03-01,91566.0,2835.0,1634.0,31,31,3,30.3753,False,cold,E2020,0.030961273835266364,18.387096774193548,24.070967741935483,2021-03-01,2021-03,21.927395161290324
Pakistan,2021-04-01,152588.0,3479.0,3427.0,30,30,4,30.3753,False,transition,E2020,0.022799958056990064,22.15666666666667,24.070967741935483,2021-04-01,2021-04,21.927395161290324
Pakistan,2021-05-01,97305.0,1857.0,2893.0,31,31,5,30.3753,False,warm,E2020,0.01908432249113612,26.416129032258063,24.070967741935483,2021-05-01,2021-05,21.927395161290324
Pakistan,2021-06-01,35584.0,894.0,1471.0,30,30,6,30.3753,False,warm,E2020,0.02512365107913669,29.333333333333332,24.070967741935483,2021-06-01,2021-06,21.927395161290324
Pakistan,2021-07-01,76429.0,1995.0,1101.0,31,31,7,30.3753,False,warm,E2020,0.02610265736827644,29.693548387096776,24.070967741935483,2021-07-01,2021-07,21.927395161290324
Pakistan,2021-08-01,128851.0,2451.0,2467.0,31,31,8,30.3753,False,warm,E2020,0.019021971113922283,28.551612903225806,24.070967741935483,2021-08-01,2021-08,21.927395161290324
Pakistan,2021-09-01,82850.0,970.0,1896.0,30,30,9,30.3753,False,warm,E2021,0.011707905853952927,26.543333333333333,24.070967741935483,2021-09-01,2021-09,21.927395161290324
Pakistan,2021-10-01,27022.0,319.0,671.0,31,31,10,30.3753,False,transition,E2021,0.011805195766412552,21.01290322580645,24.070967741935483,2021-10-01,2021-10,21.927395161290324
Panama,2020-03-01,1181.0,135.0,30.0,31,31,3,8.538,False,cold,E2019,0.1143099068585944,19.06451612903226,2.28387096774194,2020-03-01,2020-03,19.38829877112135
Panama,2020-04-01,5351.0,155.0,158.0,30,30,4,8.538,False,transition,E2019,0.02896654830872734,20.09,2.28387096774194,2020-04-01,2020-04,19.38829877112135
Panama,2020-05-01,6931.0,210.0,148.0,31,31,5,8.538,False,warm,E2019,0.030298658202279612,20.312903225806455,2.28387096774194,2020-05-01,2020-05,19.38829877112135
Panama,2020-06-01,20087.0,658.0,295.0,30,30,6,8.538,False,warm,E2019,0.0327575048538856,19.853333333333335,2.28387096774194,2020-06-01,2020-06,19.38829877112135
Panama,2020-07-01,31706.0,700.0,790.0,31,31,7,8.538,False,warm,E2019,0.022077840156437267,19.67096774193548,2.28387096774194,2020-07-01,2020-07,19.38829877112135
Panama,2020-08-01,27726.0,413.0,581.0,31,31,8,8.538,False,warm,E2019,0.014895765707278366,19.68064516129032,2.28387096774194,2020-08-01,2020-08,19.38829877112135
Panama,2020-09-01,19613.0,325.0,370.0,30,30,9,8.538,False,warm,E2020,0.01657064192117473,19.396666666666665,2.28387096774194,2020-09-01,2020-09,19.38829877112135
Panama,2020-10-01,21003.0,349.0,328.0,31,31,10,8.538,False,transition,E2020,0.016616673808503547,19.467741935483872,2.28387096774194,2020-10-01,2020-10,19.38829877112135
Panama,2020-11-01,32208.0,651.0,379.0,30,30,11,8.538,False,cold,E2020,0.0202123695976155,18.84,2.28387096774194,2020-11-01,2020-11,19.38829877112135
Panama,2020-12-01,80984.0,1347.0,943.0,31,31,12,8.538,False,cold,E2020,0.016632915143732094,18.793548387096774,2.28387096774194,2020-12-01,2020-12,19.38829877112135
Panama,2021-01-01,73589.0,798.0,1248.0,31,31,1,8.538,False,cold,E2020,0.010844012012664937,18.596774193548388,2.28387096774194,2021-01-01,2021-01,19.38829877112135
Panama,2021-02-01,20536.0,302.0,575.0,28,28,2,8.538,False,cold,E2020,0.014705882352941176,18.942857142857143,2.28387096774194,2021-02-01,2021-02,19.38829877112135
Panama,2021-03-01,14136.0,152.0,269.0,31,31,3,8.538,False,cold,E2020,0.010752688172043012,18.725806451612904,2.28387096774194,2021-03-01,2021-03,19.38829877112135
Panama,2021-04-01,9525.0,125.0,118.0,30,30,4,8.538,False,transition,E2020,0.013123359580052493,19.509999999999998,2.28387096774194,2021-04-01,2021-04,19.38829877112135
Panama,2021-05-01,13521.0,156.0,139.0,31,31,5,8.538,False,warm,E2020,0.011537608165076547,19.529032258064515,2.28387096774194,2021-05-01,2021-05,19.38829877112135
Panama,2021-06-01,25681.0,246.0,174.0,30,30,6,8.538,False,warm,E2020,0.009579066235738483,19.466666666666665,2.28387096774194,2021-06-01,2021-06,19.38829877112135
Panama,2021-07-01,31877.0,280.0,278.0,31,31,7,8.538,False,warm,E2020,0.008783762587445494,19.76451612903226,2.28387096774194,2021-07-01,2021-07,19.38829877112135
Panama,2021-08-01,21832.0,175.0,238.0,31,31,8,8.538,False,warm,E2020,0.008015756687431293,19.374193548387098,2.28387096774194,2021-08-01,2021-08,19.38829877112135
Panama,2021-09-01,9626.0,125.0,167.0,30,30,9,8.538,False,warm,E2021,0.012985663827134843,19.459999999999997,2.28387096774194,2021-09-01,2021-09,19.38829877112135
Panama,2021-10-01,5551.0,50.0,87.0,31,31,10,8.538,False,transition,E2021,0.009007386056566384,19.225806451612904,2.28387096774194,2021-10-01,2021-10,19.38829877112135
Paraguay,2020-05-01,720.0,2.0,1.0,31,31,5,-23.4425,True,cold,E2019,0.002777777777777778,20.948387096774194,13.74387096774193,2020-05-01,2020-05,23.841887694145758
Paraguay,2020-06-01,1235.0,22.0,6.0,30,30,6,-23.4425,True,cold,E2019,0.017813765182186234,21.34333333333333,13.74387096774193,2020-06-01,2020-06,23.841887694145758
Paraguay,2020-07-01,3117.0,147.0,32.0,31,31,7,-23.4425,True,cold,E2019,0.04716073147256978,19.83225806451613,13.74387096774193,2020-07-01,2020-07,23.841887694145758
Paraguay,2020-08-01,12324.0,494.0,277.0,31,31,8,-23.4425,True,cold,E2019,0.04008438818565401,22.52258064516129,13.74387096774193,2020-08-01,2020-08,23.841887694145758
Paraguay,2020-09-01,23096.0,574.0,531.0,30,30,9,-23.4425,True,cold,E2020,0.02485278836162106,24.58,13.74387096774193,2020-09-01,2020-09,23.841887694145758
Paraguay,2020-10-01,22427.0,402.0,547.0,31,31,10,-23.4425,True,transition,E2020,0.017924822758282426,28.293548387096774,13.74387096774193,2020-10-01,2020-10,23.841887694145758
Paraguay,2020-11-01,19239.0,451.0,352.0,30,30,11,-23.4425,True,warm,E2020,0.023441966838193252,26.88,13.74387096774193,2020-11-01,2020-11,23.841887694145758
Paraguay,2020-12-01,25508.0,468.0,506.0,31,31,12,-23.4425,True,warm,E2020,0.018347185196801005,27.58709677419355,13.74387096774193,2020-12-01,2020-12,23.841887694145758
Paraguay,2021-01-01,25295.0,494.0,457.0,31,31,1,-23.4425,True,warm,E2020,0.019529551294722277,27.31935483870968,13.74387096774193,2021-01-01,2021-01,23.841887694145758
Paraguay,2021-02-01,26247.0,665.0,462.0,28,28,2,-23.4425,True,warm,E2020,0.025336228902350745,26.75,13.74387096774193,2021-02-01,2021-02,23.841887694145758
Paraguay,2021-03-01,55193.0,1831.0,1025.0,31,31,3,-23.4425,True,warm,E2020,0.03317449676589423,26.59032258064516,13.74387096774193,2021-03-01,2021-03,23.841887694145758
Paraguay,2021-04-01,64410.0,2554.0,2179.0,30,30,4,-23.4425,True,transition,E2020,0.03965222791492004,24.39,13.74387096774193,2021-04-01,2021-04,23.841887694145758
Paraguay,2021-05-01,76307.0,3628.0,2801.0,31,31,5,-23.4425,True,cold,E2020,0.047544786192616664,20.870967741935484,13.74387096774193,2021-05-01,2021-05,23.841887694145758
Paraguay,2021-06-01,67898.0,2703.0,3709.0,30,30,6,-23.4425,True,cold,E2020,0.039809714571857786,18.55,13.74387096774193,2021-06-01,2021-06,23.841887694145758
Paraguay,2021-07-01,29106.0,1104.0,2086.0,31,31,7,-23.4425,True,cold,E2020,0.03793032364460936,19.07741935483871,13.74387096774193,2021-07-01,2021-07,23.841887694145758
Paraguay,2021-08-01,6140.0,582.0,786.0,31,31,8,-23.4425,True,cold,E2020,0.09478827361563517,21.503225806451614,13.74387096774193,2021-08-01,2021-08,23.841887694145758
Paraguay,2021-09-01,1439.0,97.0,431.0,30,30,9,-23.4425,True,cold,E2021,0.06740792216817235,27.18,13.74387096774193,2021-09-01,2021-09,23.841887694145758
Paraguay,2021-10-01,1039.0,125.0,48.0,31,31,10,-23.4425,True,transition,E2021,0.12030798845043311,24.93548387096774,13.74387096774193,2021-10-01,2021-10,23.841887694145758
Peru,2020-03-01,1065.0,2169.0,138.0,31,31,3,-9.19,True,warm,E2019,2.036619718309859,25.448387096774194,2.6179569892473147,2020-03-01,2020-03,24.781548003072196
Peru,2020-04-01,35911.0,12857.0,4644.0,30,30,4,-9.19,True,transition,E2019,0.35802400378714044,25.040000000000003,2.6179569892473147,2020-04-01,2020-04,24.781548003072196
Peru,2020-05-01,127500.0,18284.0,15928.0,31,31,5,-9.19,True,cold,E2019,0.14340392156862744,24.129032258064516,2.6179569892473147,2020-05-01,2020-05,24.781548003072196
Peru,2020-06-01,120737.0,16535.0,17188.0,30,30,6,-9.19,True,cold,E2019,0.13695056196526334,24.506666666666668,2.6179569892473147,2020-06-01,2020-06,24.781548003072196
Peru,2020-07-01,122279.0,18916.0,18084.0,31,31,7,-9.19,True,cold,E2019,0.15469540967786782,23.93548387096774,2.6179569892473147,2020-07-01,2020-07,24.781548003072196
Peru,2020-08-01,239674.0,11454.0,17630.0,31,31,8,-9.19,True,cold,E2019,0.04778991463404458,24.677419354838708,2.6179569892473147,2020-08-01,2020-08,24.781548003072196
Peru,2020-09-01,164602.0,5110.0,8523.0,30,30,9,-9.19,True,cold,E2020,0.031044580260264153,25.540000000000003,2.6179569892473147,2020-09-01,2020-09,24.781548003072196
Peru,2020-10-01,88412.0,3243.0,4359.0,31,31,10,-9.19,True,transition,E2020,0.03668054110301769,25.961290322580645,2.6179569892473147,2020-10-01,2020-10,24.781548003072196
Peru,2020-11-01,62350.0,3138.0,2955.0,30,30,11,-9.19,True,warm,E2020,0.05032878909382518,25.803333333333335,2.6179569892473147,2020-11-01,2020-11,24.781548003072196
Peru,2020-12-01,52607.0,6789.0,3621.0,31,31,12,-9.19,True,warm,E2020,0.12905126694166175,24.506451612903227,2.6179569892473147,2020-12-01,2020-12,24.781548003072196
Peru,2021-01-01,123102.0,19220.0,10740.0,31,31,1,-9.19,True,warm,E2020,0.15613068837224414,24.35483870967742,2.6179569892473147,2021-01-01,2021-01,24.781548003072196
Peru,2021-02-01,185624.0,18531.0,18692.0,28,28,2,-9.19,True,warm,E2020,0.09983084083954662,24.682142857142857,2.6179569892473147,2021-02-01,2021-02,24.781548003072196
Peru,2021-03-01,224944.0,23454.0,20914.0,31,31,3,-9.19,True,warm,E2020,0.10426595063660289,24.51290322580645,2.6179569892473147,2021-03-01,2021-03,24.781548003072196
Peru,2021-04-01,250638.0,19697.0,23285.0,30,30,4,-9.19,True,transition,E2020,0.07858744484076637,24.52,2.6179569892473147,2021-04-01,2021-04,24.781548003072196
Peru,2021-05-01,156024.0,11218.0,17082.0,31,31,5,-9.19,True,cold,E2020,0.0718991949956417,24.416129032258063,2.6179569892473147,2021-05-01,2021-05,24.781548003072196
Peru,2021-06-01,96596.0,4784.0,8548.0,30,30,6,-9.19,True,cold,E2020,0.04952586028406973,23.74,2.6179569892473147,2021-06-01,2021-06,24.781548003072196
Peru,2021-07-01,59328.0,2389.0,4022.0,31,31,7,-9.19,True,cold,E2020,0.04026766450916936,23.61935483870968,2.6179569892473147,2021-07-01,2021-07,24.781548003072196
Peru,2021-08-01,38198.0,1242.0,1910.0,31,31,8,-9.19,True,cold,E2020,0.03251479135033248,25.129032258064516,2.6179569892473147,2021-08-01,2021-08,24.781548003072196
Peru,2021-09-01,25714.0,885.0,1104.0,30,30,9,-9.19,True,cold,E2021,0.03441704907832309,25.563333333333333,2.6179569892473147,2021-09-01,2021-09,24.781548003072196
Peru,2021-10-01,26491.0,921.0,879.0,31,31,10,-9.19,True,transition,E2021,0.03476652448001208,25.54516129032258,2.6179569892473147,2021-10-01,2021-10,24.781548003072196
Philippines,2020-03-01,2081.0,418.0,87.0,31,31,3,12.879721,False,cold,E2019,0.20086496876501683,26.961290322580645,3.016129032258064,2020-03-01,2020-03,27.750994623655913
Philippines,2020-04-01,6404.0,409.0,480.0,30,30,4,12.879721,False,transition,E2019,0.06386633354153654,28.116666666666667,3.016129032258064,2020-04-01,2020-04,27.750994623655913
Philippines,2020-05-01,9598.0,323.0,389.0,31,31,5,12.879721,False,warm,E2019,0.03365284434257137,29.029032258064515,3.016129032258064,2020-05-01,2020-05,27.750994623655913
Philippines,2020-06-01,19428.0,668.0,309.0,30,30,6,12.879721,False,warm,E2019,0.0343833642165946,28.456666666666667,3.016129032258064,2020-06-01,2020-06,27.750994623655913
Philippines,2020-07-01,55840.0,1103.0,757.0,31,31,7,12.879721,False,warm,E2019,0.019752865329512894,28.161290322580644,3.016129032258064,2020-07-01,2020-07,27.750994623655913
Philippines,2020-08-01,127465.0,2059.0,1535.0,31,31,8,12.879721,False,warm,E2019,0.016153453889302945,28.203225806451613,3.016129032258064,2020-08-01,2020-08,27.750994623655913
Philippines,2020-09-01,90875.0,1748.0,1946.0,30,30,9,12.879721,False,warm,E2020,0.01923521320495186,28.263333333333332,3.016129032258064,2020-09-01,2020-09,27.750994623655913
Philippines,2020-10-01,69035.0,1333.0,1717.0,31,31,10,12.879721,False,transition,E2020,0.01930904613601796,27.516129032258064,3.016129032258064,2020-10-01,2020-10,27.750994623655913
Philippines,2020-11-01,50901.0,877.0,1171.0,30,30,11,12.879721,False,cold,E2020,0.01722952397791792,27.493333333333332,3.016129032258064,2020-11-01,2020-11,27.750994623655913
Philippines,2020-12-01,42434.0,1159.0,852.0,31,31,12,12.879721,False,cold,E2020,0.027313003723429326,27.029032258064515,3.016129032258064,2020-12-01,2020-12,27.750994623655913
Philippines,2021-01-01,51554.0,1972.0,1505.0,31,31,1,12.879721,False,cold,E2020,0.038251154129650466,26.22258064516129,3.016129032258064,2021-01-01,2021-01,27.750994623655913
Philippines,2021-02-01,50734.0,880.0,1569.0,28,28,2,12.879721,False,cold,E2020,0.017345369968857178,26.099999999999998,3.016129032258064,2021-02-01,2021-02,27.750994623655913
Philippines,2021-03-01,170936.0,3297.0,979.0,31,31,3,12.879721,False,cold,E2020,0.019287920625263258,27.096774193548388,3.016129032258064,2021-03-01,2021-03,27.750994623655913
Philippines,2021-04-01,290172.0,3498.0,3937.0,30,30,4,12.879721,False,transition,E2020,0.012054919151399859,27.696666666666665,3.016129032258064,2021-04-01,2021-04,27.750994623655913
Philippines,2021-05-01,192841.0,3986.0,3732.0,31,31,5,12.879721,False,warm,E2020,0.02066987829351642,28.338709677419356,3.016129032258064,2021-05-01,2021-05,27.750994623655913
Philippines,2021-06-01,182258.0,3125.0,3696.0,30,30,6,12.879721,False,warm,E2020,0.01714602376850399,28.62,3.016129032258064,2021-06-01,2021-06,27.750994623655913
Philippines,2021-07-01,176406.0,4722.0,3227.0,31,31,7,12.879721,False,warm,E2020,0.026767797013707018,28.18064516129032,3.016129032258064,2021-07-01,2021-07,27.750994623655913
Philippines,2021-08-01,400892.0,5478.0,5559.0,31,31,8,12.879721,False,warm,E2020,0.0136645281023318,28.07741935483871,3.016129032258064,2021-08-01,2021-08,27.750994623655913
Philippines,2021-09-01,560109.0,4163.0,4846.0,30,30,9,12.879721,False,warm,E2021,0.007432481891917466,27.77,3.016129032258064,2021-09-01,2021-09,27.750994623655913
Philippines,2021-10-01,237310.0,5837.0,4878.0,31,31,10,12.879721,False,transition,E2021,0.024596519320719733,27.687096774193545,3.016129032258064,2021-10-01,2021-10,27.750994623655913
Poland,2020-03-01,2311.0,396.0,33.0,31,31,3,51.91940000000001,False,cold,E2019,0.17135439203807876,4.751612903225807,23.212903225806453,2020-03-01,2020-03,11.075945852534563
Poland,2020-04-01,10566.0,571.0,611.0,30,30,4,51.91940000000001,False,transition,E2019,0.05404126443308726,9.693333333333333,23.212903225806453,2020-04-01,2020-04,11.075945852534563
Poland,2020-05-01,10909.0,384.0,420.0,31,31,5,51.91940000000001,False,warm,E2019,0.035200293335777795,11.603225806451613,23.212903225806453,2020-05-01,2020-05,11.075945852534563
Poland,2020-06-01,10607.0,280.0,399.0,30,30,6,51.91940000000001,False,warm,E2019,0.02639766192137268,18.25,23.212903225806453,2020-06-01,2020-06,11.075945852534563
Poland,2020-07-01,11295.0,302.0,253.0,31,31,7,51.91940000000001,False,warm,E2019,0.02673749446657813,18.98709677419355,23.212903225806453,2020-07-01,2020-07,11.075945852534563
Poland,2020-08-01,21684.0,360.0,323.0,31,31,8,51.91940000000001,False,warm,E2019,0.016602102933038185,20.541935483870965,23.212903225806453,2020-08-01,2020-08,11.075945852534563
Poland,2020-09-01,24142.0,1553.0,474.0,30,30,9,51.91940000000001,False,warm,E2020,0.06432772761163118,15.616666666666667,23.212903225806453,2020-09-01,2020-09,11.075945852534563
Poland,2020-10-01,271217.0,9437.0,3118.0,31,31,10,51.91940000000001,False,transition,E2020,0.03479501653657403,10.683870967741935,23.212903225806453,2020-10-01,2020-10,11.075945852534563
Poland,2020-11-01,628080.0,12186.0,11519.0,30,30,11,51.91940000000001,False,cold,E2020,0.019401987008024455,5.85,23.212903225806453,2020-11-01,2020-11,11.075945852534563
Poland,2020-12-01,304067.0,9087.0,11404.0,31,31,12,51.91940000000001,False,cold,E2020,0.029884860902366913,2.2419354838709675,23.212903225806453,2020-12-01,2020-12,11.075945852534563
Poland,2021-01-01,218507.0,7610.0,8626.0,31,31,1,51.91940000000001,False,cold,E2020,0.034827259538596014,-1.4516129032258065,23.212903225806453,2021-01-01,2021-01,11.075945852534563
Poland,2021-02-01,193601.0,7129.0,6589.0,28,28,2,51.91940000000001,False,cold,E2020,0.03682315690518127,-1.3178571428571428,23.212903225806453,2021-02-01,2021-02,11.075945852534563
Poland,2021-03-01,614731.0,14173.0,9276.0,31,31,3,51.91940000000001,False,cold,E2020,0.023055612942896975,3.4129032258064513,23.212903225806453,2021-03-01,2021-03,11.075945852534563
Poland,2021-04-01,470425.0,9218.0,14457.0,30,30,4,51.91940000000001,False,transition,E2020,0.019595047031939206,6.253333333333333,23.212903225806453,2021-04-01,2021-04,11.075945852534563
Poland,2021-05-01,80141.0,2138.0,6243.0,31,31,5,51.91940000000001,False,warm,E2020,0.026677980060143998,12.2,23.212903225806453,2021-05-01,2021-05,11.075945852534563
Poland,2021-06-01,7629.0,393.0,1276.0,30,30,6,51.91940000000001,False,warm,E2020,0.05151395988989382,20.466666666666665,23.212903225806453,2021-06-01,2021-06,11.075945852534563
Poland,2021-07-01,3027.0,94.0,240.0,31,31,7,51.91940000000001,False,warm,E2020,0.031053848695077636,21.761290322580646,23.212903225806453,2021-07-01,2021-07,11.075945852534563
Poland,2021-08-01,5731.0,187.0,84.0,31,31,8,51.91940000000001,False,warm,E2020,0.03262955854126679,17.5258064516129,23.212903225806453,2021-08-01,2021-08,11.075945852534563
Poland,2021-09-01,18401.0,797.0,305.0,30,30,9,51.91940000000001,False,warm,E2021,0.04331286343133525,14.51,23.212903225806453,2021-09-01,2021-09,11.075945852534563
Poland,2021-10-01,118176.0,4522.0,1349.0,31,31,10,51.91940000000001,False,transition,E2021,0.03826496073652857,9.938709677419356,23.212903225806453,2021-10-01,2021-10,11.075945852534563
Portugal,2020-03-01,7443.0,750.0,160.0,31,31,3,39.3999,False,cold,E2019,0.1007658202337767,13.109677419354838,18.593548387096774,2020-03-01,2020-03,17.503092933947773
Portugal,2020-04-01,17602.0,515.0,829.0,30,30,4,39.3999,False,transition,E2019,0.029258038859220542,14.103333333333333,18.593548387096774,2020-04-01,2020-04,17.503092933947773
Portugal,2020-05-01,7455.0,253.0,421.0,31,31,5,39.3999,False,warm,E2019,0.03393695506371563,19.55483870967742,18.593548387096774,2020-05-01,2020-05,17.503092933947773
Portugal,2020-06-01,9641.0,167.0,166.0,30,30,6,39.3999,False,warm,E2019,0.017321854579400477,20.026666666666664,18.593548387096774,2020-06-01,2020-06,17.503092933947773
Portugal,2020-07-01,8931.0,95.0,159.0,31,31,7,39.3999,False,warm,E2019,0.010637106706975702,26.19677419354839,18.593548387096774,2020-07-01,2020-07,17.503092933947773
Portugal,2020-08-01,6940.0,128.0,87.0,31,31,8,39.3999,False,warm,E2019,0.018443804034582133,23.0,18.593548387096774,2020-08-01,2020-08,17.503092933947773
Portugal,2020-09-01,17530.0,309.0,149.0,30,30,9,39.3999,False,warm,E2020,0.017626925270964062,22.46333333333333,18.593548387096774,2020-09-01,2020-09,17.503092933947773
Portugal,2020-10-01,65737.0,1595.0,536.0,31,31,10,39.3999,False,transition,E2020,0.024263352449914052,16.12258064516129,18.593548387096774,2020-10-01,2020-10,17.503092933947773
Portugal,2020-11-01,156782.0,2367.0,1998.0,30,30,11,39.3999,False,cold,E2020,0.01509739638478907,13.833333333333334,18.593548387096774,2020-11-01,2020-11,17.503092933947773
Portugal,2020-12-01,115617.0,3495.0,2401.0,31,31,12,39.3999,False,cold,E2020,0.030229118555229768,10.348387096774195,18.593548387096774,2020-12-01,2020-12,17.503092933947773
Portugal,2021-01-01,306838.0,6276.0,5576.0,31,31,1,39.3999,False,cold,E2020,0.020453789947790037,8.087096774193547,18.593548387096774,2021-01-01,2021-01,17.503092933947773
Portugal,2021-02-01,84046.0,806.0,3835.0,28,28,2,39.3999,False,cold,E2020,0.009589986435999334,12.021428571428572,18.593548387096774,2021-02-01,2021-02,17.503092933947773
Portugal,2021-03-01,17160.0,184.0,531.0,31,31,3,39.3999,False,cold,E2020,0.010722610722610723,13.306451612903226,18.593548387096774,2021-03-01,2021-03,17.503092933947773
Portugal,2021-04-01,14771.0,65.0,126.0,30,30,4,39.3999,False,transition,E2020,0.004400514521697921,15.270000000000001,18.593548387096774,2021-04-01,2021-04,17.503092933947773
Portugal,2021-05-01,12600.0,51.0,51.0,31,31,5,39.3999,False,warm,E2020,0.004047619047619047,16.725806451612904,18.593548387096774,2021-05-01,2021-05,17.503092933947773
Portugal,2021-06-01,30464.0,164.0,71.0,30,30,6,39.3999,False,warm,E2020,0.005383403361344538,20.4,18.593548387096774,2021-06-01,2021-06,17.503092933947773
Portugal,2021-07-01,89074.0,398.0,265.0,31,31,7,39.3999,False,warm,E2020,0.0044681949839459325,22.496774193548386,18.593548387096774,2021-07-01,2021-07,17.503092933947773
Portugal,2021-08-01,69296.0,295.0,382.0,31,31,8,39.3999,False,warm,E2020,0.004257099976910644,23.125806451612902,18.593548387096774,2021-08-01,2021-08,17.503092933947773
Portugal,2021-09-01,31352.0,192.0,232.0,30,30,9,39.3999,False,warm,E2021,0.0061240112273539165,20.85666666666667,18.593548387096774,2021-09-01,2021-09,17.503092933947773
Portugal,2021-10-01,21372.0,204.0,182.0,31,31,10,39.3999,False,transition,E2021,0.009545199326221224,19.01290322580645,18.593548387096774,2021-10-01,2021-10,17.503092933947773
Qatar,2020-03-01,780.0,9.0,2.0,31,31,3,25.3548,False,cold,E2019,0.011538461538461539,22.080645161290324,20.93870967741936,2020-03-01,2020-03,29.68119508448541
Qatar,2020-04-01,12628.0,8.0,8.0,30,30,4,25.3548,False,transition,E2019,0.0006335128286347799,27.88,20.93870967741936,2020-04-01,2020-04,29.68119508448541
Qatar,2020-05-01,43501.0,81.0,28.0,31,31,5,25.3548,False,warm,E2019,0.0018620261603181536,31.799999999999997,20.93870967741936,2020-05-01,2020-05,29.68119508448541
Qatar,2020-06-01,39178.0,62.0,75.0,30,30,6,25.3548,False,warm,E2019,0.001582520802491194,35.31333333333334,20.93870967741936,2020-06-01,2020-06,29.68119508448541
Qatar,2020-07-01,14607.0,33.0,61.0,31,31,7,25.3548,False,warm,E2019,0.002259190798932019,37.38387096774194,20.93870967741936,2020-07-01,2020-07,29.68119508448541
Qatar,2020-08-01,8083.0,18.0,23.0,31,31,8,25.3548,False,warm,E2019,0.0022268959544723493,36.222580645161294,20.93870967741936,2020-08-01,2020-08,29.68119508448541
Qatar,2020-09-01,6982.0,14.0,17.0,30,30,9,25.3548,False,warm,E2020,0.002005156115726153,34.08,20.93870967741936,2020-09-01,2020-09,29.68119508448541
Qatar,2020-10-01,6796.0,10.0,18.0,31,31,10,25.3548,False,transition,E2020,0.0014714537963507945,28.983870967741936,20.93870967741936,2020-10-01,2020-10,29.68119508448541
Qatar,2020-11-01,6277.0,8.0,5.0,30,30,11,25.3548,False,cold,E2020,0.0012744941851202804,24.793333333333333,20.93870967741936,2020-11-01,2020-11,29.68119508448541
Qatar,2020-12-01,5001.0,5.0,8.0,31,31,12,25.3548,False,cold,E2020,0.0009998000399920016,19.75483870967742,20.93870967741936,2020-12-01,2020-12,29.68119508448541
Qatar,2021-01-01,7501.0,8.0,3.0,31,31,1,25.3548,False,cold,E2020,0.0010665244634048793,17.51290322580645,20.93870967741936,2021-01-01,2021-01,29.68119508448541
Qatar,2021-02-01,12329.0,17.0,10.0,28,28,2,25.3548,False,cold,E2020,0.0013788628437018413,19.17142857142857,20.93870967741936,2021-02-01,2021-02,29.68119508448541
Qatar,2021-03-01,16300.0,127.0,33.0,31,31,3,25.3548,False,cold,E2020,0.007791411042944786,24.003225806451614,20.93870967741936,2021-03-01,2021-03,29.68119508448541
Qatar,2021-04-01,25688.0,141.0,167.0,30,30,4,25.3548,False,transition,E2020,0.00548894425412644,28.34333333333333,20.93870967741936,2021-04-01,2021-04,29.68119508448541
Qatar,2021-05-01,11806.0,42.0,98.0,31,31,5,25.3548,False,warm,E2020,0.0035575131289174995,33.5516129032258,20.93870967741936,2021-05-01,2021-05,29.68119508448541
Qatar,2021-06-01,4613.0,17.0,34.0,30,30,6,25.3548,False,warm,E2020,0.003685237372642532,35.07666666666667,20.93870967741936,2021-06-01,2021-06,29.68119508448541
Qatar,2021-07-01,4168.0,1.0,11.0,31,31,7,25.3548,False,warm,E2020,0.0002399232245681382,37.0258064516129,20.93870967741936,2021-07-01,2021-07,29.68119508448541
Qatar,2021-08-01,6505.0,3.0,1.0,31,31,8,25.3548,False,warm,E2020,0.0004611837048424289,37.016129032258064,20.93870967741936,2021-08-01,2021-08,29.68119508448541
Qatar,2021-09-01,3899.0,4.0,4.0,30,30,9,25.3548,False,warm,E2021,0.0010259040779687098,33.64,20.93870967741936,2021-09-01,2021-09,29.68119508448541
Qatar,2021-10-01,2604.0,3.0,4.0,31,31,10,25.3548,False,transition,E2021,0.001152073732718894,29.990322580645163,20.93870967741936,2021-10-01,2021-10,29.68119508448541
Romania,2020-03-01,2242.0,498.0,82.0,31,31,3,45.9432,False,cold,E2019,0.22212310437109722,5.16774193548387,22.709677419354836,2020-03-01,2020-03,10.822405529953915
Romania,2020-04-01,9995.0,658.0,635.0,30,30,4,45.9432,False,transition,E2019,0.06583291645822911,8.85,22.709677419354836,2020-04-01,2020-04,10.822405529953915
Romania,2020-05-01,7017.0,356.0,549.0,31,31,5,45.9432,False,warm,E2019,0.05073393187972068,12.33548387096774,22.709677419354836,2020-05-01,2020-05,10.822405529953915
Romania,2020-06-01,7713.0,562.0,385.0,30,30,6,45.9432,False,warm,E2019,0.07286399585116038,17.43,22.709677419354836,2020-06-01,2020-06,10.822405529953915
Romania,2020-07-01,23916.0,1122.0,692.0,31,31,7,45.9432,False,warm,E2019,0.046914199698946314,19.07741935483871,22.709677419354836,2020-07-01,2020-07,10.822405529953915
Romania,2020-08-01,36654.0,1262.0,1278.0,31,31,8,45.9432,False,warm,E2019,0.0344300758443826,20.23548387096774,22.709677419354836,2020-08-01,2020-08,10.822405529953915
Romania,2020-09-01,40032.0,1607.0,1204.0,30,30,9,45.9432,False,warm,E2020,0.04014288569144684,16.883333333333333,22.709677419354836,2020-09-01,2020-09,10.822405529953915
Romania,2020-10-01,113767.0,3851.0,2143.0,31,31,10,45.9432,False,transition,E2020,0.03384988617085798,10.903225806451612,22.709677419354836,2020-10-01,2020-10,10.822405529953915
Romania,2020-11-01,234023.0,4565.0,4363.0,30,30,11,45.9432,False,cold,E2020,0.01950662969024412,2.74,22.709677419354836,2020-11-01,2020-11,10.822405529953915
Romania,2020-12-01,156901.0,3073.0,4436.0,31,31,12,45.9432,False,cold,E2020,0.019585598562150655,2.5258064516129033,22.709677419354836,2020-12-01,2020-12,10.822405529953915
Romania,2021-01-01,96480.0,2293.0,2568.0,31,31,1,45.9432,False,cold,E2020,0.02376658374792703,-0.9774193548387097,22.709677419354836,2021-01-01,2021-01,10.822405529953915
Romania,2021-02-01,73251.0,2361.0,2015.0,28,28,2,45.9432,False,cold,E2020,0.03223164188884793,1.5071428571428573,22.709677419354836,2021-02-01,2021-02,10.822405529953915
Romania,2021-03-01,150809.0,4585.0,3188.0,31,31,3,45.9432,False,cold,E2020,0.030402694799382,1.332258064516129,22.709677419354836,2021-03-01,2021-03,10.822405529953915
Romania,2021-04-01,102462.0,3033.0,4571.0,30,30,4,45.9432,False,transition,E2020,0.029601218012531474,6.09,22.709677419354836,2021-04-01,2021-04,10.822405529953915
Romania,2021-05-01,22472.0,2565.0,2203.0,31,31,5,45.9432,False,warm,E2020,0.11414204343182627,13.258064516129032,22.709677419354836,2021-05-01,2021-05,10.822405529953915
Romania,2021-06-01,3055.0,1869.0,3474.0,30,30,6,45.9432,False,warm,E2020,0.611783960720131,17.46333333333333,22.709677419354836,2021-06-01,2021-06,10.822405529953915
Romania,2021-07-01,2397.0,143.0,495.0,31,31,7,45.9432,False,warm,E2020,0.05965790571547768,21.23548387096774,22.709677419354836,2021-07-01,2021-07,10.822405529953915
Romania,2021-08-01,15576.0,1318.0,289.0,31,31,8,45.9432,False,warm,E2020,0.08461736004108886,19.483870967741936,22.709677419354836,2021-08-01,2021-08,10.822405529953915
Romania,2021-09-01,134903.0,7766.0,2471.0,30,30,9,45.9432,False,warm,E2021,0.05756728908919742,13.513333333333332,22.709677419354836,2021-09-01,2021-09,10.822405529953915
Romania,2021-10-01,414363.0,11472.0,10710.0,31,31,10,45.9432,False,transition,E2021,0.027685869636043758,7.393548387096774,22.709677419354836,2021-10-01,2021-10,10.822405529953915
Russia,2020-03-01,2335.0,455.0,17.0,31,31,3,61.52401,False,cold,E2019,0.1948608137044968,-9.98709677419355,56.60645161290323,2020-03-01,2020-03,-0.6586578341013825
Russia,2020-04-01,104161.0,2643.0,1056.0,30,30,4,61.52401,False,transition,E2019,0.025374180355411335,0.9433333333333335,56.60645161290323,2020-04-01,2020-04,-0.6586578341013825
Russia,2020-05-01,299345.0,5002.0,3620.0,31,31,5,61.52401,False,warm,E2019,0.016709816432544388,7.196774193548387,56.60645161290323,2020-05-01,2020-05,-0.6586578341013825
Russia,2020-06-01,241086.0,4460.0,4613.0,30,30,6,61.52401,False,warm,E2019,0.018499622541333798,15.416666666666666,56.60645161290323,2020-06-01,2020-06,-0.6586578341013825
Russia,2020-07-01,191532.0,3587.0,4633.0,31,31,7,61.52401,False,warm,E2019,0.01872794102291001,15.741935483870968,56.60645161290323,2020-07-01,2020-07,-0.6586578341013825
Russia,2020-08-01,153941.0,3272.0,3189.0,31,31,8,61.52401,False,warm,E2019,0.021254896356396283,16.335483870967742,56.60645161290323,2020-08-01,2020-08,-0.6586578341013825
Russia,2020-09-01,178397.0,5366.0,3502.0,30,30,9,61.52401,False,warm,E2020,0.030078981148786134,8.19,56.60645161290323,2020-09-01,2020-09,-0.6586578341013825
Russia,2020-10-01,435468.0,10656.0,7157.0,31,31,10,61.52401,False,transition,E2020,0.024470225137093887,-3.4387096774193546,56.60645161290323,2020-10-01,2020-10,-0.6586578341013825
Russia,2020-11-01,669669.0,15281.0,11704.0,30,30,11,61.52401,False,cold,E2020,0.022818735823220127,-12.716666666666667,56.60645161290323,2020-11-01,2020-11,-0.6586578341013825
Russia,2020-12-01,851411.0,16087.0,16780.0,31,31,12,61.52401,False,cold,E2020,0.01889451745396759,-27.393548387096775,56.60645161290323,2020-12-01,2020-12,-0.6586578341013825
Russia,2021-01-01,681001.0,15116.0,15758.0,31,31,1,61.52401,False,cold,E2020,0.022196736862354093,-36.50645161290323,56.60645161290323,2021-01-01,2021-01,-0.6586578341013825
Russia,2021-02-01,390052.0,11531.0,12671.0,28,28,2,61.52401,False,cold,E2020,0.029562724970004,-28.289285714285715,56.60645161290323,2021-02-01,2021-02,-0.6586578341013825
Russia,2021-03-01,295834.0,11480.0,12519.0,31,31,3,61.52401,False,cold,E2020,0.03880554635369836,-13.193548387096774,56.60645161290323,2021-03-01,2021-03,-0.6586578341013825
Russia,2021-04-01,256521.0,10827.0,11071.0,30,30,4,61.52401,False,transition,E2020,0.042207070766136105,-4.46,56.60645161290323,2021-04-01,2021-04,-0.6586578341013825
Russia,2021-05-01,262757.0,11877.0,11174.0,31,31,5,61.52401,False,warm,E2020,0.045201459904017784,4.22258064516129,56.60645161290323,2021-05-01,2021-05,-0.6586578341013825
Russia,2021-06-01,436082.0,20588.0,13509.0,30,30,6,61.52401,False,warm,E2020,0.047211304295981034,14.586666666666668,56.60645161290323,2021-06-01,2021-06,-0.6586578341013825
Russia,2021-07-01,735655.0,24028.0,22979.0,31,31,7,61.52401,False,warm,E2020,0.03266204946612203,20.1,56.60645161290323,2021-07-01,2021-07,-0.6586578341013825
Russia,2021-08-01,635448.0,23978.0,24057.0,31,31,8,61.52401,False,warm,E2020,0.03773400813284486,16.12258064516129,56.60645161290323,2021-08-01,2021-08,-0.6586578341013825
Russia,2021-09-01,580407.0,27096.0,23540.0,30,30,9,61.52401,False,warm,E2021,0.04668448175159845,5.54,56.60645161290323,2021-09-01,2021-09,-0.6586578341013825
Russia,2021-10-01,976880.0,35776.0,30645.0,31,31,10,61.52401,False,transition,E2021,0.03662271722217673,-1.5838709677419356,56.60645161290323,2021-10-01,2021-10,-0.6586578341013825
Saudi Arabia,2020-03-01,1563.0,109.0,10.0,31,31,3,23.885942,False,cold,E2019,0.06973768394113884,21.40967741935484,23.245161290322585,2020-03-01,2020-03,27.958752304147463
Saudi Arabia,2020-04-01,21190.0,242.0,152.0,30,30,4,23.885942,False,transition,E2019,0.011420481359131665,25.92,23.245161290322585,2020-04-01,2020-04,27.958752304147463
Saudi Arabia,2020-05-01,62508.0,916.0,341.0,31,31,5,23.885942,False,warm,E2019,0.014654124272093172,31.283870967741933,23.245161290322585,2020-05-01,2020-05,27.958752304147463
Saudi Arabia,2020-06-01,105562.0,1290.0,1146.0,30,30,6,23.885942,False,warm,E2019,0.012220306549705386,34.40333333333333,23.245161290322585,2020-06-01,2020-06,27.958752304147463
Saudi Arabia,2020-07-01,85082.0,1023.0,1217.0,31,31,7,23.885942,False,warm,E2019,0.01202369478855692,36.15806451612904,23.245161290322585,2020-07-01,2020-07,27.958752304147463
Saudi Arabia,2020-08-01,39867.0,932.0,1031.0,31,31,8,23.885942,False,warm,E2019,0.023377730955426793,34.42258064516129,23.245161290322585,2020-08-01,2020-08,27.958752304147463
Saudi Arabia,2020-09-01,18833.0,723.0,871.0,30,30,9,23.885942,False,warm,E2020,0.03839006000106197,31.763333333333332,23.245161290322585,2020-09-01,2020-09,27.958752304147463
Saudi Arabia,2020-10-01,12677.0,526.0,634.0,31,31,10,23.885942,False,transition,E2020,0.041492466671925535,24.925806451612903,23.245161290322585,2020-10-01,2020-10,27.958752304147463
Saudi Arabia,2020-11-01,10078.0,370.0,494.0,30,30,11,23.885942,False,cold,E2020,0.03671363365747172,21.28666666666667,23.245161290322585,2020-11-01,2020-11,27.958752304147463
Saudi Arabia,2020-12-01,5381.0,211.0,327.0,31,31,12,23.885942,False,cold,E2020,0.039212042371306446,16.361290322580643,23.245161290322585,2020-12-01,2020-12,27.958752304147463
Saudi Arabia,2021-01-01,5333.0,119.0,152.0,31,31,1,23.885942,False,cold,E2020,0.02231389461841365,15.416129032258064,23.245161290322585,2021-01-01,2021-01,27.958752304147463
Saudi Arabia,2021-02-01,9309.0,148.0,119.0,28,28,2,23.885942,False,cold,E2020,0.015898592759694918,16.83214285714286,23.245161290322585,2021-02-01,2021-02,27.958752304147463
Saudi Arabia,2021-03-01,12624.0,249.0,175.0,31,31,3,23.885942,False,cold,E2020,0.019724334600760455,23.94516129032258,23.245161290322585,2021-03-01,2021-03,27.958752304147463
Saudi Arabia,2021-04-01,27356.0,366.0,288.0,30,30,4,23.885942,False,transition,E2020,0.013379148998391578,27.063333333333333,23.245161290322585,2021-04-01,2021-04,27.958752304147463
Saudi Arabia,2021-05-01,33073.0,467.0,405.0,31,31,5,23.885942,False,warm,E2020,0.014120279381973211,32.38709677419355,23.245161290322585,2021-05-01,2021-05,27.958752304147463
Saudi Arabia,2021-06-01,37156.0,424.0,457.0,30,30,6,23.885942,False,warm,E2020,0.011411346754225428,34.56333333333334,23.245161290322585,2021-06-01,2021-06,27.958752304147463
Saudi Arabia,2021-07-01,38138.0,342.0,418.0,31,31,7,23.885942,False,warm,E2020,0.008967434055272956,36.25483870967742,23.245161290322585,2021-07-01,2021-07,27.958752304147463
Saudi Arabia,2021-08-01,17588.0,215.0,275.0,31,31,8,23.885942,False,warm,E2020,0.012224243802592677,35.229032258064514,23.245161290322585,2021-08-01,2021-08,27.958752304147463
Saudi Arabia,2021-09-01,3816.0,101.0,204.0,30,30,9,23.885942,False,warm,E2021,0.026467505241090147,31.33,23.245161290322585,2021-09-01,2021-09,27.958752304147463
Saudi Arabia,2021-10-01,1483.0,51.0,78.0,31,31,10,23.885942,False,transition,E2021,0.03438975050573163,28.219354838709677,23.245161290322585,2021-10-01,2021-10,27.958752304147463
Serbia,2020-03-01,900.0,129.0,16.0,31,31,3,44.0165,False,cold,E2019,0.14333333333333334,6.84516129032258,24.341935483870966,2020-03-01,2020-03,13.476694316436252
Serbia,2020-04-01,8109.0,107.0,163.0,30,30,4,44.0165,False,transition,E2019,0.013195215192995437,11.69,24.341935483870966,2020-04-01,2020-04,13.476694316436252
Serbia,2020-05-01,2403.0,24.0,64.0,31,31,5,44.0165,False,warm,E2019,0.009987515605493134,15.106451612903227,24.341935483870966,2020-05-01,2020-05,13.476694316436252
Serbia,2020-06-01,3152.0,230.0,34.0,30,30,6,44.0165,False,warm,E2019,0.07296954314720812,18.953333333333333,24.341935483870966,2020-06-01,2020-06,13.476694316436252
Serbia,2020-07-01,10988.0,201.0,296.0,31,31,7,44.0165,False,warm,E2019,0.018292682926829267,21.425806451612903,24.341935483870966,2020-07-01,2020-07,13.476694316436252
Serbia,2020-08-01,5854.0,51.0,140.0,31,31,8,44.0165,False,warm,E2019,0.008711991800478306,22.27741935483871,24.341935483870966,2020-08-01,2020-08,13.476694316436252
Serbia,2020-09-01,2145.0,37.0,36.0,30,30,9,44.0165,False,warm,E2020,0.01724941724941725,19.146666666666665,24.341935483870966,2020-09-01,2020-09,13.476694316436252
Serbia,2020-10-01,13403.0,388.0,71.0,31,31,10,44.0165,False,transition,E2020,0.028948742818771918,13.064516129032258,24.341935483870966,2020-10-01,2020-10,13.476694316436252
Serbia,2020-11-01,128484.0,1565.0,784.0,30,30,11,44.0165,False,cold,E2020,0.01218050496559883,5.833333333333333,24.341935483870966,2020-11-01,2020-11,13.476694316436252
Serbia,2020-12-01,162485.0,1097.0,1607.0,31,31,12,44.0165,False,cold,E2020,0.006751392436224882,4.251612903225807,24.341935483870966,2020-12-01,2020-12,13.476694316436252
Serbia,2021-01-01,57340.0,507.0,809.0,31,31,1,44.0165,False,cold,E2020,0.008841995116846878,2.02258064516129,24.341935483870966,2021-01-01,2021-01,13.476694316436252
Serbia,2021-02-01,63996.0,597.0,423.0,28,28,2,44.0165,False,cold,E2020,0.009328708044252766,5.335714285714286,24.341935483870966,2021-02-01,2021-02,13.476694316436252
Serbia,2021-03-01,141337.0,1161.0,865.0,31,31,3,44.0165,False,cold,E2020,0.008214409531828185,4.519354838709678,24.341935483870966,2021-03-01,2021-03,13.476694316436252
Serbia,2021-04-01,88961.0,657.0,1054.0,30,30,4,44.0165,False,transition,E2020,0.007385258708872427,8.54,24.341935483870966,2021-04-01,2021-04,13.476694316436252
Serbia,2021-05-01,22915.0,252.0,503.0,31,31,5,44.0165,False,warm,E2020,0.010997163430067642,15.745161290322581,24.341935483870966,2021-05-01,2021-05,13.476694316436252
Serbia,2021-06-01,4090.0,88.0,182.0,30,30,6,44.0165,False,warm,E2020,0.021515892420537898,21.36,24.341935483870966,2021-06-01,2021-06,13.476694316436252
Serbia,2021-07-01,5356.0,114.0,67.0,31,31,7,44.0165,False,warm,E2020,0.02128454070201643,24.299999999999997,24.341935483870966,2021-07-01,2021-07,13.476694316436252
Serbia,2021-08-01,41015.0,640.0,178.0,31,31,8,44.0165,False,warm,E2020,0.015604047299768378,21.967741935483872,24.341935483870966,2021-08-01,2021-08,13.476694316436252
Serbia,2021-09-01,179056.0,1485.0,942.0,30,30,9,44.0165,False,warm,E2021,0.008293494772585112,17.32,24.341935483870966,2021-09-01,2021-09,13.476694316436252
Serbia,2021-10-01,200760.0,1894.0,1721.0,31,31,10,44.0165,False,transition,E2021,0.009434150229129308,9.829032258064515,24.341935483870966,2021-10-01,2021-10,13.476694316436252
Singapore,2020-03-01,824.0,9.0,3.0,31,31,3,1.2833,False,cold,E2019,0.010922330097087379,27.761290322580646,2.5516129032258057,2020-03-01,2020-03,27.424103942652327
Singapore,2020-04-01,15243.0,12.0,12.0,30,30,4,1.2833,False,transition,E2019,0.000787246604999016,27.673333333333336,2.5516129032258057,2020-04-01,2020-04,27.424103942652327
Singapore,2020-05-01,18715.0,3.0,8.0,31,31,5,1.2833,False,warm,E2019,0.00016029922522041144,27.948387096774194,2.5516129032258057,2020-05-01,2020-05,27.424103942652327
Singapore,2020-06-01,9023.0,1.0,3.0,30,30,6,1.2833,False,warm,E2019,0.0001108278842956888,27.39,2.5516129032258057,2020-06-01,2020-06,27.424103942652327
Singapore,2020-09-01,953.0,1.0,0.0,30,30,9,1.2833,False,warm,E2020,0.001049317943336831,26.823333333333334,2.5516129032258057,2020-09-01,2020-09,27.424103942652327
Singapore,2021-04-01,764.0,2.0,0.0,30,30,4,1.2833,False,transition,E2020,0.002617801047120419,27.336666666666666,2.5516129032258057,2021-04-01,2021-04,27.424103942652327
Singapore,2021-05-01,906.0,3.0,3.0,31,31,5,1.2833,False,warm,E2020,0.0033112582781456954,27.541935483870965,2.5516129032258057,2021-05-01,2021-05,27.424103942652327
Singapore,2021-06-01,528.0,1.0,3.0,30,30,6,1.2833,False,warm,E2020,0.001893939393939394,27.55,2.5516129032258057,2021-06-01,2021-06,27.424103942652327
Singapore,2021-07-01,2402.0,11.0,1.0,31,31,7,1.2833,False,warm,E2020,0.004579517069109076,27.52258064516129,2.5516129032258057,2021-07-01,2021-07,27.424103942652327
Singapore,2021-08-01,2639.0,18.0,18.0,31,31,8,1.2833,False,warm,E2020,0.006820765441455097,26.896774193548385,2.5516129032258057,2021-08-01,2021-08,27.424103942652327
Singapore,2021-09-01,28901.0,215.0,40.0,30,30,9,1.2833,False,warm,E2021,0.007439188955399467,27.293333333333333,2.5516129032258057,2021-09-01,2021-09,27.424103942652327
Singapore,2021-10-01,101853.0,382.0,312.0,31,31,10,1.2833,False,transition,E2021,0.0037505031761460145,27.351612903225806,2.5516129032258057,2021-10-01,2021-10,27.424103942652327
Slovakia,2020-04-01,1033.0,14.0,23.0,30,30,4,48.669,False,transition,E2019,0.013552758954501452,5.833333333333333,21.69677419354839,2020-04-01,2020-04,7.075536730821361
Slovakia,2020-07-01,625.0,5.0,1.0,31,31,7,48.669,False,warm,E2019,0.008,15.312903225806451,21.69677419354839,2020-07-01,2020-07,7.075536730821361
Slovakia,2020-08-01,1625.0,6.0,4.0,31,31,8,48.669,False,warm,E2019,0.0036923076923076922,16.519354838709678,21.69677419354839,2020-08-01,2020-08,7.075536730821361
Slovakia,2020-09-01,6224.0,59.0,15.0,30,30,9,48.669,False,warm,E2020,0.009479434447300771,12.34,21.69677419354839,2020-09-01,2020-09,7.075536730821361
Slovakia,2020-10-01,49682.0,546.0,171.0,31,31,10,48.669,False,transition,E2020,0.010989895736886598,6.529032258064516,21.69677419354839,2020-10-01,2020-10,7.075536730821361
Slovakia,2020-11-01,61524.0,974.0,620.0,30,30,11,48.669,False,cold,E2020,0.015831220336779143,0.5266666666666667,21.69677419354839,2020-11-01,2020-11,7.075536730821361
Slovakia,2020-12-01,153256.0,2183.0,1299.0,31,31,12,48.669,False,cold,E2020,0.014244140523046405,-1.6225806451612903,21.69677419354839,2020-12-01,2020-12,7.075536730821361
Slovakia,2021-01-01,161413.0,2704.0,2504.0,31,31,1,48.669,False,cold,E2020,0.01675205838439283,-3.9935483870967743,21.69677419354839,2021-01-01,2021-01,7.075536730821361
Slovakia,2021-02-01,152655.0,2539.0,2547.0,28,28,2,48.669,False,cold,E2020,0.016632275392224297,-3.1607142857142856,21.69677419354839,2021-02-01,2021-02,7.075536730821361
Slovakia,2021-03-01,119205.0,2260.0,2530.0,31,31,3,48.669,False,cold,E2020,0.018958936286229605,-0.38387096774193546,21.69677419354839,2021-03-01,2021-03,7.075536730821361
Slovakia,2021-04-01,46202.0,976.0,1965.0,30,30,4,48.669,False,transition,E2020,0.021124626639539415,2.3666666666666667,21.69677419354839,2021-04-01,2021-04,7.075536730821361
Slovakia,2021-05-01,16930.0,216.0,659.0,31,31,5,48.669,False,warm,E2020,0.012758417011222682,7.558064516129033,21.69677419354839,2021-05-01,2021-05,7.075536730821361
Slovakia,2021-06-01,4003.0,38.0,167.0,30,30,6,48.669,False,warm,E2020,0.00949288033974519,15.68,21.69677419354839,2021-06-01,2021-06,7.075536730821361
Slovakia,2021-07-01,1433.0,13.0,30.0,31,31,7,48.669,False,warm,E2020,0.009071877180739707,17.393548387096775,21.69677419354839,2021-07-01,2021-07,7.075536730821361
Slovakia,2021-08-01,3323.0,33.0,8.0,31,31,8,48.669,False,warm,E2020,0.009930785434848028,13.86774193548387,21.69677419354839,2021-08-01,2021-08,7.075536730821361
Slovakia,2021-09-01,24605.0,303.0,89.0,30,30,9,48.669,False,warm,E2021,0.012314570209307051,11.043333333333333,21.69677419354839,2021-09-01,2021-09,7.075536730821361
Slovakia,2021-10-01,94554.0,978.0,397.0,31,31,10,48.669,False,transition,E2021,0.010343295894409544,4.474193548387096,21.69677419354839,2021-10-01,2021-10,7.075536730821361
Slovenia,2020-03-01,802.0,76.0,15.0,31,31,3,46.1512,False,cold,E2019,0.09476309226932668,6.699999999999999,21.470967741935485,2020-03-01,2020-03,12.480806024918927
Slovenia,2020-04-01,627.0,29.0,76.0,30,30,4,46.1512,False,transition,E2019,0.046251993620414676,12.020000000000001,21.470967741935485,2020-04-01,2020-04,12.480806024918927
Slovenia,2020-07-01,556.0,16.0,8.0,31,31,7,46.1512,False,warm,E2019,0.02877697841726619,20.864516129032257,21.470967741935485,2020-07-01,2020-07,12.480806024918927
Slovenia,2020-08-01,727.0,12.0,14.0,31,31,8,46.1512,False,warm,E2019,0.016506189821182942,21.79032258064516,21.470967741935485,2020-08-01,2020-08,12.480806024918927
Slovenia,2020-09-01,2807.0,58.0,17.0,30,30,9,46.1512,False,warm,E2020,0.020662629141432135,17.216666666666665,21.470967741935485,2020-09-01,2020-09,12.480806024918927
Slovenia,2020-10-01,28617.0,826.0,188.0,31,31,10,46.1512,False,transition,E2020,0.028863961980640878,11.974193548387097,21.470967741935485,2020-10-01,2020-10,12.480806024918927
Slovenia,2020-11-01,41507.0,1353.0,1097.0,30,30,11,46.1512,False,cold,E2020,0.03259691136434818,6.0600000000000005,21.470967741935485,2020-11-01,2020-11,12.480806024918927
Slovenia,2020-12-01,46338.0,905.0,1262.0,31,31,12,46.1512,False,cold,E2020,0.019530407009365962,2.990322580645161,21.470967741935485,2020-12-01,2020-12,12.480806024918927
Slovenia,2021-01-01,44321.0,492.0,806.0,31,31,1,46.1512,False,cold,E2020,0.011100832562442183,1.238709677419355,21.470967741935485,2021-01-01,2021-01,12.480806024918927
Slovenia,2021-02-01,23608.0,196.0,333.0,28,28,2,46.1512,False,cold,E2020,0.008302270416807861,5.632142857142857,21.470967741935485,2021-02-01,2021-02,12.480806024918927
Slovenia,2021-03-01,25521.0,204.0,211.0,31,31,3,46.1512,False,cold,E2020,0.00799341718584695,5.951612903225806,21.470967741935485,2021-03-01,2021-03,12.480806024918927
Slovenia,2021-04-01,24690.0,172.0,203.0,30,30,4,46.1512,False,transition,E2020,0.006966383151073309,8.106666666666666,21.470967741935485,2021-04-01,2021-04,12.480806024918927
Slovenia,2021-05-01,13430.0,67.0,125.0,31,31,5,46.1512,False,warm,E2020,0.004988830975428146,12.838709677419354,21.470967741935485,2021-05-01,2021-05,12.480806024918927
Slovenia,2021-06-01,3613.0,10.0,44.0,30,30,6,46.1512,False,warm,E2020,0.0027677830058123443,21.46333333333333,21.470967741935485,2021-06-01,2021-06,12.480806024918927
Slovenia,2021-07-01,1880.0,13.0,10.0,31,31,7,46.1512,False,warm,E2020,0.006914893617021276,22.287096774193547,21.470967741935485,2021-07-01,2021-07,12.480806024918927
Slovenia,2021-08-01,7983.0,68.0,21.0,31,31,8,46.1512,False,warm,E2020,0.008518100964549668,19.948387096774194,21.470967741935485,2021-08-01,2021-08,12.480806024918927
Slovenia,2021-09-01,26166.0,155.0,111.0,30,30,9,46.1512,False,warm,E2021,0.005923717801727433,17.326666666666664,21.470967741935485,2021-09-01,2021-09,12.480806024918927
Slovenia,2021-10-01,42486.0,402.0,184.0,31,31,10,46.1512,False,transition,E2021,0.009461940403897754,10.245161290322581,21.470967741935485,2021-10-01,2021-10,12.480806024918927
South Africa,2020-03-01,1353.0,58.0,5.0,31,31,3,-30.5595,True,warm,E2019,0.04286770140428677,22.806451612903224,18.693548387096772,2020-03-01,2020-03,17.16958717357911
South Africa,2020-04-01,4294.0,311.0,98.0,30,30,4,-30.5595,True,transition,E2019,0.07242664182580345,17.12,18.693548387096772,2020-04-01,2020-04,17.16958717357911
South Africa,2020-05-01,27036.0,1561.0,580.0,31,31,5,-30.5595,True,cold,E2019,0.05773783104009469,14.019354838709678,18.693548387096772,2020-05-01,2020-05,17.16958717357911
South Africa,2020-06-01,118526.0,3438.0,1974.0,30,30,6,-30.5595,True,cold,E2019,0.02900629397769266,10.24,18.693548387096772,2020-06-01,2020-06,17.16958717357911
South Africa,2020-07-01,341974.0,7475.0,5348.0,31,31,7,-30.5595,True,cold,E2019,0.02185838689491014,10.245161290322581,18.693548387096772,2020-07-01,2020-07,17.16958717357911
South Africa,2020-08-01,133858.0,3149.0,6144.0,31,31,8,-30.5595,True,cold,E2019,0.02352492940279998,10.503225806451614,18.693548387096772,2020-08-01,2020-08,17.16958717357911
South Africa,2020-09-01,47298.0,2749.0,2585.0,30,30,9,-30.5595,True,cold,E2020,0.05812085077593133,15.41,18.693548387096772,2020-09-01,2020-09,17.16958717357911
South Africa,2020-10-01,51113.0,2104.0,2542.0,31,31,10,-30.5595,True,transition,E2020,0.04116369612427367,21.519354838709678,18.693548387096772,2020-10-01,2020-10,17.16958717357911
South Africa,2020-11-01,64552.0,4062.0,2259.0,30,30,11,-30.5595,True,warm,E2020,0.06292601313669599,22.34,18.693548387096772,2020-11-01,2020-11,17.16958717357911
South Africa,2020-12-01,267157.0,14594.0,6934.0,31,31,12,-30.5595,True,warm,E2020,0.054627054503531634,24.56451612903226,18.693548387096772,2020-12-01,2020-12,17.16958717357911
South Africa,2021-01-01,396600.0,9552.0,15695.0,31,31,1,-30.5595,True,warm,E2020,0.024084720121028743,25.312903225806455,18.693548387096772,2021-01-01,2021-01,17.16958717357911
South Africa,2021-02-01,59632.0,3058.0,5829.0,28,28,2,-30.5595,True,warm,E2020,0.051281191306680976,25.25357142857143,18.693548387096772,2021-02-01,2021-02,17.16958717357911
South Africa,2021-03-01,34764.0,1829.0,2853.0,31,31,3,-30.5595,True,warm,E2020,0.052611897365090324,21.470967741935485,18.693548387096772,2021-03-01,2021-03,17.16958717357911
South Africa,2021-04-01,33053.0,1779.0,1504.0,30,30,4,-30.5595,True,transition,E2020,0.05382264847366351,21.13,18.693548387096772,2021-04-01,2021-04,17.16958717357911
South Africa,2021-05-01,84407.0,3076.0,2156.0,31,31,5,-30.5595,True,cold,E2020,0.03644247515016527,14.141935483870967,18.693548387096772,2021-05-01,2021-05,17.16958717357911
South Africa,2021-06-01,308355.0,9397.0,4141.0,30,30,6,-30.5595,True,cold,E2020,0.030474615297303432,11.853333333333333,18.693548387096772,2021-06-01,2021-06,17.16958717357911
South Africa,2021-07-01,473482.0,11059.0,11366.0,31,31,7,-30.5595,True,cold,E2020,0.023356748514199062,8.670967741935485,18.693548387096772,2021-07-01,2021-07,17.16958717357911
South Africa,2021-08-01,330205.0,7125.0,10248.0,31,31,8,-30.5595,True,cold,E2020,0.021577504883330052,11.416129032258064,18.693548387096772,2021-08-01,2021-08,17.16958717357911
South Africa,2021-09-01,125013.0,2459.0,5365.0,30,30,9,-30.5595,True,cold,E2021,0.019669954324750227,17.290000000000003,18.693548387096772,2021-09-01,2021-09,17.16958717357911
South Africa,2021-10-01,19444.0,739.0,1551.0,31,31,10,-30.5595,True,transition,E2021,0.0380065830076116,18.083870967741937,18.693548387096772,2021-10-01,2021-10,17.16958717357911
Spain,2020-03-01,95878.0,19907.0,8464.0,31,31,3,40.463667,False,cold,E2019,0.20762844448152862,10.725806451612904,26.038709677419355,2020-03-01,2020-03,16.71821658986175
Spain,2020-04-01,117512.0,5552.0,16079.0,30,30,4,40.463667,False,transition,E2019,0.04724623868200695,12.95,26.038709677419355,2020-04-01,2020-04,16.71821658986175
Spain,2020-05-01,26044.0,1489.0,2584.0,31,31,5,40.463667,False,warm,E2019,0.057172477346029794,18.82903225806452,26.038709677419355,2020-05-01,2020-05,16.71821658986175
Spain,2020-06-01,9792.0,101.0,1228.0,30,30,6,40.463667,False,warm,E2019,0.01031454248366013,22.096666666666668,26.038709677419355,2020-06-01,2020-06,16.71821658986175
Spain,2020-07-01,39251.0,414.0,90.0,31,31,7,40.463667,False,warm,E2019,0.010547501974471988,28.54516129032258,26.038709677419355,2020-07-01,2020-07,16.71821658986175
Spain,2020-08-01,174336.0,1825.0,649.0,31,31,8,40.463667,False,warm,E2019,0.010468291116005874,25.493548387096773,26.038709677419355,2020-08-01,2020-08,16.71821658986175
Spain,2020-09-01,306330.0,3703.0,2697.0,30,30,9,40.463667,False,warm,E2020,0.01208827081905135,20.5,26.038709677419355,2020-09-01,2020-09,16.71821658986175
Spain,2020-10-01,416490.0,8253.0,4087.0,31,31,10,40.463667,False,transition,E2020,0.019815601815169632,13.399999999999999,26.038709677419355,2020-10-01,2020-10,16.71821658986175
Spain,2020-11-01,462509.0,6641.0,9191.0,30,30,11,40.463667,False,cold,E2020,0.014358639507555528,10.496666666666666,26.038709677419355,2020-11-01,2020-11,16.71821658986175
Spain,2020-12-01,280078.0,5781.0,5768.0,31,31,12,40.463667,False,cold,E2020,0.02064067866808532,6.532258064516129,26.038709677419355,2020-12-01,2020-12,16.71821658986175
Spain,2021-01-01,814854.0,12060.0,7482.0,31,31,1,40.463667,False,cold,E2020,0.01480019733596448,3.696774193548387,26.038709677419355,2021-01-01,2021-01,16.71821658986175
Spain,2021-02-01,387065.0,5809.0,10823.0,28,28,2,40.463667,False,cold,E2020,0.015007815224833038,9.271428571428572,26.038709677419355,2021-02-01,2021-02,16.71821658986175
Spain,2021-03-01,154169.0,4454.0,6317.0,31,31,3,40.463667,False,cold,E2020,0.02889037355110301,10.399999999999999,26.038709677419355,2021-03-01,2021-03,16.71821658986175
Spain,2021-04-01,239724.0,2256.0,2757.0,30,30,4,40.463667,False,transition,E2020,0.009410822445812685,12.636666666666667,26.038709677419355,2021-04-01,2021-04,16.71821658986175
Spain,2021-05-01,154313.0,1069.0,1737.0,31,31,5,40.463667,False,warm,E2020,0.006927478566290592,17.61935483870968,26.038709677419355,2021-05-01,2021-05,16.71821658986175
Spain,2021-06-01,130570.0,477.0,922.0,30,30,6,40.463667,False,warm,E2020,0.0036532128360266523,22.296666666666667,26.038709677419355,2021-06-01,2021-06,16.71821658986175
Spain,2021-07-01,638084.0,1970.0,611.0,31,31,7,40.463667,False,warm,E2020,0.0030873678073733237,26.0,26.038709677419355,2021-07-01,2021-07,16.71821658986175
Spain,2021-08-01,408021.0,2847.0,2854.0,31,31,8,40.463667,False,warm,E2020,0.006977582036218724,26.774193548387096,26.038709677419355,2021-08-01,2021-08,16.71821658986175
Spain,2021-09-01,104026.0,1119.0,2075.0,30,30,9,40.463667,False,warm,E2021,0.010756926153077115,20.103333333333335,26.038709677419355,2021-09-01,2021-09,16.71821658986175
Spain,2021-10-01,52057.0,708.0,953.0,31,31,10,40.463667,False,transition,E2021,0.01360047640086828,15.996774193548386,26.038709677419355,2021-10-01,2021-10,16.71821658986175
Sri Lanka,2020-04-01,520.0,2.0,5.0,30,30,4,7.873054,False,transition,E2019,0.0038461538461538464,27.573333333333334,4.543225806451613,2020-04-01,2020-04,26.23241423451101
Sri Lanka,2020-05-01,970.0,2.0,3.0,31,31,5,7.873054,False,warm,E2019,0.002061855670103093,27.783870967741933,4.543225806451613,2020-05-01,2020-05,26.23241423451101
Sri Lanka,2020-10-01,7283.0,70.0,7.0,31,31,10,7.873054,False,transition,E2020,0.009611423863792393,26.96451612903226,4.543225806451613,2020-10-01,2020-10,26.23241423451101
Sri Lanka,2020-11-01,13324.0,98.0,98.0,30,30,11,7.873054,False,cold,E2020,0.007355148604022816,25.30666666666667,4.543225806451613,2020-11-01,2020-11,26.23241423451101
Sri Lanka,2020-12-01,19312.0,95.0,86.0,31,31,12,7.873054,False,cold,E2020,0.004919221209610605,24.10967741935484,4.543225806451613,2020-12-01,2020-12,26.23241423451101
Sri Lanka,2021-01-01,20858.0,169.0,112.0,31,31,1,7.873054,False,cold,E2020,0.008102406750407517,23.967741935483872,4.543225806451613,2021-01-01,2021-01,26.23241423451101
Sri Lanka,2021-02-01,18937.0,101.0,148.0,28,28,2,7.873054,False,cold,E2020,0.005333474151132703,24.34642857142857,4.543225806451613,2021-02-01,2021-02,26.23241423451101
Sri Lanka,2021-03-01,9612.0,84.0,104.0,31,31,3,7.873054,False,cold,E2020,0.008739076154806492,25.729032258064517,4.543225806451613,2021-03-01,2021-03,26.23241423451101
Sri Lanka,2021-04-01,15440.0,503.0,110.0,30,30,4,7.873054,False,transition,E2020,0.032577720207253885,27.113333333333333,4.543225806451613,2021-04-01,2021-04,26.23241423451101
Sri Lanka,2021-05-01,78218.0,1500.0,763.0,31,31,5,7.873054,False,warm,E2020,0.01917717149505229,26.551612903225806,4.543225806451613,2021-05-01,2021-05,26.23241423451101
Sri Lanka,2021-06-01,72725.0,1284.0,1636.0,30,30,6,7.873054,False,warm,E2020,0.01765555173599175,26.863333333333333,4.543225806451613,2021-06-01,2021-06,26.23241423451101
Sri Lanka,2021-07-01,49723.0,3266.0,1359.0,31,31,7,7.873054,False,warm,E2020,0.06568388874363977,27.16774193548387,4.543225806451613,2021-07-01,2021-07,26.23241423451101
Sri Lanka,2021-08-01,131490.0,5101.0,4749.0,31,31,8,7.873054,False,warm,E2020,0.0387938246254468,27.067741935483873,4.543225806451613,2021-08-01,2021-08,26.23241423451101
Sri Lanka,2021-09-01,77075.0,1278.0,3721.0,30,30,9,7.873054,False,warm,E2021,0.01658125202724619,27.076666666666664,4.543225806451613,2021-09-01,2021-09,26.23241423451101
Sri Lanka,2021-10-01,23696.0,565.0,837.0,31,31,10,7.873054,False,transition,E2021,0.023843686698176908,25.864516129032257,4.543225806451613,2021-10-01,2021-10,26.23241423451101
Sweden,2020-03-01,4820.0,1716.0,373.0,31,31,3,60.128161,False,cold,E2019,0.35601659751037346,2.629032258064516,21.848387096774196,2020-03-01,2020-03,9.046550307219663
Sweden,2020-04-01,16767.0,2106.0,2213.0,30,30,4,60.128161,False,transition,E2019,0.12560386473429952,5.373333333333333,21.848387096774196,2020-04-01,2020-04,9.046550307219663
Sweden,2020-05-01,17060.0,1182.0,1809.0,31,31,5,60.128161,False,warm,E2019,0.06928487690504104,7.664516129032258,21.848387096774196,2020-05-01,2020-05,9.046550307219663
Sweden,2020-06-01,29263.0,593.0,938.0,30,30,6,60.128161,False,warm,E2019,0.020264497830024264,16.596666666666668,21.848387096774196,2020-06-01,2020-06,9.046550307219663
Sweden,2020-07-01,9152.0,164.0,410.0,31,31,7,60.128161,False,warm,E2019,0.01791958041958042,15.629032258064516,21.848387096774196,2020-07-01,2020-07,9.046550307219663
Sweden,2020-08-01,7303.0,55.0,70.0,31,31,8,60.128161,False,warm,E2019,0.007531151581541832,17.848387096774193,21.848387096774196,2020-08-01,2020-08,9.046550307219663
Sweden,2020-09-01,8484.0,62.0,79.0,30,30,9,60.128161,False,warm,E2020,0.007307873644507308,13.386666666666667,21.848387096774196,2020-09-01,2020-09,9.046550307219663
Sweden,2020-10-01,31492.0,479.0,46.0,31,31,10,60.128161,False,transition,E2020,0.015210212117363139,8.73225806451613,21.848387096774196,2020-10-01,2020-10,9.046550307219663
Sweden,2020-11-01,118774.0,1587.0,743.0,30,30,11,60.128161,False,cold,E2020,0.013361510094801892,6.03,21.848387096774196,2020-11-01,2020-11,9.046550307219663
Sweden,2020-12-01,194250.0,2928.0,2046.0,31,31,12,60.128161,False,cold,E2020,0.015073359073359074,3.1967741935483875,21.848387096774196,2020-12-01,2020-12,9.046550307219663
Sweden,2021-01-01,129578.0,1728.0,2864.0,31,31,1,60.128161,False,cold,E2020,0.013335597092098967,-0.9838709677419355,21.848387096774196,2021-01-01,2021-01,9.046550307219663
Sweden,2021-02-01,90352.0,613.0,1235.0,28,28,2,60.128161,False,cold,E2020,0.00678457588099876,-2.1107142857142858,21.848387096774196,2021-02-01,2021-02,9.046550307219663
Sweden,2021-03-01,147577.0,601.0,639.0,31,31,3,60.128161,False,cold,E2020,0.004072450314073332,2.4129032258064513,21.848387096774196,2021-03-01,2021-03,9.046550307219663
Sweden,2021-04-01,168718.0,503.0,583.0,30,30,4,60.128161,False,transition,E2020,0.0029813060847093966,3.893333333333333,21.848387096774196,2021-04-01,2021-04,9.046550307219663
Sweden,2021-05-01,94869.0,208.0,403.0,31,31,5,60.128161,False,warm,E2020,0.002192497022209573,8.458064516129031,21.848387096774196,2021-05-01,2021-05,9.046550307219663
Sweden,2021-06-01,21517.0,77.0,178.0,30,30,6,60.128161,False,warm,E2020,0.003578565785193103,16.806666666666665,21.848387096774196,2021-06-01,2021-06,9.046550307219663
Sweden,2021-07-01,10050.0,17.0,26.0,31,31,7,60.128161,False,warm,E2020,0.001691542288557214,19.34193548387097,21.848387096774196,2021-07-01,2021-07,9.046550307219663
Sweden,2021-08-01,26773.0,122.0,37.0,31,31,8,60.128161,False,warm,E2020,0.004556829641803309,15.258064516129032,21.848387096774196,2021-08-01,2021-08,9.046550307219663
Sweden,2021-09-01,26073.0,196.0,172.0,30,30,9,60.128161,False,warm,E2021,0.007517355118321635,11.906666666666666,21.848387096774196,2021-09-01,2021-09,9.046550307219663
Sweden,2021-10-01,18626.0,124.0,161.0,31,31,10,60.128161,False,transition,E2021,0.006657360678621282,8.861290322580645,21.848387096774196,2021-10-01,2021-10,9.046550307219663
Switzerland,2020-03-01,16587.0,1371.0,485.0,31,31,3,46.8182,False,cold,E2019,0.0826550913365889,-0.34193548387096767,20.435483870967744,2020-03-01,2020-03,5.793096390168971
Switzerland,2020-04-01,12981.0,317.0,1180.0,30,30,4,46.8182,False,transition,E2019,0.024420306601956706,6.276666666666667,20.435483870967744,2020-04-01,2020-04,5.793096390168971
Switzerland,2020-05-01,1276.0,20.0,131.0,31,31,5,46.8182,False,warm,E2019,0.01567398119122257,7.883870967741935,20.435483870967744,2020-05-01,2020-05,5.793096390168971
Switzerland,2020-06-01,852.0,13.0,13.0,30,30,6,46.8182,False,warm,E2019,0.015258215962441314,10.35,20.435483870967744,2020-06-01,2020-06,5.793096390168971
Switzerland,2020-07-01,3518.0,22.0,18.0,31,31,7,46.8182,False,warm,E2019,0.0062535531552018195,13.509677419354839,20.435483870967744,2020-07-01,2020-07,5.793096390168971
Switzerland,2020-08-01,6945.0,52.0,21.0,31,31,8,46.8182,False,warm,E2019,0.007487401007919367,13.712903225806452,20.435483870967744,2020-08-01,2020-08,5.793096390168971
Switzerland,2020-09-01,11105.0,130.0,60.0,30,30,9,46.8182,False,warm,E2020,0.01170643854119766,10.370000000000001,20.435483870967744,2020-09-01,2020-09,5.793096390168971
Switzerland,2020-10-01,100969.0,2212.0,470.0,31,31,10,46.8182,False,transition,E2020,0.02190771424892789,4.025806451612903,20.435483870967744,2020-10-01,2020-10,5.793096390168971
Switzerland,2020-11-01,172821.0,2775.0,2675.0,30,30,11,46.8182,False,cold,E2020,0.016057076396965648,2.8233333333333333,20.435483870967744,2020-11-01,2020-11,5.793096390168971
Switzerland,2020-12-01,125224.0,2118.0,2820.0,31,31,12,46.8182,False,cold,E2020,0.016913690666325944,-3.3870967741935485,20.435483870967744,2020-12-01,2020-12,5.793096390168971
Switzerland,2021-01-01,69024.0,818.0,1650.0,31,31,1,46.8182,False,cold,E2020,0.011850950394065833,-5.451612903225806,20.435483870967744,2021-01-01,2021-01,5.793096390168971
Switzerland,2021-02-01,33612.0,256.0,493.0,28,28,2,46.8182,False,cold,E2020,0.00761632750208259,-0.6178571428571429,20.435483870967744,2021-02-01,2021-02,5.793096390168971
Switzerland,2021-03-01,46192.0,270.0,281.0,31,31,3,46.8182,False,cold,E2020,0.0058451679944579145,-1.1870967741935483,20.435483870967744,2021-03-01,2021-03,5.793096390168971
Switzerland,2021-04-01,58850.0,199.0,258.0,30,30,4,46.8182,False,transition,E2020,0.0033814783347493626,0.9033333333333334,20.435483870967744,2021-04-01,2021-04,5.793096390168971
Switzerland,2021-05-01,34766.0,93.0,157.0,31,31,5,46.8182,False,warm,E2020,0.0026750273255479492,4.274193548387097,20.435483870967744,2021-05-01,2021-05,5.793096390168971
Switzerland,2021-06-01,8264.0,16.0,61.0,30,30,6,46.8182,False,warm,E2020,0.001936108422071636,12.786666666666667,20.435483870967744,2021-06-01,2021-06,5.793096390168971
Switzerland,2021-07-01,14661.0,58.0,20.0,31,31,7,46.8182,False,warm,E2020,0.003956073937657731,12.712903225806452,20.435483870967744,2021-07-01,2021-07,5.793096390168971
Switzerland,2021-08-01,62001.0,183.0,106.0,31,31,8,46.8182,False,warm,E2020,0.002951565297333914,11.63225806451613,20.435483870967744,2021-08-01,2021-08,5.793096390168971
Switzerland,2021-09-01,60697.0,157.0,188.0,30,30,9,46.8182,False,warm,E2021,0.0025866187785228267,10.763333333333332,20.435483870967744,2021-09-01,2021-09,5.793096390168971
Switzerland,2021-10-01,32195.0,204.0,147.0,31,31,10,46.8182,False,transition,E2021,0.0063363876378319615,4.82258064516129,20.435483870967744,2021-10-01,2021-10,5.793096390168971
Taiwan*,2021-05-01,7383.0,554.0,112.0,31,31,5,23.7,False,warm,E2020,0.07503724773127456,18.96451612903226,10.587096774193549,2021-05-01,2021-05,19.655698924731183
Taiwan*,2021-06-01,6293.0,209.0,524.0,30,30,6,23.7,False,warm,E2020,0.03321150484665501,19.58,10.587096774193549,2021-06-01,2021-06,19.655698924731183
Taiwan*,2021-07-01,870.0,50.0,139.0,31,31,7,23.7,False,warm,E2020,0.05747126436781609,20.42258064516129,10.587096774193549,2021-07-01,2021-07,19.655698924731183
Thailand,2020-03-01,1609.0,48.0,10.0,31,31,3,15.870032000000002,False,cold,E2019,0.02983219390926041,28.838709677419356,7.016129032258064,2020-03-01,2020-03,27.01176710386388
Thailand,2020-04-01,1303.0,7.0,44.0,30,30,4,15.870032000000002,False,transition,E2019,0.005372217958557176,29.84333333333333,7.016129032258064,2020-04-01,2020-04,27.01176710386388
Thailand,2020-12-01,2886.0,12.0,1.0,31,31,12,15.870032000000002,False,cold,E2020,0.004158004158004158,24.183870967741935,7.016129032258064,2020-12-01,2020-12,27.01176710386388
Thailand,2021-01-01,11898.0,11.0,16.0,31,31,1,15.870032000000002,False,cold,E2020,0.0009245251302739956,22.948387096774194,7.016129032258064,2021-01-01,2021-01,27.01176710386388
Thailand,2021-02-01,7169.0,7.0,6.0,28,28,2,15.870032000000002,False,cold,E2020,0.0009764262798158739,25.510714285714283,7.016129032258064,2021-02-01,2021-02,27.01176710386388
Thailand,2021-03-01,2912.0,20.0,11.0,31,31,3,15.870032000000002,False,cold,E2020,0.006868131868131868,28.719354838709677,7.016129032258064,2021-03-01,2021-03,27.01176710386388
Thailand,2021-04-01,36290.0,625.0,109.0,30,30,4,15.870032000000002,False,transition,E2020,0.017222375310002754,27.423333333333336,7.016129032258064,2021-04-01,2021-04,27.01176710386388
Thailand,2021-05-01,94639.0,923.0,828.0,31,31,5,15.870032000000002,False,warm,E2020,0.009752850304842612,28.835483870967742,7.016129032258064,2021-05-01,2021-05,27.01176710386388
Thailand,2021-06-01,99509.0,1952.0,992.0,30,30,6,15.870032000000002,False,warm,E2020,0.01961631611211046,27.970000000000002,7.016129032258064,2021-06-01,2021-06,27.01176710386388
Thailand,2021-07-01,337986.0,5477.0,2834.0,31,31,7,15.870032000000002,False,warm,E2020,0.0162048132171155,27.225806451612904,7.016129032258064,2021-07-01,2021-07,27.01176710386388
Thailand,2021-08-01,607442.0,6525.0,6732.0,31,31,8,15.870032000000002,False,warm,E2020,0.010741766292090438,27.183870967741935,7.016129032258064,2021-08-01,2021-08,27.01176710386388
Thailand,2021-09-01,398745.0,2947.0,5138.0,30,30,9,15.870032000000002,False,warm,E2021,0.007390688284492596,26.273333333333333,7.016129032258064,2021-09-01,2021-09,27.01176710386388
Thailand,2021-10-01,308550.0,1828.0,2478.0,31,31,10,15.870032000000002,False,transition,E2021,0.00592448549667801,26.19677419354839,7.016129032258064,2021-10-01,2021-10,27.01176710386388
Tunisia,2020-04-01,600.0,9.0,31.0,30,30,4,33.886917,False,transition,E2019,0.015,19.740000000000002,22.903225806451612,2020-04-01,2020-04,22.833132680491552
Tunisia,2020-08-01,2268.0,100.0,27.0,31,31,8,33.886917,False,warm,E2019,0.04409171075837742,31.46451612903226,22.903225806451612,2020-08-01,2020-08,22.833132680491552
Tunisia,2020-09-01,14610.0,576.0,188.0,30,30,9,33.886917,False,warm,E2020,0.03942505133470226,27.446666666666665,22.903225806451612,2020-09-01,2020-09,22.833132680491552
Tunisia,2020-10-01,41400.0,2012.0,1052.0,31,31,10,33.886917,False,transition,E2020,0.04859903381642512,21.932258064516127,22.903225806451612,2020-10-01,2020-10,22.833132680491552
Tunisia,2020-11-01,36956.0,1447.0,1943.0,30,30,11,33.886917,False,cold,E2020,0.0391546704188765,17.313333333333333,22.903225806451612,2020-11-01,2020-11,22.833132680491552
Tunisia,2020-12-01,42371.0,1790.0,1416.0,31,31,12,33.886917,False,cold,E2020,0.04224587571688183,12.432258064516128,22.903225806451612,2020-12-01,2020-12,22.833132680491552
Tunisia,2021-01-01,69745.0,1804.0,2078.0,31,31,1,33.886917,False,cold,E2020,0.02586565345186035,13.087096774193547,22.903225806451612,2021-01-01,2021-01,22.833132680491552
Tunisia,2021-02-01,24392.0,753.0,1247.0,28,28,2,33.886917,False,cold,E2020,0.03087077730403411,15.335714285714287,22.903225806451612,2021-02-01,2021-02,22.833132680491552
Tunisia,2021-03-01,20741.0,1447.0,811.0,31,31,3,33.886917,False,cold,E2020,0.06976519936357939,15.754838709677419,22.903225806451612,2021-03-01,2021-03,22.833132680491552
Tunisia,2021-04-01,55101.0,2148.0,1910.0,30,30,4,33.886917,False,transition,E2020,0.03898295856699516,20.006666666666668,22.903225806451612,2021-04-01,2021-04,22.833132680491552
Tunisia,2021-05-01,36355.0,1977.0,1932.0,31,31,5,33.886917,False,warm,E2020,0.0543804153486453,24.164516129032258,22.903225806451612,2021-05-01,2021-05,22.833132680491552
Tunisia,2021-06-01,74629.0,3795.0,2305.0,30,30,6,33.886917,False,warm,E2020,0.05085154564579453,29.903333333333332,22.903225806451612,2021-06-01,2021-06,22.833132680491552
Tunisia,2021-07-01,169462.0,4544.0,4727.0,31,31,7,33.886917,False,warm,E2020,0.026814271046016216,31.664516129032258,22.903225806451612,2021-07-01,2021-07,22.833132680491552
Tunisia,2021-08-01,74469.0,2096.0,3765.0,31,31,8,33.886917,False,warm,E2020,0.028145939921309537,32.81290322580645,22.903225806451612,2021-08-01,2021-08,22.833132680491552
Tunisia,2021-09-01,43156.0,579.0,1439.0,30,30,9,33.886917,False,warm,E2021,0.013416442673092966,29.716666666666665,22.903225806451612,2021-09-01,2021-09,22.833132680491552
Tunisia,2021-10-01,5557.0,212.0,351.0,31,31,10,33.886917,False,transition,E2021,0.038150080978945476,22.55483870967742,22.903225806451612,2021-10-01,2021-10,22.833132680491552
Turkey,2020-03-01,13531.0,2250.0,214.0,31,31,3,38.9637,False,cold,E2019,0.1662848274333013,5.932258064516129,28.000000000000004,2020-03-01,2020-03,12.863748847926269
Turkey,2020-04-01,106673.0,1990.0,2960.0,30,30,4,38.9637,False,transition,E2019,0.018655142350922915,8.533333333333333,28.000000000000004,2020-04-01,2020-04,12.863748847926269
Turkey,2020-05-01,43738.0,701.0,1366.0,31,31,5,38.9637,False,warm,E2019,0.01602725318944625,14.287096774193548,28.000000000000004,2020-05-01,2020-05,12.863748847926269
Turkey,2020-06-01,35964.0,576.0,591.0,30,30,6,38.9637,False,warm,E2019,0.016016016016016016,18.293333333333333,28.000000000000004,2020-06-01,2020-06,12.863748847926269
Turkey,2020-07-01,30967.0,554.0,560.0,31,31,7,38.9637,False,warm,E2019,0.017890011948202927,23.061290322580643,28.000000000000004,2020-07-01,2020-07,12.863748847926269
Turkey,2020-08-01,39260.0,1494.0,679.0,31,31,8,38.9637,False,warm,E2019,0.0380539989811513,21.12258064516129,28.000000000000004,2020-08-01,2020-08,12.863748847926269
Turkey,2020-09-01,48530.0,1939.0,1825.0,30,30,9,38.9637,False,warm,E2020,0.039954667216154954,21.626666666666665,28.000000000000004,2020-09-01,2020-09,12.863748847926269
Turkey,2020-10-01,56704.0,2706.0,2057.0,31,31,10,38.9637,False,transition,E2020,0.04772150112866817,16.538709677419355,28.000000000000004,2020-10-01,2020-10,12.863748847926269
Turkey,2020-11-01,263480.0,6132.0,3494.0,30,30,11,38.9637,False,cold,E2020,0.023273113708820403,4.713333333333334,28.000000000000004,2020-11-01,2020-11,12.863748847926269
Turkey,2020-12-01,1569805.0,6289.0,7135.0,31,31,12,38.9637,False,cold,E2020,0.0040062300731619534,2.9612903225806453,28.000000000000004,2020-12-01,2020-12,12.863748847926269
Turkey,2021-01-01,268811.0,3420.0,5112.0,31,31,1,38.9637,False,cold,E2020,0.012722693639769207,1.567741935483871,28.000000000000004,2021-01-01,2021-01,12.863748847926269
Turkey,2021-02-01,224125.0,2001.0,2576.0,28,28,2,38.9637,False,cold,E2020,0.008928053541550475,1.0214285714285716,28.000000000000004,2021-02-01,2021-02,12.863748847926269
Turkey,2021-03-01,615594.0,6914.0,2968.0,31,31,3,38.9637,False,cold,E2020,0.01123142850645068,3.2096774193548385,28.000000000000004,2021-03-01,2021-03,12.863748847926269
Turkey,2021-04-01,1503409.0,8865.0,8594.0,30,30,4,38.9637,False,transition,E2020,0.005896598996015056,10.153333333333334,28.000000000000004,2021-04-01,2021-04,12.863748847926269
Turkey,2021-05-01,428813.0,3396.0,7396.0,31,31,5,38.9637,False,warm,E2020,0.007919536021529198,16.161290322580644,28.000000000000004,2021-05-01,2021-05,12.863748847926269
Turkey,2021-06-01,176248.0,1473.0,2205.0,30,30,6,38.9637,False,warm,E2020,0.008357541645862648,17.486666666666668,28.000000000000004,2021-06-01,2021-06,12.863748847926269
Turkey,2021-07-01,301393.0,3618.0,1600.0,31,31,7,38.9637,False,warm,E2020,0.012004260218385961,22.580645161290324,28.000000000000004,2021-07-01,2021-07,12.863748847926269
Turkey,2021-08-01,661286.0,7738.0,5378.0,31,31,8,38.9637,False,warm,E2020,0.011701442341135303,21.561290322580643,28.000000000000004,2021-08-01,2021-08,12.863748847926269
Turkey,2021-09-01,765739.0,6407.0,7344.0,30,30,9,38.9637,False,warm,E2021,0.008367080689373273,15.653333333333334,28.000000000000004,2021-09-01,2021-09,12.863748847926269
Turkey,2021-10-01,878918.0,6570.0,6557.0,31,31,10,38.9637,False,transition,E2021,0.007475100066217781,10.80967741935484,28.000000000000004,2021-10-01,2021-10,12.863748847926269
US,2020-03-01,192054.0,47771.0,5358.0,31,31,3,40.0,False,cold,E2019,0.24873733429139722,7.180645161290323,32.636866359447005,2020-03-01,2020-03,14.704269585253456
US,2020-04-01,889071.0,50245.0,61279.0,30,30,4,40.0,False,transition,E2019,0.05651404668468547,10.673333333333334,32.636866359447005,2020-04-01,2020-04,14.704269585253456
US,2020-05-01,710397.0,24151.0,41219.0,31,31,5,40.0,False,warm,E2019,0.03399648365632175,16.051612903225806,32.636866359447005,2020-05-01,2020-05,14.704269585253456
US,2020-06-01,857250.0,20181.0,19575.0,30,30,6,40.0,False,warm,E2019,0.023541557305336833,26.720000000000002,32.636866359447005,2020-06-01,2020-06,14.704269585253456
US,2020-07-01,1899700.0,31793.0,26537.0,31,31,7,40.0,False,warm,E2019,0.01673580038953519,26.44193548387097,32.636866359447005,2020-07-01,2020-07,14.704269585253456
US,2020-08-01,1497992.0,24269.0,28825.0,31,31,8,40.0,False,warm,E2019,0.016201021100246196,25.183870967741935,32.636866359447005,2020-08-01,2020-08,14.704269585253456
US,2020-09-01,1199711.0,22777.0,23163.0,30,30,9,40.0,False,warm,E2020,0.018985405651861156,19.386666666666667,32.636866359447005,2020-09-01,2020-09,14.704269585253456
US,2020-10-01,1930152.0,35440.0,24588.0,31,31,10,40.0,False,transition,E2020,0.01836124823329976,11.077419354838709,32.636866359447005,2020-10-01,2020-10,14.704269585253456
US,2020-11-01,4491563.0,66622.0,40056.0,30,30,11,40.0,False,cold,E2020,0.014832698550593635,8.423333333333334,32.636866359447005,2020-11-01,2020-11,14.704269585253456
US,2020-12-01,6551963.0,91796.0,80003.0,31,31,12,40.0,False,cold,E2020,0.014010457629263168,1.464516129032258,32.636866359447005,2020-12-01,2020-12,14.704269585253456
US,2021-01-01,6137229.0,82402.0,95998.0,31,31,1,40.0,False,cold,E2020,0.01342658062783709,-0.17741935483870971,32.636866359447005,2021-01-01,2021-01,14.704269585253456
US,2021-02-01,2407191.0,41167.0,65225.0,28,28,2,40.0,False,cold,E2020,0.01710167577063889,-5.714285714285714,32.636866359447005,2021-02-01,2021-02,14.704269585253456
US,2021-03-01,1815187.0,26495.0,36522.0,31,31,3,40.0,False,cold,E2020,0.01459629228283367,7.058064516129033,32.636866359447005,2021-03-01,2021-03,14.704269585253456
US,2021-04-01,1888570.0,19379.0,23807.0,30,30,4,40.0,False,transition,E2020,0.010261202920728381,10.623333333333333,32.636866359447005,2021-04-01,2021-04,14.704269585253456
US,2021-05-01,918392.0,13106.0,18105.0,31,31,5,40.0,False,warm,E2020,0.01427059469159139,16.50967741935484,32.636866359447005,2021-05-01,2021-05,14.704269585253456
US,2021-06-01,395878.0,7863.0,10428.0,30,30,6,40.0,False,warm,E2020,0.019862179762452067,24.82,32.636866359447005,2021-06-01,2021-06,14.704269585253456
US,2021-07-01,1325079.0,19188.0,8791.0,31,31,7,40.0,False,warm,E2020,0.014480646059593427,26.164516129032258,32.636866359447005,2021-07-01,2021-07,14.704269585253456
US,2021-08-01,4287684.0,51610.0,28285.0,31,31,8,40.0,False,warm,E2020,0.012036801219492854,26.280645161290323,32.636866359447005,2021-08-01,2021-08,14.704269585253456
US,2021-09-01,4144508.0,56052.0,59124.0,30,30,9,40.0,False,warm,E2021,0.01352440386168877,22.243333333333332,32.636866359447005,2021-09-01,2021-09,14.704269585253456
US,2021-10-01,2513765.0,37304.0,47997.0,31,31,10,40.0,False,transition,E2021,0.014839891557086681,13.674193548387096,32.636866359447005,2021-10-01,2021-10,14.704269585253456
Ukraine,2020-03-01,645.0,158.0,17.0,31,31,3,48.3794,False,cold,E2019,0.24496124031007752,6.554838709677419,27.474654377880185,2020-03-01,2020-03,11.98113287250384
Ukraine,2020-04-01,9761.0,418.0,244.0,30,30,4,48.3794,False,transition,E2019,0.04282348120069665,9.67,27.474654377880185,2020-04-01,2020-04,11.98113287250384
Ukraine,2020-05-01,13266.0,433.0,447.0,31,31,5,48.3794,False,warm,E2019,0.03263983114729383,13.2,27.474654377880185,2020-05-01,2020-05,11.98113287250384
Ukraine,2020-06-01,21582.0,525.0,465.0,30,30,6,48.3794,False,warm,E2019,0.024325827078120657,21.15666666666667,27.474654377880185,2020-06-01,2020-06,11.98113287250384
Ukraine,2020-07-01,26150.0,711.0,544.0,31,31,7,48.3794,False,warm,E2019,0.02718929254302103,22.6,27.474654377880185,2020-07-01,2020-07,11.98113287250384
Ukraine,2020-08-01,52728.0,1404.0,888.0,31,31,8,48.3794,False,warm,E2019,0.026627218934911243,22.18064516129032,27.474654377880185,2020-08-01,2020-08,11.98113287250384
Ukraine,2020-09-01,90314.0,2441.0,1616.0,30,30,9,48.3794,False,warm,E2020,0.027027924795712737,19.05666666666667,27.474654377880185,2020-09-01,2020-09,11.98113287250384
Ukraine,2020-10-01,184884.0,5056.0,3178.0,31,31,10,48.3794,False,transition,E2020,0.027346876960688864,13.616129032258065,27.474654377880185,2020-10-01,2020-10,11.98113287250384
Ukraine,2020-11-01,353013.0,6144.0,5332.0,30,30,11,48.3794,False,cold,E2020,0.017404458192757773,4.376666666666667,27.474654377880185,2020-11-01,2020-11,11.98113287250384
Ukraine,2020-12-01,334654.0,5228.0,6550.0,31,31,12,48.3794,False,cold,E2020,0.01562210521912184,0.5903225806451612,27.474654377880185,2020-12-01,2020-12,11.98113287250384
Ukraine,2021-01-01,174549.0,3949.0,4579.0,31,31,1,48.3794,False,cold,E2020,0.022624019616268212,-1.2999999999999998,27.474654377880185,2021-01-01,2021-01,11.98113287250384
Ukraine,2021-02-01,133982.0,5044.0,3544.0,28,28,2,48.3794,False,cold,E2020,0.037646848084071,-3.4714285714285715,27.474654377880185,2021-02-01,2021-02,11.98113287250384
Ukraine,2021-03-01,329501.0,11051.0,7052.0,31,31,3,48.3794,False,cold,E2020,0.03353859320609042,2.1516129032258067,27.474654377880185,2021-03-01,2021-03,11.98113287250384
Ukraine,2021-04-01,399041.0,8511.0,11467.0,30,30,4,48.3794,False,transition,E2020,0.021328635403379603,7.443333333333333,27.474654377880185,2021-04-01,2021-04,11.98113287250384
Ukraine,2021-05-01,136829.0,3116.0,6650.0,31,31,5,48.3794,False,warm,E2020,0.02277295017869019,14.506451612903225,27.474654377880185,2021-05-01,2021-05,11.98113287250384
Ukraine,2021-06-01,39202.0,1053.0,2008.0,30,30,6,48.3794,False,warm,E2020,0.026860874445181367,19.89333333333333,27.474654377880185,2021-06-01,2021-06,11.98113287250384
Ukraine,2021-07-01,33308.0,1212.0,975.0,31,31,7,48.3794,False,warm,E2020,0.036387654617509306,24.003225806451614,27.474654377880185,2021-07-01,2021-07,11.98113287250384
Ukraine,2021-08-01,51155.0,2172.0,1448.0,31,31,8,48.3794,False,warm,E2020,0.042459192649789854,21.22258064516129,27.474654377880185,2021-08-01,2021-08,11.98113287250384
Ukraine,2021-09-01,148737.0,7818.0,2976.0,30,30,9,48.3794,False,warm,E2021,0.05256257689747675,13.92,27.474654377880185,2021-09-01,2021-09,11.98113287250384
Ukraine,2021-10-01,524807.0,19813.0,12093.0,31,31,10,48.3794,False,transition,E2021,0.037752926313863955,8.251612903225807,27.474654377880185,2021-10-01,2021-10,11.98113287250384
United Arab Emirates,2020-03-01,643.0,44.0,6.0,31,31,3,23.424076,False,cold,E2019,0.06842923794712286,23.070967741935487,19.735483870967744,2020-03-01,2020-03,30.07026766513057
United Arab Emirates,2020-04-01,11817.0,191.0,99.0,30,30,4,23.424076,False,transition,E2019,0.016163154777016162,30.113333333333333,19.735483870967744,2020-04-01,2020-04,30.07026766513057
United Arab Emirates,2020-05-01,22076.0,65.0,159.0,31,31,5,23.424076,False,warm,E2019,0.0029443739807936222,33.167741935483875,19.735483870967744,2020-05-01,2020-05,30.07026766513057
United Arab Emirates,2020-06-01,14110.0,39.0,51.0,30,30,6,23.424076,False,warm,E2019,0.0027639971651311126,34.983333333333334,19.735483870967744,2020-06-01,2020-06,30.07026766513057
United Arab Emirates,2020-07-01,11839.0,29.0,36.0,31,31,7,23.424076,False,warm,E2019,0.0024495312104062844,37.57096774193548,19.735483870967744,2020-07-01,2020-07,30.07026766513057
United Arab Emirates,2020-08-01,9725.0,35.0,33.0,31,31,8,23.424076,False,warm,E2019,0.0035989717223650387,36.067741935483866,19.735483870967744,2020-08-01,2020-08,30.07026766513057
United Arab Emirates,2020-09-01,23959.0,67.0,35.0,30,30,9,23.424076,False,warm,E2020,0.002796443925038608,33.39666666666667,19.735483870967744,2020-09-01,2020-09,30.07026766513057
United Arab Emirates,2020-10-01,38439.0,76.0,76.0,31,31,10,23.424076,False,transition,E2020,0.0019771586149483597,28.654838709677417,19.735483870967744,2020-10-01,2020-10,30.07026766513057
United Arab Emirates,2020-11-01,36231.0,91.0,77.0,30,30,11,23.424076,False,cold,E2020,0.002511661284535343,24.56,19.735483870967744,2020-11-01,2020-11,30.07026766513057
United Arab Emirates,2020-12-01,38962.0,127.0,97.0,31,31,12,23.424076,False,cold,E2020,0.0032595862635388328,19.903225806451612,19.735483870967744,2020-12-01,2020-12,30.07026766513057
United Arab Emirates,2021-01-01,95787.0,359.0,181.0,31,31,1,23.424076,False,cold,E2020,0.0037478989842045373,17.925806451612903,19.735483870967744,2021-01-01,2021-01,30.07026766513057
United Arab Emirates,2021-02-01,87915.0,313.0,371.0,28,28,2,23.424076,False,cold,E2020,0.0035602570664846726,20.34642857142857,19.735483870967744,2021-02-01,2021-02,30.07026766513057
United Arab Emirates,2021-03-01,69920.0,123.0,276.0,31,31,3,23.424076,False,cold,E2020,0.0017591533180778033,25.787096774193547,19.735483870967744,2021-03-01,2021-03,30.07026766513057
United Arab Emirates,2021-04-01,58792.0,83.0,90.0,30,30,4,23.424076,False,transition,E2020,0.0014117567015920532,29.366666666666667,19.735483870967744,2021-04-01,2021-04,30.07026766513057
United Arab Emirates,2021-05-01,50600.0,119.0,93.0,31,31,5,23.424076,False,warm,E2020,0.0023517786561264823,33.10967741935484,19.735483870967744,2021-05-01,2021-05,30.07026766513057
United Arab Emirates,2021-06-01,62071.0,144.0,131.0,30,30,6,23.424076,False,warm,E2020,0.0023199239580480417,35.24333333333333,19.735483870967744,2021-06-01,2021-06,30.07026766513057
United Arab Emirates,2021-07-01,47951.0,111.0,138.0,31,31,7,23.424076,False,warm,E2020,0.0023148630894037664,37.66129032258065,19.735483870967744,2021-07-01,2021-07,30.07026766513057
United Arab Emirates,2021-08-01,37512.0,60.0,92.0,31,31,8,23.424076,False,warm,E2020,0.001599488163787588,36.73870967741936,19.735483870967744,2021-08-01,2021-08,30.07026766513057
United Arab Emirates,2021-09-01,17622.0,48.0,56.0,30,30,9,23.424076,False,warm,E2021,0.002723867892407218,33.763333333333335,19.735483870967744,2021-09-01,2021-09,30.07026766513057
United Arab Emirates,2021-10-01,3913.0,18.0,39.0,31,31,10,23.424076,False,transition,E2021,0.004600051111679018,29.9741935483871,19.735483870967744,2021-10-01,2021-10,30.07026766513057
United Kingdom,2020-03-01,38727.0,30183.0,5142.0,31,31,3,55.22978733969726,False,cold,E2019,0.7793787280192114,3.890322580645161,15.8,2020-03-01,2020-03,8.71513940092166
United Kingdom,2020-04-01,139977.0,19071.0,33917.0,30,30,4,55.22978733969726,False,transition,E2019,0.1362438114833151,7.383333333333334,15.8,2020-04-01,2020-04,8.71513940092166
United Kingdom,2020-05-01,78770.0,5635.0,13507.0,31,31,5,55.22978733969726,False,warm,E2019,0.07153738733020186,10.02258064516129,15.8,2020-05-01,2020-05,8.71513940092166
United Kingdom,2020-06-01,27678.0,1649.0,3715.0,30,30,6,55.22978733969726,False,warm,E2019,0.05957800419105427,13.103333333333333,15.8,2020-06-01,2020-06,8.71513940092166
United Kingdom,2020-07-01,19576.0,674.0,1150.0,31,31,7,55.22978733969726,False,warm,E2019,0.034429914180629344,12.47741935483871,15.8,2020-07-01,2020-07,8.71513940092166
United Kingdom,2020-08-01,33287.0,592.0,550.0,31,31,8,55.22978733969726,False,warm,E2019,0.017784720761858983,14.061290322580644,15.8,2020-08-01,2020-08,8.71513940092166
United Kingdom,2020-09-01,117771.0,3071.0,891.0,30,30,9,55.22978733969726,False,warm,E2020,0.02607602890355011,10.773333333333333,15.8,2020-09-01,2020-09,8.71513940092166
United Kingdom,2020-10-01,558941.0,11862.0,5433.0,31,31,10,55.22978733969726,False,transition,E2020,0.021222275696361512,7.835483870967742,15.8,2020-10-01,2020-10,8.71513940092166
United Kingdom,2020-11-01,618891.0,14772.0,13451.0,30,30,11,55.22978733969726,False,cold,E2020,0.0238685002690296,6.376666666666667,15.8,2020-11-01,2020-11,8.71513940092166
United Kingdom,2020-12-01,862508.0,31691.0,17348.0,31,31,12,55.22978733969726,False,cold,E2020,0.03674284760257296,3.02258064516129,15.8,2020-12-01,2020-12,8.71513940092166
United Kingdom,2021-01-01,1331944.0,26427.0,36684.0,31,31,1,55.22978733969726,False,cold,E2020,0.01984092424306127,0.25483870967741934,15.8,2021-01-01,2021-01,8.71513940092166
United Kingdom,2021-02-01,360692.0,5943.0,16847.0,28,28,2,55.22978733969726,False,cold,E2020,0.016476661528395418,2.482142857142857,15.8,2021-02-01,2021-02,8.71513940092166
United Kingdom,2021-03-01,171156.0,1646.0,4311.0,31,31,3,55.22978733969726,False,cold,E2020,0.009616957629297249,5.061290322580645,15.8,2021-03-01,2021-03,8.71513940092166
United Kingdom,2021-04-01,72266.0,535.0,1120.0,30,30,4,55.22978733969726,False,transition,E2020,0.007403204826612791,4.496666666666667,15.8,2021-04-01,2021-04,8.71513940092166
United Kingdom,2021-05-01,70984.0,412.0,430.0,31,31,5,55.22978733969726,False,warm,E2020,0.005804124873210865,7.638709677419355,15.8,2021-05-01,2021-05,8.71513940092166
United Kingdom,2021-06-01,314016.0,1205.0,483.0,30,30,6,55.22978733969726,False,warm,E2020,0.003837384082339753,13.103333333333333,15.8,2021-06-01,2021-06,8.71513940092166
United Kingdom,2021-07-01,1066166.0,2937.0,1862.0,31,31,7,55.22978733969726,False,warm,E2020,0.002754730501629202,16.05483870967742,15.8,2021-07-01,2021-07,8.71513940092166
United Kingdom,2021-08-01,937907.0,4453.0,3348.0,31,31,8,55.22978733969726,False,warm,E2020,0.0047478054860449915,13.651612903225805,15.8,2021-08-01,2021-08,8.71513940092166
United Kingdom,2021-09-01,1022537.0,4106.0,4448.0,30,30,9,55.22978733969726,False,warm,E2021,0.0040155026175091955,13.103333333333333,15.8,2021-09-01,2021-09,8.71513940092166
United Kingdom,2021-10-01,1256678.0,5053.0,4603.0,31,31,10,55.22978733969726,False,transition,E2021,0.004020918644235039,9.509677419354839,15.8,2021-10-01,2021-10,8.71513940092166
Uruguay,2020-10-01,1078.0,16.0,10.0,31,31,10,-32.5228,True,transition,E2020,0.014842300556586271,17.125806451612902,16.199892473118275,2020-10-01,2020-10,17.649707550514
Uruguay,2020-11-01,2733.0,50.0,19.0,30,30,11,-32.5228,True,warm,E2020,0.018294914013904134,20.363333333333333,16.199892473118275,2020-11-01,2020-11,17.649707550514
Uruguay,2020-12-01,13262.0,228.0,104.0,31,31,12,-32.5228,True,warm,E2020,0.017191977077363897,22.63225806451613,16.199892473118275,2020-12-01,2020-12,17.649707550514
Uruguay,2021-01-01,22619.0,227.0,255.0,31,31,1,-32.5228,True,warm,E2020,0.01003581060170653,24.396774193548385,16.199892473118275,2021-01-01,2021-01,17.649707550514
Uruguay,2021-02-01,16256.0,218.0,172.0,28,28,2,-32.5228,True,warm,E2020,0.013410433070866142,22.310714285714287,16.199892473118275,2021-02-01,2021-02,17.649707550514
Uruguay,2021-03-01,47555.0,1291.0,366.0,31,31,3,-32.5228,True,warm,E2020,0.027147513405530437,21.80322580645161,16.199892473118275,2021-03-01,2021-03,17.649707550514
Uruguay,2021-04-01,92879.0,1677.0,1642.0,30,30,4,-32.5228,True,transition,E2020,0.01805574995424154,19.113333333333333,16.199892473118275,2021-04-01,2021-04,17.649707550514
Uruguay,2021-05-01,96075.0,1556.0,1660.0,31,31,5,-32.5228,True,cold,E2020,0.01619568045797554,12.887096774193548,16.199892473118275,2021-05-01,2021-05,17.649707550514
Uruguay,2021-06-01,74847.0,589.0,1317.0,30,30,6,-32.5228,True,cold,E2020,0.007869386882573784,11.770000000000001,16.199892473118275,2021-06-01,2021-06,17.649707550514
Uruguay,2021-07-01,12167.0,111.0,371.0,31,31,7,-32.5228,True,cold,E2020,0.009123037724993836,11.293548387096775,16.199892473118275,2021-07-01,2021-07,17.649707550514
Uruguay,2021-08-01,3417.0,33.0,68.0,31,31,8,-32.5228,True,cold,E2020,0.009657594381035996,12.951612903225806,16.199892473118275,2021-08-01,2021-08,17.649707550514
Uruguay,2021-09-01,3994.0,20.0,23.0,30,30,9,-32.5228,True,cold,E2021,0.005007511266900351,15.553333333333335,16.199892473118275,2021-09-01,2021-09,17.649707550514
Uruguay,2021-10-01,4971.0,46.0,23.0,31,31,10,-32.5228,True,transition,E2021,0.009253671293502314,17.24516129032258,16.199892473118275,2021-10-01,2021-10,17.649707550514
Uzbekistan,2020-04-01,1867.0,7.0,7.0,30,30,4,41.377491,False,transition,E2019,0.003749330476700589,16.51,35.86129032258064,2020-04-01,2020-04,18.524808841099162
Uzbekistan,2020-05-01,1584.0,6.0,6.0,31,31,5,41.377491,False,warm,E2019,0.003787878787878788,23.09032258064516,35.86129032258064,2020-05-01,2020-05,18.524808841099162
Uzbekistan,2020-06-01,4880.0,76.0,11.0,30,30,6,41.377491,False,warm,E2019,0.01557377049180328,28.95,35.86129032258064,2020-06-01,2020-06,18.524808841099162
Uzbekistan,2020-07-01,15506.0,165.0,115.0,31,31,7,41.377491,False,warm,E2019,0.01064104217722172,31.09032258064516,35.86129032258064,2020-07-01,2020-07,18.524808841099162
Uzbekistan,2020-08-01,17884.0,177.0,179.0,31,31,8,41.377491,False,warm,E2019,0.009897114739431894,27.32903225806452,35.86129032258064,2020-08-01,2020-08,18.524808841099162
Uzbekistan,2020-09-01,14824.0,97.0,150.0,30,30,9,41.377491,False,warm,E2020,0.006543443065299514,19.946666666666665,35.86129032258064,2020-09-01,2020-09,18.524808841099162
Uzbekistan,2020-10-01,10215.0,69.0,96.0,31,31,10,41.377491,False,transition,E2020,0.006754772393538913,12.422580645161291,35.86129032258064,2020-10-01,2020-10,18.524808841099162
Uzbekistan,2020-11-01,6162.0,9.0,44.0,30,30,11,41.377491,False,cold,E2020,0.0014605647517039922,2.05,35.86129032258064,2020-11-01,2020-11,18.524808841099162
Uzbekistan,2020-12-01,3966.0,8.0,4.0,31,31,12,41.377491,False,cold,E2020,0.002017145738779627,-3.767741935483871,35.86129032258064,2020-12-01,2020-12,18.524808841099162
Uzbekistan,2021-01-01,1651.0,2.0,7.0,31,31,1,41.377491,False,cold,E2020,0.0012113870381586917,-0.13548387096774187,35.86129032258064,2021-01-01,2021-01,18.524808841099162
Uzbekistan,2021-03-01,2943.0,18.0,7.0,31,31,3,41.377491,False,cold,E2020,0.0061162079510703364,6.077419354838709,35.86129032258064,2021-03-01,2021-03,18.524808841099162
Uzbekistan,2021-04-01,7939.0,38.0,20.0,30,30,4,41.377491,False,transition,E2020,0.004786497039929462,17.116666666666667,35.86129032258064,2021-04-01,2021-04,18.524808841099162
Uzbekistan,2021-05-01,9527.0,40.0,41.0,31,31,5,41.377491,False,warm,E2020,0.004198593471187152,26.77741935483871,35.86129032258064,2021-05-01,2021-05,18.524808841099162
Uzbekistan,2021-06-01,10342.0,91.0,46.0,30,30,6,41.377491,False,warm,E2020,0.008799071746277316,30.5,35.86129032258064,2021-06-01,2021-06,18.524808841099162
Uzbekistan,2021-07-01,18650.0,206.0,138.0,31,31,7,41.377491,False,warm,E2020,0.011045576407506702,32.093548387096774,35.86129032258064,2021-07-01,2021-07,18.524808841099162
Uzbekistan,2021-08-01,27067.0,182.0,208.0,31,31,8,41.377491,False,warm,E2020,0.006724055122473861,29.93548387096774,35.86129032258064,2021-08-01,2021-08,18.524808841099162
Uzbekistan,2021-09-01,17501.0,100.0,157.0,30,30,9,41.377491,False,warm,E2021,0.005713959202331295,23.17,35.86129032258064,2021-09-01,2021-09,18.524808841099162
Uzbekistan,2021-10-01,12068.0,78.0,84.0,31,31,10,41.377491,False,transition,E2021,0.006463374212794166,10.290322580645162,35.86129032258064,2021-10-01,2021-10,18.524808841099162
Venezuela,2020-05-01,1177.0,23.0,4.0,31,31,5,6.4238,False,warm,E2019,0.01954120645709431,26.951612903225808,5.853763440860213,2020-05-01,2020-05,25.88316009557945
Venezuela,2020-06-01,4322.0,87.0,37.0,30,30,6,6.4238,False,warm,E2019,0.02012956964368348,25.740000000000002,5.853763440860213,2020-06-01,2020-06,25.88316009557945
Venezuela,2020-07-01,12742.0,197.0,113.0,31,31,7,6.4238,False,warm,E2019,0.0154606812117407,25.287096774193547,5.853763440860213,2020-07-01,2020-07,25.88316009557945
Venezuela,2020-08-01,28154.0,238.0,222.0,31,31,8,6.4238,False,warm,E2019,0.008453505718547987,25.451612903225808,5.853763440860213,2020-08-01,2020-08,25.88316009557945
Venezuela,2020-09-01,28394.0,198.0,242.0,30,30,9,6.4238,False,warm,E2020,0.00697330421920124,26.12,5.853763440860213,2020-09-01,2020-09,25.88316009557945
Venezuela,2020-10-01,16891.0,116.0,170.0,31,31,10,6.4238,False,transition,E2020,0.006867562607305666,26.148387096774194,5.853763440860213,2020-10-01,2020-10,25.88316009557945
Venezuela,2020-11-01,10381.0,124.0,99.0,30,30,11,6.4238,False,cold,E2020,0.01194489933532415,25.78666666666667,5.853763440860213,2020-11-01,2020-11,25.88316009557945
Venezuela,2020-12-01,11164.0,136.0,131.0,31,31,12,6.4238,False,cold,E2020,0.012182013615191688,25.751612903225805,5.853763440860213,2020-12-01,2020-12,25.88316009557945
Venezuela,2021-01-01,13369.0,187.0,161.0,31,31,1,6.4238,False,cold,E2020,0.013987583214900142,25.712903225806453,5.853763440860213,2021-01-01,2021-01,25.88316009557945
Venezuela,2021-02-01,12189.0,177.0,155.0,28,28,2,6.4238,False,cold,E2020,0.014521289687423087,27.599999999999998,5.853763440860213,2021-02-01,2021-02,25.88316009557945
Venezuela,2021-03-01,21381.0,472.0,258.0,31,31,3,6.4238,False,cold,E2020,0.022075674664421684,26.848387096774193,5.853763440860213,2021-03-01,2021-03,25.88316009557945
Venezuela,2021-04-01,37186.0,518.0,534.0,30,30,4,6.4238,False,transition,E2020,0.013929973645995805,26.45,5.853763440860213,2021-04-01,2021-04,25.88316009557945
Venezuela,2021-05-01,36482.0,490.0,510.0,31,31,5,6.4238,False,warm,E2020,0.013431281179759882,25.438709677419357,5.853763440860213,2021-05-01,2021-05,25.88316009557945
Venezuela,2021-06-01,38547.0,453.0,473.0,30,30,6,6.4238,False,warm,E2020,0.011751887306405168,25.259999999999998,5.853763440860213,2021-06-01,2021-06,25.88316009557945
Venezuela,2021-07-01,33054.0,460.0,472.0,31,31,7,6.4238,False,warm,E2020,0.013916621286379863,24.55483870967742,5.853763440860213,2021-07-01,2021-07,25.88316009557945
Venezuela,2021-08-01,28577.0,425.0,419.0,31,31,8,6.4238,False,warm,E2020,0.0148720999405116,25.11935483870968,5.853763440860213,2021-08-01,2021-08,25.88316009557945
Venezuela,2021-09-01,34625.0,452.0,459.0,30,30,9,6.4238,False,warm,E2021,0.013054151624548737,25.746666666666666,5.853763440860213,2021-09-01,2021-09,25.88316009557945
Venezuela,2021-10-01,38183.0,316.0,422.0,31,31,10,6.4238,False,transition,E2021,0.00827593431631878,25.929032258064513,5.853763440860213,2021-10-01,2021-10,25.88316009557945
Vietnam,2021-05-01,4504.0,28.0,12.0,31,31,5,14.058324,False,warm,E2020,0.006216696269982238,24.22258064516129,7.154838709677424,2021-05-01,2021-05,22.7526523297491
Vietnam,2021-06-01,9620.0,301.0,34.0,30,30,6,14.058324,False,warm,E2020,0.03128898128898129,23.05,7.154838709677424,2021-06-01,2021-06,22.7526523297491
Vietnam,2021-07-01,133008.0,7170.0,1225.0,31,31,7,14.058324,False,warm,E2020,0.05390653193792855,22.467741935483872,7.154838709677424,2021-07-01,2021-07,22.7526523297491
Vietnam,2021-08-01,312036.0,10005.0,9758.0,31,31,8,14.058324,False,warm,E2020,0.03206360804522555,22.793548387096774,7.154838709677424,2021-08-01,2021-08,22.7526523297491
Vietnam,2021-09-01,328659.0,3942.0,8237.0,30,30,9,14.058324,False,warm,E2021,0.011994194590746032,22.14333333333333,7.154838709677424,2021-09-01,2021-09,22.7526523297491
Vietnam,2021-10-01,130367.0,2274.0,2782.0,31,31,10,14.058324,False,transition,E2021,0.017443064579226338,21.838709677419356,7.154838709677424,2021-10-01,2021-10,22.7526523297491
West Bank and Gaza,2020-06-01,1980.0,61.0,5.0,30,30,6,31.9522,False,warm,E2019,0.03080808080808081,21.59333333333333,18.900967741935485,2020-06-01,2020-06,19.591577663323392
West Bank and Gaza,2020-07-01,9409.0,58.0,74.0,31,31,7,31.9522,False,warm,E2019,0.006164310766287597,24.45483870967742,18.900967741935485,2020-07-01,2020-07,19.591577663323392
West Bank and Gaza,2020-08-01,10892.0,143.0,70.0,31,31,8,31.9522,False,warm,E2019,0.013128901946382667,24.05806451612903,18.900967741935485,2020-08-01,2020-08,19.591577663323392
West Bank and Gaza,2020-09-01,17170.0,162.0,159.0,30,30,9,31.9522,False,warm,E2020,0.009435061153174142,26.23,18.900967741935485,2020-09-01,2020-09,19.591577663323392
West Bank and Gaza,2020-10-01,13621.0,193.0,172.0,31,31,10,31.9522,False,transition,E2020,0.01416929740841348,22.509677419354837,18.900967741935485,2020-10-01,2020-10,19.591577663323392
West Bank and Gaza,2020-11-01,32127.0,549.0,249.0,30,30,11,31.9522,False,cold,E2020,0.017088430292277523,14.85,18.900967741935485,2020-11-01,2020-11,19.591577663323392
West Bank and Gaza,2020-12-01,52357.0,588.0,668.0,31,31,12,31.9522,False,cold,E2020,0.011230589987967225,11.996774193548386,18.900967741935485,2020-12-01,2020-12,19.591577663323392
West Bank and Gaza,2021-01-01,20958.0,219.0,433.0,31,31,1,31.9522,False,cold,E2020,0.010449470369310048,10.841935483870968,18.900967741935485,2021-01-01,2021-01,19.591577663323392
West Bank and Gaza,2021-02-01,24650.0,451.0,209.0,28,28,2,31.9522,False,cold,E2020,0.018296146044624748,11.007142857142856,18.900967741935485,2021-02-01,2021-02,19.591577663323392
West Bank and Gaza,2021-03-01,58741.0,669.0,585.0,31,31,3,31.9522,False,cold,E2020,0.011388978737168248,11.683870967741935,18.900967741935485,2021-03-01,2021-03,19.591577663323392
West Bank and Gaza,2021-04-01,54109.0,356.0,622.0,30,30,4,31.9522,False,transition,E2020,0.0065793121292206476,17.633333333333333,18.900967741935485,2021-04-01,2021-04,19.591577663323392
West Bank and Gaza,2021-05-01,11888.0,102.0,248.0,31,31,5,31.9522,False,warm,E2020,0.008580080753701211,21.85483870967742,18.900967741935485,2021-05-01,2021-05,19.591577663323392
West Bank and Gaza,2021-06-01,5817.0,37.0,66.0,30,30,6,31.9522,False,warm,E2020,0.006360667010486505,21.803333333333335,18.900967741935485,2021-06-01,2021-06,19.591577663323392
West Bank and Gaza,2021-07-01,2571.0,41.0,40.0,31,31,7,31.9522,False,warm,E2020,0.015947102294826914,24.73548387096774,18.900967741935485,2021-07-01,2021-07,19.591577663323392
West Bank and Gaza,2021-08-01,25544.0,320.0,77.0,31,31,8,31.9522,False,warm,E2020,0.01252740369558409,25.57741935483871,18.900967741935485,2021-08-01,2021-08,19.591577663323392
West Bank and Gaza,2021-09-01,61434.0,652.0,418.0,30,30,9,31.9522,False,warm,E2021,0.010613015593970765,22.23,18.900967741935485,2021-09-01,2021-09,19.591577663323392
West Bank and Gaza,2021-10-01,49281.0,166.0,565.0,31,31,10,31.9522,False,transition,E2021,0.0033684381404598123,19.996774193548386,18.900967741935485,2021-10-01,2021-10,19.591577663323392
Zambia,2020-05-01,951.0,4.0,4.0,31,31,5,-13.133897,True,cold,E2019,0.004206098843322818,19.65806451612903,9.631827956989245,2020-05-01,2020-05,20.8365941286909
Zambia,2020-06-01,537.0,117.0,17.0,30,30,6,-13.133897,True,cold,E2019,0.21787709497206703,18.163333333333334,9.631827956989245,2020-06-01,2020-06,20.8365941286909
Zambia,2020-07-01,4369.0,149.0,127.0,31,31,7,-13.133897,True,cold,E2019,0.0341039139391165,17.370967741935484,9.631827956989245,2020-07-01,2020-07,20.8365941286909
Zambia,2020-08-01,6134.0,54.0,137.0,31,31,8,-13.133897,True,cold,E2019,0.008803390935767852,21.16774193548387,9.631827956989245,2020-08-01,2020-08,20.8365941286909
Zambia,2020-09-01,2662.0,15.0,44.0,30,30,9,-13.133897,True,cold,E2020,0.005634861006761833,23.720000000000002,9.631827956989245,2020-09-01,2020-09,20.8365941286909
Zambia,2020-10-01,1673.0,10.0,17.0,31,31,10,-13.133897,True,transition,E2020,0.005977286312014346,25.383870967741935,9.631827956989245,2020-10-01,2020-10,20.8365941286909
Zambia,2020-11-01,1215.0,19.0,8.0,30,30,11,-13.133897,True,warm,E2020,0.015637860082304528,24.45,9.631827956989245,2020-11-01,2020-11,20.8365941286909
Zambia,2020-12-01,3078.0,222.0,31.0,31,31,12,-13.133897,True,warm,E2020,0.07212475633528265,20.80322580645161,9.631827956989245,2020-12-01,2020-12,20.8365941286909
Zambia,2021-01-01,33492.0,423.0,375.0,31,31,1,-13.133897,True,warm,E2020,0.012629881762809029,20.212903225806453,9.631827956989245,2021-01-01,2021-01,20.8365941286909
Zambia,2021-02-01,24317.0,159.0,328.0,28,28,2,-13.133897,True,warm,E2020,0.0065386355224739895,20.964285714285715,9.631827956989245,2021-02-01,2021-02,20.8365941286909
Zambia,2021-03-01,9884.0,59.0,117.0,31,31,3,-13.133897,True,warm,E2020,0.0059692432213678676,20.193548387096776,9.631827956989245,2021-03-01,2021-03,20.8365941286909
Zambia,2021-04-01,3168.0,28.0,43.0,30,30,4,-13.133897,True,transition,E2020,0.008838383838383838,20.19333333333333,9.631827956989245,2021-04-01,2021-04,20.8365941286909
Zambia,2021-05-01,3677.0,425.0,30.0,31,31,5,-13.133897,True,cold,E2020,0.11558335599673647,18.36774193548387,9.631827956989245,2021-05-01,2021-05,20.8365941286909
Zambia,2021-06-01,59685.0,1471.0,918.0,30,30,6,-13.133897,True,cold,E2020,0.024646058473653348,17.35666666666667,9.631827956989245,2021-06-01,2021-06,20.8365941286909
Zambia,2021-07-01,40868.0,411.0,1190.0,31,31,7,-13.133897,True,cold,E2020,0.010056768131545463,16.925806451612903,9.631827956989245,2021-07-01,2021-07,20.8365941286909
Zambia,2021-08-01,10511.0,66.0,213.0,31,31,8,-13.133897,True,cold,E2020,0.0062791361430881935,20.719354838709677,9.631827956989245,2021-08-01,2021-08,20.8365941286909
Zambia,2021-09-01,2719.0,19.0,46.0,30,30,9,-13.133897,True,cold,E2021,0.006987863184994484,23.94333333333333,9.631827956989245,2021-09-01,2021-09,20.8365941286909
Zambia,2021-10-01,688.0,9.0,13.0,31,31,10,-13.133897,True,transition,E2021,0.01308139534883721,25.46451612903226,9.631827956989245,2021-10-01,2021-10,20.8365941286909
Zimbabwe,2020-07-01,2578.0,126.0,60.0,31,31,7,-19.015438,True,cold,E2019,0.048875096974398756,15.106451612903227,11.25666666666667,2020-07-01,2020-07,20.323377496159754
Zimbabwe,2020-08-01,3328.0,73.0,135.0,31,31,8,-19.015438,True,cold,E2019,0.021935096153846152,19.306451612903224,11.25666666666667,2020-08-01,2020-08,20.323377496159754
Zimbabwe,2020-09-01,1341.0,11.0,26.0,30,30,9,-19.015438,True,cold,E2020,0.00820283370618941,22.096666666666668,11.25666666666667,2020-09-01,2020-09,20.323377496159754
Zimbabwe,2020-10-01,529.0,29.0,15.0,31,31,10,-19.015438,True,transition,E2020,0.054820415879017016,24.548387096774192,11.25666666666667,2020-10-01,2020-10,20.323377496159754
Zimbabwe,2020-11-01,1583.0,57.0,33.0,30,30,11,-19.015438,True,warm,E2020,0.036007580543272265,25.970000000000002,11.25666666666667,2020-11-01,2020-11,20.323377496159754
Zimbabwe,2020-12-01,3917.0,595.0,87.0,31,31,12,-19.015438,True,warm,E2020,0.15190196579014553,21.216129032258067,11.25666666666667,2020-12-01,2020-12,20.323377496159754
Zimbabwe,2021-01-01,19521.0,519.0,854.0,31,31,1,-19.015438,True,warm,E2020,0.026586752727831568,21.164516129032258,11.25666666666667,2021-01-01,2021-01,20.323377496159754
Zimbabwe,2021-02-01,2701.0,76.0,246.0,28,28,2,-19.015438,True,warm,E2020,0.028137726767863754,20.892857142857142,11.25666666666667,2021-02-01,2021-02,20.323377496159754
Zimbabwe,2021-03-01,793.0,43.0,60.0,31,31,3,-19.015438,True,warm,E2020,0.05422446406052964,20.861290322580647,11.25666666666667,2021-03-01,2021-03,20.323377496159754
Zimbabwe,2021-04-01,1375.0,31.0,44.0,30,30,4,-19.015438,True,transition,E2020,0.022545454545454546,21.113333333333333,11.25666666666667,2021-04-01,2021-04,20.323377496159754
Zimbabwe,2021-05-01,704.0,99.0,27.0,31,31,5,-19.015438,True,cold,E2020,0.140625,17.519354838709678,11.25666666666667,2021-05-01,2021-05,20.323377496159754
Zimbabwe,2021-06-01,10903.0,1124.0,195.0,30,30,6,-19.015438,True,cold,E2020,0.10309089241493168,15.593333333333334,11.25666666666667,2021-06-01,2021-06,20.323377496159754
Zimbabwe,2021-07-01,58996.0,1427.0,1743.0,31,31,7,-19.015438,True,cold,E2020,0.02418808054783375,14.912903225806453,11.25666666666667,2021-07-01,2021-07,20.323377496159754
Zimbabwe,2021-08-01,15913.0,333.0,887.0,31,31,8,-19.015438,True,cold,E2020,0.020926286683843397,18.816129032258065,11.25666666666667,2021-08-01,2021-08,20.323377496159754
Zimbabwe,2021-09-01,6047.0,93.0,204.0,30,30,9,-19.015438,True,cold,E2021,0.01537952703820076,22.44333333333333,11.25666666666667,2021-09-01,2021-09,20.323377496159754
Zimbabwe,2021-10-01,2157.0,37.0,55.0,31,31,10,-19.015438,True,transition,E2021,0.017153453871117292,23.612903225806452,11.25666666666667,2021-10-01,2021-10,20.323377496159754
