region,ym,confirmed,deaths,raw_deaths,days,dim,month,lat,south,season,epoch,pop,deaths_pm,cases_pm,cfr,temp_c,amplitude,date,cal_month,annual_t
Alabama,2020-03-01,1063.0,183.0,23.0,31,31,3,33.06935820714117,False,cold,E2019,23629,7744.720470608151,44987.09213254898,0.17215428033866415,16.69677419354839,20.993548387096773,2020-03-01,2020-03,17.99406094695943
Alabama,2020-04-01,6124.0,346.0,249.0,30,30,4,33.06935820714117,False,transition,E2019,23629,14643.023403444919,259173.05006559734,0.05649902024820379,16.096666666666668,20.993548387096773,2020-04-01,2020-04,17.99406094695943
Alabama,2020-05-01,11013.0,310.0,358.0,31,31,5,33.06935820714117,False,warm,E2019,23629,13119.47183545643,466079.81717381184,0.028148551711613547,20.4,20.993548387096773,2020-05-01,2020-05,17.99406094695943
Alabama,2020-06-01,20277.0,464.0,320.0,30,30,6,33.06935820714117,False,warm,E2019,23629,19636.886876296077,858140.4206695163,0.022883069487596785,24.65666666666667,20.993548387096773,2020-06-01,2020-06,17.99406094695943
Alabama,2020-07-01,49789.0,693.0,630.0,31,31,7,33.06935820714117,False,warm,E2019,23629,29328.367683778408,2107114.1394049684,0.013918737070437245,26.83225806451613,20.993548387096773,2020-07-01,2020-07,17.99406094695943
Alabama,2020-08-01,38234.0,443.0,602.0,31,31,8,33.06935820714117,False,warm,E2019,23629,18748.148461636127,1618096.406957552,0.011586546006172517,26.33225806451613,20.993548387096773,2020-08-01,2020-08,17.99406094695943
Alabama,2020-09-01,28272.0,389.0,358.0,30,30,9,33.06935820714117,False,warm,E2020,23629,16462.821109653392,1196495.8313936265,0.013759196378041879,23.21333333333333,20.993548387096773,2020-09-01,2020-09,17.99406094695943
Alabama,2020-10-01,38841.0,629.0,427.0,31,31,10,33.06935820714117,False,transition,E2020,23629,26619.831562909985,1643785.1792289137,0.016194227749028088,19.05483870967742,20.993548387096773,2020-10-01,2020-10,17.99406094695943
Alabama,2020-11-01,55911.0,932.0,611.0,30,30,11,33.06935820714117,False,cold,E2020,23629,39443.05726014643,2366202.5477167885,0.016669349501886928,14.270000000000001,20.993548387096773,2020-11-01,2020-11,17.99406094695943
Alabama,2020-12-01,111702.0,1990.0,1249.0,31,31,12,33.06935820714117,False,cold,E2020,23629,84218.54500825256,4727326.590206949,0.017815258455533473,7.380645161290323,20.993548387096773,2020-12-01,2020-12,17.99406094695943
Alabama,2021-01-01,98413.0,3213.0,2861.0,31,31,1,33.06935820714117,False,cold,E2020,23629,135976.97744297262,4164924.4572347538,0.032648125755743655,7.583870967741936,20.993548387096773,2021-01-01,2021-01,17.99406094695943
Alabama,2021-02-01,33613.0,844.0,2241.0,28,28,2,33.06935820714117,False,cold,E2020,23629,35718.820093952345,1422531.634855474,0.025109332698658258,7.814285714285715,20.993548387096773,2021-02-01,2021-02,17.99406094695943
Alabama,2021-03-01,22136.0,371.0,624.0,31,31,3,33.06935820714117,False,cold,E2020,23629,15701.045325659148,936814.9308053663,0.016760028912179255,14.693548387096774,20.993548387096773,2021-03-01,2021-03,17.99406094695943
Alabama,2021-04-01,12534.0,273.0,343.0,30,30,4,33.06935820714117,False,transition,E2020,23629,11553.599390579373,530449.8709213255,0.021780756342747728,15.876666666666667,20.993548387096773,2021-04-01,2021-04,17.99406094695943
Alabama,2021-05-01,15483.0,231.0,250.0,31,31,5,33.06935820714117,False,warm,E2020,23629,9776.12256125947,655254.1368657158,0.014919589226894013,20.625806451612902,20.993548387096773,2021-05-01,2021-05,17.99406094695943
Alabama,2021-06-01,7578.0,151.0,206.0,30,30,6,33.06935820714117,False,warm,E2020,23629,6390.452410173939,320707.6050615769,0.01992610187384534,24.259999999999998,20.993548387096773,2021-06-01,2021-06,17.99406094695943
Alabama,2021-07-01,34624.0,538.0,184.0,31,31,7,33.06935820714117,False,warm,E2020,23629,22768.63176605019,1465318.0413898176,0.015538354898336415,25.361290322580647,20.993548387096773,2021-07-01,2021-07,17.99406094695943
Alabama,2021-08-01,114122.0,1460.0,747.0,31,31,8,33.06935820714117,False,warm,E2020,23629,61788.480257310934,4829743.112277286,0.01279332644012548,25.88064516129032,20.993548387096773,2021-08-01,2021-08,17.99406094695943
Alabama,2021-09-01,96746.0,1860.0,2016.0,30,30,9,33.06935820714117,False,warm,E2021,23629,78716.83101273858,4094375.555461509,0.019225601058441694,22.62,20.993548387096773,2021-09-01,2021-09,17.99406094695943
Alabama,2021-10-01,35572.0,753.0,1274.0,31,31,10,33.06935820714117,False,transition,E2021,23629,31867.620297092555,1505438.232680181,0.021168334645226584,19.02258064516129,20.993548387096773,2021-10-01,2021-10,17.99406094695943
Alabama,2021-11-01,13714.0,295.0,546.0,30,30,11,33.06935820714117,False,cold,E2021,23629,12484.658682127894,580388.5056498371,0.021510864809683537,10.9,20.993548387096773,2021-11-01,2021-11,17.99406094695943
Alabama,2021-12-01,50853.0,456.0,336.0,31,31,12,33.06935820714117,False,cold,E2021,23629,19298.319861187523,2152143.552414406,0.008967022594537195,13.506451612903225,20.993548387096773,2021-12-01,2021-12,17.99406094695943
Alabama,2022-01-01,321643.0,1109.0,631.0,31,31,1,33.06935820714117,False,cold,E2021,23629,46933.85246942317,13612213.80507004,0.0034479220750956805,5.838709677419355,20.993548387096773,2022-01-01,2022-01,17.99406094695943
Alabama,2022-02-01,61308.0,1160.0,1139.0,28,28,2,33.06935820714117,False,cold,E2021,23629,49092.21719074019,2594608.3202843964,0.018920858615515103,9.603571428571428,20.993548387096773,2022-02-01,2022-02,17.99406094695943
Alabama,2022-03-01,15762.0,436.0,1065.0,31,31,3,33.06935820714117,False,cold,E2021,23629,18451.90232341614,667061.6615176266,0.02766146428118259,13.180645161290323,20.993548387096773,2022-03-01,2022-03,17.99406094695943
Alabama,2022-04-01,5406.0,116.0,277.0,30,30,4,33.06935820714117,False,transition,E2021,23629,4909.221719074019,228786.66045960473,0.02145763965963744,16.686666666666667,20.993548387096773,2022-04-01,2022-04,17.99406094695943
Alabama,2022-05-01,14230.0,52.0,97.0,31,31,5,33.06935820714117,False,warm,E2021,23629,2200.685598205595,602226.0781243388,0.0036542515811665496,22.738709677419354,20.993548387096773,2022-05-01,2022-05,17.99406094695943
Alabama,2022-06-01,42303.0,162.0,91.0,30,30,6,33.06935820714117,False,warm,E2021,23629,6855.9820559482,1790300.05501714,0.003829515637188852,26.246666666666666,20.993548387096773,2022-06-01,2022-06,17.99406094695943
Alabama,2022-07-01,67145.0,182.0,136.0,31,31,7,33.06935820714117,False,warm,E2021,23629,7702.399593719582,2841635.278682974,0.0027105517909002904,26.83225806451613,20.993548387096773,2022-07-01,2022-07,17.99406094695943
Alabama,2022-08-01,55194.0,281.0,157.0,31,31,8,33.06935820714117,False,warm,E2021,23629,11892.166405687925,2335858.4789876845,0.0050911330941769035,25.674193548387095,20.993548387096773,2022-08-01,2022-08,17.99406094695943
Alabama,2022-09-01,42530.0,211.0,374.0,30,30,9,33.06935820714117,False,warm,E2022,23629,8929.705023488086,1799906.894070845,0.004961203856101575,23.186666666666667,20.993548387096773,2022-09-01,2022-09,17.99406094695943
Alabama,2022-10-01,12152.0,84.0,136.0,31,31,10,33.06935820714117,False,transition,E2022,23629,3554.953658639807,514283.2959498921,0.0069124423963133645,16.383870967741935,20.993548387096773,2022-10-01,2022-10,17.99406094695943
Alabama,2022-11-01,14998.0,120.0,94.0,30,30,11,33.06935820714117,False,cold,E2022,23629,5078.5052266282955,634728.5115747598,0.008001066808907855,12.873333333333333,20.993548387096773,2022-11-01,2022-11,17.99406094695943
Alabama,2022-12-01,19649.0,109.0,85.0,31,31,12,33.06935820714117,False,cold,E2022,23629,4612.975580854035,831562.9099834949,0.005547356099547051,9.474193548387097,20.993548387096773,2022-12-01,2022-12,17.99406094695943
Alaska,2020-06-01,658.0,6.0,4.0,30,30,6,61.5692043399056,False,warm,E2019,5230,1147.227533460803,125812.61950286807,0.00911854103343465,12.986666666666668,26.589999999999996,2020-06-01,2020-06,3.8852641540487163
Alaska,2020-07-01,2574.0,12.0,9.0,31,31,7,61.5692043399056,False,warm,E2019,5230,2294.455066921606,492160.61185468454,0.004662004662004662,16.096774193548388,26.589999999999996,2020-07-01,2020-07,3.8852641540487163
Alaska,2020-08-01,2456.0,15.0,14.0,31,31,8,61.5692043399056,False,warm,E2019,5230,2868.0688336520075,469598.4703632887,0.0061074918566775245,14.667741935483871,26.589999999999996,2020-08-01,2020-08,3.8852641540487163
Alaska,2020-09-01,2674.0,23.0,19.0,30,30,9,61.5692043399056,False,warm,E2020,5230,4397.705544933078,511281.0707456979,0.008601346297681375,9.826666666666666,26.589999999999996,2020-09-01,2020-09,3.8852641540487163
Alaska,2020-10-01,7519.0,36.0,26.0,31,31,10,61.5692043399056,False,transition,E2020,5230,6883.365200764818,1437667.3040152963,0.0047878707274903575,2.5903225806451613,26.589999999999996,2020-10-01,2020-10,3.8852641540487163
Alaska,2020-11-01,16233.0,80.0,40.0,30,30,11,61.5692043399056,False,cold,E2020,5230,15296.367112810707,3103824.0917782024,0.004928232612579314,-4.17,26.589999999999996,2020-11-01,2020-11,3.8852641540487163
Alaska,2020-12-01,14416.0,70.0,84.0,31,31,12,61.5692043399056,False,cold,E2020,5230,13384.321223709368,2756405.3537284895,0.004855715871254162,-4.622580645161291,26.589999999999996,2020-12-01,2020-12,3.8852641540487163
Alaska,2021-01-01,7336.0,35.0,56.0,31,31,1,61.5692043399056,False,cold,E2020,5230,6692.160611854684,1402676.8642447419,0.004770992366412214,-4.203225806451614,26.589999999999996,2021-01-01,2021-01,3.8852641540487163
Alaska,2021-02-01,3946.0,21.0,28.0,28,28,2,61.5692043399056,False,cold,E2020,5230,4015.296367112811,754493.3078393881,0.0053218449062341616,-9.546428571428573,26.589999999999996,2021-02-01,2021-02,3.8852641540487163
Alaska,2021-03-01,4605.0,24.0,23.0,31,31,3,61.5692043399056,False,cold,E2020,5230,4588.910133843212,880497.1319311664,0.005211726384364821,-7.487096774193549,26.589999999999996,2021-03-01,2021-03,3.8852641540487163
Alaska,2021-04-01,5247.0,35.0,34.0,30,30,4,61.5692043399056,False,transition,E2020,5230,6692.160611854684,1003250.4780114723,0.006670478368591576,1.1700000000000002,26.589999999999996,2021-04-01,2021-04,3.8852641540487163
Alaska,2021-05-01,2060.0,4.0,22.0,31,31,5,61.5692043399056,False,warm,E2020,5230,764.8183556405354,393881.4531548757,0.001941747572815534,8.90967741935484,26.589999999999996,2021-05-01,2021-05,3.8852641540487163
Alaska,2021-06-01,1067.0,9.0,8.0,30,30,6,61.5692043399056,False,warm,E2020,5230,1720.8413001912045,204015.2963671128,0.008434864104967198,13.563333333333333,26.589999999999996,2021-06-01,2021-06,3.8852641540487163
Alaska,2021-07-01,4211.0,32.0,12.0,31,31,7,61.5692043399056,False,warm,E2020,5230,6118.546845124283,805162.5239005736,0.00759914509617668,14.951612903225806,26.589999999999996,2021-07-01,2021-07,3.8852641540487163
Alaska,2021-08-01,13061.0,66.0,55.0,31,31,8,61.5692043399056,False,warm,E2020,5230,12619.502868068834,2497323.135755258,0.005053211852078707,13.258064516129032,26.589999999999996,2021-08-01,2021-08,3.8852641540487163
Alaska,2021-09-01,26118.0,212.0,133.0,30,30,9,61.5692043399056,False,warm,E2021,5230,40535.37284894838,4993881.453154876,0.008117007427827552,7.786666666666666,26.589999999999996,2021-09-01,2021-09,3.8852641540487163
Alaska,2021-10-01,23222.0,170.0,148.0,31,31,10,61.5692043399056,False,transition,E2021,5230,32504.780114722755,4440152.963671128,0.007320644216691069,2.1322580645161286,26.589999999999996,2021-10-01,2021-10,3.8852641540487163
Alaska,2021-11-01,13109.0,84.0,155.0,30,30,11,61.5692043399056,False,cold,E2021,5230,16061.185468451244,2506500.9560229448,0.006407811427263712,-9.979999999999999,26.589999999999996,2021-11-01,2021-11,3.8852641540487163
Alaska,2021-12-01,6173.0,105.0,98.0,31,31,12,61.5692043399056,False,cold,E2021,5230,20076.481835564053,1180305.9273422563,0.017009557751498462,-9.161290322580646,26.589999999999996,2021-12-01,2021-12,3.8852641540487163
Alaska,2022-01-01,59770.0,90.0,107.0,31,31,1,61.5692043399056,False,cold,E2021,5230,17208.413001912046,11428298.2791587,0.0015057721264848587,-7.358064516129032,26.589999999999996,2022-01-01,2022-01,3.8852641540487163
Alaska,2022-02-01,22555.0,61.0,78.0,28,28,2,61.5692043399056,False,cold,E2021,5230,11663.479923518164,4312619.502868068,0.0027045001108401685,-2.9071428571428575,26.589999999999996,2022-02-01,2022-02,3.8852641540487163
Alaska,2022-03-01,7717.0,46.0,65.0,31,31,3,61.5692043399056,False,cold,E2021,5230,8795.411089866157,1475525.812619503,0.005960865621355449,-0.5096774193548387,26.589999999999996,2022-03-01,2022-03,3.8852641540487163
Alaska,2022-04-01,5791.0,37.0,24.0,30,30,4,61.5692043399056,False,transition,E2021,5230,7074.5697896749525,1107265.7743785852,0.006389224658953549,2.3733333333333335,26.589999999999996,2022-04-01,2022-04,3.8852641540487163
Alaska,2022-06-01,12356.0,24.0,0.0,30,30,6,61.5692043399056,False,warm,E2021,5230,4588.910133843212,2362523.9005736136,0.0019423761735189381,16.61,26.589999999999996,2022-06-01,2022-06,3.8852641540487163
Alaska,2022-07-01,11228.0,21.0,24.0,31,31,7,61.5692043399056,False,warm,E2021,5230,4015.296367112811,2146845.1242829827,0.0018703241895261845,15.406451612903224,26.589999999999996,2022-07-01,2022-07,3.8852641540487163
Alaska,2022-08-01,10855.0,34.0,29.0,31,31,8,61.5692043399056,False,warm,E2021,5230,6500.956022944551,2075525.812619503,0.0031321971441731922,12.8,26.589999999999996,2022-08-01,2022-08,3.8852641540487163
Alaska,2022-09-01,3680.0,29.0,26.0,30,30,9,61.5692043399056,False,warm,E2022,5230,5544.933078393881,703632.8871892926,0.007880434782608695,8.82,26.589999999999996,2022-09-01,2022-09,3.8852641540487163
Alaska,2022-11-01,1218.0,19.0,23.0,30,30,11,61.5692043399056,False,cold,E2022,5230,3632.887189292543,232887.18929254301,0.015599343185550082,-5.216666666666667,26.589999999999996,2022-11-01,2022-11,3.8852641540487163
Arizona,2020-03-01,1288.0,207.0,25.0,31,31,3,33.32551393530557,False,cold,E2019,213787,968.2534485258692,6024.6881241609635,0.16071428571428573,16.44516129032258,26.1741935483871,2020-03-01,2020-03,24.38049516580826
Arizona,2020-04-01,6366.0,556.0,295.0,30,30,4,33.32551393530557,False,transition,E2019,213787,2600.719407634702,29777.30170683905,0.08733898837574615,22.509999999999998,26.1741935483871,2020-04-01,2020-04,24.38049516580826
Arizona,2020-05-01,12281.0,585.0,587.0,31,31,5,33.32551393530557,False,warm,E2019,213787,2736.3684414861523,57445.02705964348,0.047634557446462014,29.84193548387097,26.1741935483871,2020-05-01,2020-05,24.38049516580826
Arizona,2020-06-01,59292.0,1569.0,738.0,30,30,6,33.32551393530557,False,warm,E2019,213787,7339.080486652603,277341.46603862726,0.026462254604331107,32.68333333333333,26.1741935483871,2020-06-01,2020-06,24.38049516580826
Arizona,2020-07-01,94782.0,1770.0,2049.0,31,31,7,33.32551393530557,False,warm,E2019,213787,8279.268617829895,443347.8181554538,0.018674431854149524,36.20322580645161,26.1741935483871,2020-07-01,2020-07,24.38049516580826
Arizona,2020-08-01,27825.0,790.0,1335.0,31,31,8,33.32551393530557,False,warm,E2019,213787,3695.2667842291626,130152.90920402082,0.02839173405211141,36.690322580645166,26.1741935483871,2020-08-01,2020-08,24.38049516580826
Arizona,2020-09-01,16672.0,376.0,621.0,30,30,9,33.32551393530557,False,warm,E2020,213787,1758.7598871774242,77984.16180590962,0.022552783109404992,32.74666666666666,26.1741935483871,2020-09-01,2020-09,24.38049516580826
Arizona,2020-10-01,27439.0,603.0,329.0,31,31,10,33.32551393530557,False,transition,E2020,213787,2820.56439353188,128347.3737879291,0.021976019534239586,26.68064516129032,26.1741935483871,2020-10-01,2020-10,24.38049516580826
Arizona,2020-11-01,80871.0,1515.0,660.0,30,30,11,33.32551393530557,False,cold,E2020,213787,7086.4926305154195,378278.37988278054,0.018733538598508737,19.216666666666665,26.1741935483871,2020-11-01,2020-11,24.38049516580826
Arizona,2020-12-01,193390.0,3800.0,2225.0,31,31,12,33.32551393530557,False,cold,E2020,213787,17774.700987431417,904591.9536735162,0.019649413103056002,12.370967741935484,26.1741935483871,2020-12-01,2020-12,24.38049516580826
Arizona,2021-01-01,238197.0,3730.0,4256.0,31,31,1,33.32551393530557,False,cold,E2020,213787,17447.272285031362,1114179.0660797898,0.01565930721209755,12.438709677419356,26.1741935483871,2021-01-01,2021-01,24.38049516580826
Arizona,2021-02-01,58378.0,1243.0,2859.0,28,28,2,33.32551393530557,False,cold,E2020,213787,5814.1982440466445,273066.18269586086,0.021292267635068005,15.257142857142856,26.1741935483871,2021-02-01,2021-02,24.38049516580826
Arizona,2021-03-01,25029.0,454.0,988.0,31,31,3,33.32551393530557,False,cold,E2020,213787,2123.609012708911,117074.47131958445,0.018138958807782973,16.700000000000003,26.1741935483871,2021-03-01,2021-03,24.38049516580826
Arizona,2021-04-01,20686.0,332.0,357.0,30,30,4,33.32551393530557,False,transition,E2020,213787,1552.9475599545342,96759.8591121069,0.01604950207870057,24.256666666666668,26.1741935483871,2021-04-01,2021-04,24.38049516580826
Arizona,2021-05-01,18953.0,312.0,304.0,31,31,5,33.32551393530557,False,warm,E2020,213787,1459.3965021259478,88653.6599512599,0.016461773861657786,27.89032258064516,26.1741935483871,2021-05-01,2021-05,24.38049516580826
Arizona,2021-06-01,13425.0,284.0,308.0,30,30,6,33.32551393530557,False,warm,E2020,213787,1328.4250211659269,62796.14756743862,0.021154562383612664,34.65333333333333,26.1741935483871,2021-06-01,2021-06,24.38049516580826
Arizona,2021-07-01,32360.0,470.0,310.0,31,31,7,33.32551393530557,False,warm,E2020,213787,2198.4498589717805,151365.61156665278,0.014524103831891224,33.012903225806454,26.1741935483871,2021-07-01,2021-07,24.38049516580826
Arizona,2021-08-01,84688.0,987.0,540.0,31,31,8,33.32551393530557,False,warm,E2020,213787,4616.744703840739,396132.59926936624,0.011654543737011146,32.42580645161291,26.1741935483871,2021-08-01,2021-08,24.38049516580826
Arizona,2021-09-01,81660.0,1186.0,1198.0,30,30,9,33.32551393530557,False,warm,E2021,213787,5547.577729235173,381968.96911411826,0.014523634582414891,30.956666666666667,26.1741935483871,2021-09-01,2021-09,24.38049516580826
Arizona,2021-10-01,75317.0,1170.0,1170.0,31,31,10,33.32551393530557,False,transition,E2021,213787,5472.736882972305,352299.2511237821,0.015534341516523494,23.01290322580645,26.1741935483871,2021-10-01,2021-10,24.38049516580826
Arizona,2021-11-01,100880.0,1802.0,1153.0,30,30,11,33.32551393530557,False,cold,E2021,213787,8428.950310355634,471871.5356873898,0.017862807295796986,20.436666666666667,26.1741935483871,2021-11-01,2021-11,24.38049516580826
Arizona,2021-12-01,111708.0,1760.0,1922.0,31,31,12,33.32551393530557,False,cold,E2021,213787,8232.493088915602,522520.07839578646,0.01575536219429226,13.964516129032257,26.1741935483871,2021-12-01,2021-12,24.38049516580826
Arizona,2022-01-01,489156.0,2120.0,1976.0,31,31,1,33.32551393530557,False,cold,E2021,213787,9916.412129830158,2288053.06216,0.0043339956987137026,12.82258064516129,26.1741935483871,2022-01-01,2022-01,24.38049516580826
Arizona,2022-02-01,106246.0,925.0,1503.0,28,28,2,33.32551393530557,False,cold,E2021,213787,4326.736424572121,496971.2845027995,0.008706210116145549,13.685714285714285,26.1741935483871,2022-02-01,2022-02,24.38049516580826
Arizona,2022-03-01,30290.0,1305.0,1560.0,31,31,3,33.32551393530557,False,cold,E2021,213787,6104.2065233152625,141683.0770813941,0.04308352591614394,18.451612903225808,26.1741935483871,2022-03-01,2022-03,24.38049516580826
Arizona,2022-04-01,14344.0,407.0,683.0,30,30,4,33.32551393530557,False,transition,E2021,213787,1903.7640268117332,67094.81867466216,0.028374233128834355,24.053333333333335,26.1741935483871,2022-04-01,2022-04,24.38049516580826
Arizona,2022-05-01,28103.0,141.0,348.0,31,31,5,33.32551393530557,False,warm,E2021,213787,659.5349576915341,131453.26890783818,0.005017257943991745,28.280645161290323,26.1741935483871,2022-05-01,2022-05,24.38049516580826
Arizona,2022-06-01,75940.0,298.0,216.0,30,30,6,33.32551393530557,False,warm,E2021,213787,1393.9107616459373,355213.36657514254,0.0039241506452462474,33.806666666666665,26.1741935483871,2022-06-01,2022-06,24.38049516580826
Arizona,2022-07-01,70862.0,284.0,253.0,31,31,7,33.32551393530557,False,warm,E2021,213787,1328.4250211659269,331460.75299246446,0.0040077897886032,34.62580645161291,26.1741935483871,2022-07-01,2022-07,24.38049516580826
Arizona,2022-08-01,57945.0,344.0,346.0,31,31,8,33.32551393530557,False,warm,E2021,213787,1609.078194651686,271040.80229387194,0.005936664078005005,32.483870967741936,26.1741935483871,2022-08-01,2022-08,24.38049516580826
Arizona,2022-09-01,17186.0,188.0,256.0,30,30,9,33.32551393530557,False,warm,E2022,213787,879.3799435887121,80388.42399210429,0.010939136506458745,31.123333333333335,26.1741935483871,2022-09-01,2022-09,24.38049516580826
Arizona,2022-10-01,16326.0,133.0,178.0,31,31,10,33.32551393530557,False,transition,E2022,213787,622.1145345600995,76365.72850547508,0.008146514761729756,23.583870967741937,26.1741935483871,2022-10-01,2022-10,24.38049516580826
Arizona,2022-11-01,49661.0,391.0,203.0,30,30,11,33.32551393530557,False,cold,E2022,213787,1828.9231805488641,232291.95414127145,0.007873381526751374,14.270000000000001,26.1741935483871,2022-11-01,2022-11,24.38049516580826
Arizona,2022-12-01,40787.0,593.0,431.0,31,31,12,33.32551393530557,False,cold,E2022,213787,2773.7888646175866,190783.34978272766,0.014538946232868315,11.35483870967742,26.1741935483871,2022-12-01,2022-12,24.38049516580826
Arkansas,2020-03-01,523.0,42.0,8.0,31,31,3,34.01505580790345,False,cold,E2019,21341,1968.042734642238,24506.817862330725,0.08030592734225621,15.603225806451613,23.510253456221196,2020-03-01,2020-03,17.827194587512423
Arkansas,2020-04-01,2758.0,68.0,53.0,30,30,4,34.01505580790345,False,transition,E2019,21341,3186.3549037064804,129234.80624150696,0.024655547498187092,15.73,23.510253456221196,2020-04-01,2020-04,17.827194587512423
Arkansas,2020-05-01,3972.0,115.0,72.0,31,31,5,34.01505580790345,False,warm,E2019,21341,5388.688440091842,186120.61290473735,0.028952668680765358,20.296774193548387,23.510253456221196,2020-05-01,2020-05,17.827194587512423
Arkansas,2020-06-01,13524.0,149.0,137.0,30,30,6,34.01505580790345,False,warm,E2019,21341,6981.865891945082,633709.7605548006,0.011017450458444248,24.996666666666666,23.510253456221196,2020-06-01,2020-06,17.827194587512423
Arkansas,2020-07-01,21734.0,289.0,183.0,31,31,7,34.01505580790345,False,warm,E2019,21341,13542.008340752542,1018415.2570170095,0.013297138124597405,27.44193548387097,23.510253456221196,2020-07-01,2020-07,17.827194587512423
Arkansas,2020-08-01,18713.0,534.0,344.0,31,31,8,34.01505580790345,False,warm,E2019,21341,25022.257626165596,876856.7546038142,0.0285363116549992,26.24516129032258,23.510253456221196,2020-08-01,2020-08,17.827194587512423
Arkansas,2020-09-01,22473.0,554.0,572.0,30,30,9,34.01505580790345,False,warm,E2020,21341,25959.42083313809,1053043.4375146432,0.02465180438748721,23.613333333333333,23.510253456221196,2020-09-01,2020-09,17.827194587512423
Arkansas,2020-10-01,28493.0,586.0,556.0,31,31,10,34.01505580790345,False,transition,E2020,21341,27458.881964294083,1335129.562813364,0.020566454918751975,17.567741935483873,23.510253456221196,2020-10-01,2020-10,17.827194587512423
Arkansas,2020-11-01,45169.0,958.0,577.0,30,30,11,34.01505580790345,False,cold,E2020,21341,44890.117613982475,2116536.2447870295,0.02120923642321061,13.553333333333335,23.510253456221196,2020-11-01,2020-11,17.827194587512423
Arkansas,2020-12-01,67779.0,1201.0,1174.0,31,31,12,34.01505580790345,False,cold,E2020,21341,56276.65057869828,3175999.2502694344,0.017719352601838326,7.074193548387097,23.510253456221196,2020-12-01,2020-12,17.827194587512423
Arkansas,2021-01-01,70130.0,747.0,1192.0,31,31,1,34.01505580790345,False,cold,E2020,21341,35003.04578042266,3286162.785249051,0.010651646941394553,6.783870967741936,23.510253456221196,2021-01-01,2021-01,17.827194587512423
Arkansas,2021-02-01,27147.0,296.0,375.0,28,28,2,34.01505580790345,False,cold,E2020,21341,13870.015463192914,1272058.4789841152,0.0109035989243747,4.660714285714286,23.510253456221196,2021-02-01,2021-02,17.827194587512423
Arkansas,2021-03-01,7983.0,169.0,383.0,31,31,3,34.01505580790345,False,cold,E2020,21341,7919.029098917576,374068.6940630711,0.021169986220719028,14.33548387096774,23.510253456221196,2021-03-01,2021-03,17.827194587512423
Arkansas,2021-04-01,5327.0,103.0,113.0,30,30,4,34.01505580790345,False,transition,E2020,21341,4826.390515908345,249613.42017712386,0.01933546085977098,15.633333333333333,23.510253456221196,2021-04-01,2021-04,17.827194587512423
Arkansas,2021-05-01,5656.0,65.0,94.0,31,31,5,34.01505580790345,False,warm,E2020,21341,3045.7804226606063,265029.7549318214,0.011492220650636492,20.348387096774193,23.510253456221196,2021-05-01,2021-05,17.827194587512423
Arkansas,2021-06-01,8004.0,144.0,76.0,30,30,6,34.01505580790345,False,warm,E2020,21341,6747.575090201959,375052.7154303922,0.017991004497751123,24.886666666666667,23.510253456221196,2021-06-01,2021-06,17.827194587512423
Arkansas,2021-07-01,37067.0,625.0,232.0,31,31,7,34.01505580790345,False,warm,E2020,21341,29286.350217890445,1736891.4296424722,0.016861359160439203,26.406451612903226,23.510253456221196,2021-07-01,2021-07,17.827194587512423
Arkansas,2021-08-01,66439.0,854.0,793.0,31,31,8,34.01505580790345,False,warm,E2020,21341,40016.86893772551,3113209.3154022773,0.01285389605502792,26.351612903225806,23.510253456221196,2021-08-01,2021-08,17.827194587512423
Arkansas,2021-09-01,43186.0,738.0,757.0,30,30,9,34.01505580790345,False,warm,E2021,21341,34581.32233728504,2023616.512815707,0.017088871393507156,22.983333333333334,23.510253456221196,2021-09-01,2021-09,17.827194587512423
Arkansas,2021-10-01,17138.0,378.0,685.0,31,31,10,34.01505580790345,False,transition,E2021,21341,17712.38461178014,803055.1520547303,0.022056249270626677,19.251612903225805,23.510253456221196,2021-10-01,2021-10,17.827194587512423
Arkansas,2021-11-01,15623.0,382.0,291.0,30,30,11,34.01505580790345,False,cold,E2021,21341,17899.81725317464,732065.0391265639,0.02445112974460731,10.533333333333333,23.510253456221196,2021-11-01,2021-11,17.827194587512423
Arkansas,2021-12-01,37648.0,487.0,481.0,31,31,12,34.01505580790345,False,cold,E2021,21341,22819.924089780234,1764116.0208050231,0.012935614109647258,13.635483870967741,23.510253456221196,2021-12-01,2021-12,17.827194587512423
Arkansas,2022-01-01,210273.0,808.0,480.0,31,31,1,34.01505580790345,False,cold,E2021,21341,37861.39356168877,9853005.950986365,0.0038426236368910892,5.006451612903225,23.510253456221196,2022-01-01,2022-01,17.827194587512423
Arkansas,2022-02-01,43225.0,822.0,896.0,28,28,2,34.01505580790345,False,cold,E2021,21341,38517.407806569514,2025443.9810693031,0.019016772700983228,7.621428571428572,23.510253456221196,2022-02-01,2022-02,17.827194587512423
Arkansas,2022-03-01,12938.0,252.0,706.0,31,31,3,34.01505580790345,False,cold,E2021,21341,11808.256407853427,606250.8785905065,0.019477508115628383,12.480645161290322,23.510253456221196,2022-03-01,2022-03,17.827194587512423
Arkansas,2022-04-01,2935.0,72.0,159.0,30,30,4,34.01505580790345,False,transition,E2021,21341,3373.7875451009795,137528.70062321355,0.02453151618398637,16.563333333333333,23.510253456221196,2022-04-01,2022-04,17.827194587512423
Arkansas,2022-05-01,7505.0,112.0,95.0,31,31,5,34.01505580790345,False,warm,E2021,21341,5248.113959045968,351670.49341642845,0.014923384410393072,23.09032258064516,23.510253456221196,2022-05-01,2022-05,17.827194587512423
Arkansas,2022-06-01,22230.0,110.0,97.0,30,30,6,34.01505580790345,False,warm,E2021,21341,5154.397638348719,1041656.9045499273,0.004948268106162843,27.220000000000002,23.510253456221196,2022-06-01,2022-06,17.827194587512423
Arkansas,2022-07-01,38339.0,201.0,138.0,31,31,7,34.01505580790345,False,warm,E2021,21341,9418.490230073567,1796495.009605923,0.005242703252562665,28.17096774193548,23.510253456221196,2022-07-01,2022-07,17.827194587512423
Arkansas,2022-08-01,28708.0,167.0,199.0,31,31,8,34.01505580790345,False,warm,E2021,21341,7825.312778220327,1345204.0672883182,0.00581719381357113,26.26451612903226,23.510253456221196,2022-08-01,2022-08,17.827194587512423
Arkansas,2022-09-01,19005.0,388.0,247.0,30,30,9,34.01505580790345,False,warm,E2022,21341,18180.966215266388,890539.3374256127,0.02041568008418837,23.94333333333333,23.510253456221196,2022-09-01,2022-09,17.827194587512423
Arkansas,2022-10-01,8211.0,119.0,324.0,31,31,10,34.01505580790345,False,transition,E2022,21341,5576.121081486341,384752.3546225575,0.014492753623188406,17.322580645161292,23.510253456221196,2022-10-01,2022-10,17.827194587512423
Arkansas,2022-11-01,9016.0,137.0,75.0,30,30,11,34.01505580790345,False,cold,E2022,21341,6419.567967761585,422473.1737032004,0.015195208518189885,11.860000000000001,23.510253456221196,2022-11-01,2022-11,17.827194587512423
Arkansas,2022-12-01,16622.0,116.0,131.0,31,31,12,34.01505580790345,False,cold,E2022,21341,5435.546600440467,778876.34131484,0.00697870292383588,8.648387096774194,23.510253456221196,2022-12-01,2022-12,17.827194587512423
California,2020-03-01,7998.0,1263.0,170.0,31,31,3,35.366595098919404,False,cold,E2019,78668,16054.812630294402,101667.76834290945,0.1579144786196549,13.993548387096775,25.283870967741937,2020-03-01,2020-03,21.07615885063703
California,2020-04-01,42700.0,2268.0,1831.0,30,30,4,35.366595098919404,False,transition,E2019,78668,28830.01983017237,542787.4103828749,0.05311475409836065,18.240000000000002,25.283870967741937,2020-04-01,2020-04,21.07615885063703
California,2020-05-01,63154.0,1890.0,2112.0,31,31,5,35.366595098919404,False,warm,E2019,78668,24025.01652514364,802791.4781105405,0.029926845488805143,24.45483870967742,25.283870967741937,2020-05-01,2020-05,21.07615885063703
California,2020-06-01,126937.0,2369.0,1877.0,30,30,6,35.366595098919404,False,warm,E2019,78668,30113.89637463772,1613578.5834138405,0.018662801232107267,28.25,25.283870967741937,2020-06-01,2020-06,21.07615885063703
California,2020-07-01,266125.0,3990.0,3134.0,31,31,7,35.366595098919404,False,warm,E2019,78668,50719.4793308588,3382887.578176641,0.014992954438703616,31.57741935483871,25.283870967741937,2020-07-01,2020-07,21.07615885063703
California,2020-08-01,206717.0,3136.0,3737.0,31,31,8,35.366595098919404,False,warm,E2019,78668,39863.7311232013,2627713.937051914,0.015170498797873421,32.68709677419355,25.283870967741937,2020-08-01,2020-08,21.07615885063703
California,2020-09-01,107829.0,2195.0,2923.0,30,30,9,35.366595098919404,False,warm,E2020,78668,27902.06945644989,1370684.3951797427,0.020356304890150147,29.133333333333333,25.283870967741937,2020-09-01,2020-09,21.07615885063703
California,2020-10-01,118789.0,1605.0,1852.0,31,31,10,35.366595098919404,False,transition,E2020,78668,20402.196572939443,1510004.0677276656,0.01351135206121779,22.858064516129033,25.283870967741937,2020-10-01,2020-10,21.07615885063703
California,2020-11-01,318864.0,4141.0,1616.0,30,30,11,35.366595098919404,False,cold,E2020,78668,52638.93832307927,4053287.2324197893,0.012986727883988159,12.84,25.283870967741937,2020-11-01,2020-11,21.07615885063703
California,2020-12-01,1125597.0,12319.0,6632.0,31,31,12,35.366595098919404,False,cold,E2020,78668,156594.80347790715,14308193.92891646,0.010944414386321214,9.883870967741935,25.283870967741937,2020-12-01,2020-12,21.07615885063703
California,2021-01-01,999035.0,14007.0,14535.0,31,31,1,35.366595098919404,False,cold,E2020,78668,178052.0669141201,12699382.213860782,0.014020529811267873,10.370967741935484,25.283870967741937,2021-01-01,2021-01,21.07615885063703
California,2021-02-01,242871.0,7512.0,11760.0,28,28,2,35.366595098919404,False,cold,E2020,78668,95489.90695072965,3087290.8933746885,0.030929999876477637,11.757142857142856,25.283870967741937,2021-02-01,2021-02,21.07615885063703
California,2021-03-01,100624.0,3532.0,6198.0,31,31,3,35.366595098919404,False,cold,E2020,78668,44897.54410942188,1279096.9644582295,0.03510096994752743,14.061290322580644,25.283870967741937,2021-03-01,2021-03,21.07615885063703
California,2021-04-01,76783.0,1541.0,2498.0,30,30,4,35.366595098919404,False,transition,E2020,78668,19588.651039812885,976038.5417196319,0.020069546644439523,20.123333333333335,25.283870967741937,2021-04-01,2021-04,21.07615885063703
California,2021-05-01,49462.0,949.0,1260.0,31,31,5,35.366595098919404,False,warm,E2020,78668,12063.354858392231,628743.5806172777,0.019186446160689014,24.848387096774193,25.283870967741937,2021-05-01,2021-05,21.07615885063703
California,2021-06-01,29493.0,988.0,1003.0,30,30,6,35.366595098919404,False,warm,E2020,78668,12559.109167641227,374904.6626328367,0.03349947445156478,30.19,25.283870967741937,2021-06-01,2021-06,21.07615885063703
California,2021-07-01,147806.0,992.0,845.0,31,31,7,35.366595098919404,False,warm,E2020,78668,12609.955763461636,1878857.9854578737,0.006711500209734381,34.061290322580646,25.283870967741937,2021-07-01,2021-07,21.07615885063703
California,2021-08-01,436912.0,3212.0,1534.0,31,31,8,35.366595098919404,False,warm,E2020,78668,40829.81644378909,5553871.968271724,0.0073515948291646835,31.770967741935483,25.283870967741937,2021-08-01,2021-08,21.07615885063703
California,2021-09-01,274118.0,3219.0,3446.0,30,30,9,35.366595098919404,False,warm,E2021,78668,40918.797986474805,3484491.788274775,0.011743117927315973,28.196666666666665,25.283870967741937,2021-09-01,2021-09,21.07615885063703
California,2021-10-01,181066.0,2512.0,2950.0,31,31,10,35.366595098919404,False,transition,E2021,78668,31931.66217521737,2301647.4297045814,0.013873394231937525,18.703225806451613,25.283870967741937,2021-10-01,2021-10,21.07615885063703
California,2021-11-01,158297.0,2133.0,2500.0,30,30,11,35.366595098919404,False,cold,E2021,78668,27113.94722123354,2012215.8946458534,0.013474671029773148,14.0,25.283870967741937,2021-11-01,2021-11,21.07615885063703
California,2021-12-01,436808.0,2599.0,2027.0,31,31,12,35.366595098919404,False,cold,E2021,78668,33037.57563431128,5552549.956780394,0.005949982601051263,9.412903225806453,25.283870967741937,2021-12-01,2021-12,21.07615885063703
California,2022-01-01,2922730.0,5587.0,3546.0,31,31,1,35.366595098919404,False,cold,E2021,78668,71019.98271215742,37152717.750546604,0.0019115689783182161,9.803225806451612,25.283870967741937,2022-01-01,2022-01,21.07615885063703
California,2022-02-01,541406.0,4135.0,5411.0,28,28,2,35.366595098919404,False,cold,E2021,78668,52562.668429348654,6882163.014186201,0.007637521564223522,11.950000000000001,25.283870967741937,2022-02-01,2022-02,21.07615885063703
California,2022-03-01,123877.0,1551.0,3396.0,31,31,3,35.366595098919404,False,cold,E2021,78668,19715.767529363908,1574680.937611227,0.012520484028512153,15.548387096774194,25.283870967741937,2022-03-01,2022-03,21.07615885063703
California,2022-04-01,127527.0,1282.0,1354.0,30,30,4,35.366595098919404,False,transition,E2021,78668,16296.333960441349,1621078.4562973508,0.010052773138237393,18.203333333333333,25.283870967741937,2022-04-01,2022-04,21.07615885063703
California,2022-05-01,387176.0,952.0,1147.0,31,31,5,35.366595098919404,False,warm,E2021,78668,12101.489805257537,4921645.395840748,0.0024588300927743455,23.51290322580645,25.283870967741937,2022-05-01,2022-05,21.07615885063703
California,2022-06-01,517022.0,1087.0,869.0,30,30,6,35.366595098919404,False,warm,E2021,78668,13817.562414196369,6572202.166064982,0.002102425041874427,29.209999999999997,25.283870967741937,2022-06-01,2022-06,21.07615885063703
California,2022-07-01,572126.0,1361.0,1246.0,31,31,7,35.366595098919404,False,warm,E2021,78668,17300.55422789444,7272664.870086947,0.0023788466177030935,32.51935483870968,25.283870967741937,2022-07-01,2022-07,21.07615885063703
California,2022-08-01,391100.0,1180.0,1385.0,31,31,8,35.366595098919404,False,warm,E2021,78668,14999.745767020899,4971525.90634057,0.003017131168499105,32.9,25.283870967741937,2022-08-01,2022-08,21.07615885063703
California,2022-09-01,168846.0,1060.0,1069.0,30,30,9,35.366595098919404,False,warm,E2022,78668,13474.347892408603,2146311.079473229,0.006277910048209611,29.17,25.283870967741937,2022-09-01,2022-09,21.07615885063703
California,2022-10-01,103380.0,622.0,930.0,31,31,10,35.366595098919404,False,transition,E2022,78668,7906.645650073728,1314130.268978492,0.006016637647514026,22.58709677419355,25.283870967741937,2022-10-01,2022-10,21.07615885063703
California,2022-11-01,168467.0,857.0,642.0,30,30,11,35.366595098919404,False,cold,E2022,78668,10893.883154522804,2141493.3645192455,0.00508704968925665,10.993333333333334,25.283870967741937,2022-11-01,2022-11,21.07615885063703
California,2022-12-01,293439.0,1523.0,1109.0,31,31,12,35.366595098919404,False,cold,E2022,78668,19359.84135862104,3730093.5577363097,0.005190175811667842,8.77741935483871,25.283870967741937,2022-12-01,2022-12,21.07615885063703
Colorado,2020-03-01,2966.0,1053.0,69.0,31,31,3,39.51493622068787,False,cold,E2019,10019,105100.30941211697,296037.52869547857,0.3550236008091706,3.5677419354838706,30.39677419354839,2020-03-01,2020-03,10.76752033071293
Colorado,2020-04-01,16801.0,477.0,1182.0,30,30,4,39.51493622068787,False,transition,E2019,10019,47609.541870446155,1676913.8636590478,0.028391167192429023,6.55,30.39677419354839,2020-04-01,2020-04,10.76752033071293
Colorado,2020-05-01,9248.0,159.0,361.0,31,31,5,39.51493622068787,False,warm,E2019,10019,15869.847290148717,923046.212196826,0.017192906574394463,15.212903225806452,30.39677419354839,2020-05-01,2020-05,10.76752033071293
Colorado,2020-06-01,7266.0,145.0,112.0,30,30,6,39.51493622068787,False,warm,E2019,10019,14472.502245733107,725222.0780517018,0.019955959262317642,21.28666666666667,30.39677419354839,2020-06-01,2020-06,10.76752033071293
Colorado,2020-07-01,15259.0,85.0,143.0,31,31,7,39.51493622068787,False,warm,E2019,10019,8483.880626809063,1523006.2880526998,0.005570482993643096,24.425806451612903,30.39677419354839,2020-07-01,2020-07,10.76752033071293
Colorado,2020-08-01,9398.0,124.0,98.0,31,31,8,39.51493622068787,False,warm,E2019,10019,12376.484679109692,938017.7662441361,0.013194296658863588,24.532258064516128,30.39677419354839,2020-08-01,2020-08,10.76752033071293
Colorado,2020-09-01,15782.0,271.0,130.0,30,30,9,39.51493622068787,False,warm,E2020,10019,27048.6076454736,1575207.1064976545,0.017171461158281588,17.476666666666667,30.39677419354839,2020-09-01,2020-09,10.76752033071293
Colorado,2020-10-01,48289.0,1329.0,511.0,31,31,10,39.51493622068787,False,transition,E2020,10019,132647.9688591676,4819742.489270386,0.02752179585412827,9.754838709677419,30.39677419354839,2020-10-01,2020-10,10.76752033071293
Colorado,2020-11-01,145650.0,1542.0,1652.0,30,30,11,39.51493622068787,False,cold,E2020,10019,153907.57560634793,14537378.979938118,0.0105870236869207,5.5600000000000005,30.39677419354839,2020-11-01,2020-11,10.76752033071293
Colorado,2020-12-01,90362.0,609.0,1162.0,31,31,12,39.51493622068787,False,cold,E2020,10019,60784.50943207905,9019063.77882024,0.006739558664040194,-1.0806451612903225,30.39677419354839,2020-12-01,2020-12,10.76752033071293
Colorado,2021-01-01,52950.0,238.0,475.0,31,31,1,39.51493622068787,False,cold,E2020,10019,23754.865755065377,5284958.578700469,0.00449480642115203,-0.13548387096774195,30.39677419354839,2021-01-01,2021-01,10.76752033071293
Colorado,2021-02-01,30287.0,125.0,179.0,28,28,2,39.51493622068787,False,cold,E2020,10019,12476.295039425093,3022956.3828725424,0.004127183279955096,-3.257142857142857,30.39677419354839,2021-02-01,2021-02,10.76752033071293
Colorado,2021-03-01,33916.0,222.0,137.0,31,31,3,39.51493622068787,False,cold,E2020,10019,22157.899990018963,3385168.1804571315,0.0065455832055666945,1.096774193548387,30.39677419354839,2021-03-01,2021-03,10.76752033071293
Colorado,2021-04-01,48534.0,272.0,271.0,30,30,4,39.51493622068787,False,transition,E2020,10019,27148.418005789,4844196.027547659,0.005604318621996951,5.016666666666667,30.39677419354839,2021-04-01,2021-04,10.76752033071293
Colorado,2021-05-01,26370.0,182.0,245.0,31,31,5,39.51493622068787,False,warm,E2020,10019,18165.485577402935,2631999.2015171177,0.006901782328403489,12.100000000000001,30.39677419354839,2021-05-01,2021-05,10.76752033071293
Colorado,2021-06-01,10215.0,150.0,160.0,30,30,6,39.51493622068787,False,warm,E2020,10019,14971.55404731011,1019562.8306218185,0.014684287812041116,20.923333333333336,30.39677419354839,2021-06-01,2021-06,10.76752033071293
Colorado,2021-07-01,18298.0,292.0,172.0,31,31,7,39.51493622068787,False,warm,E2020,10019,29144.625212097017,1826329.9730512027,0.015958028199803256,23.503225806451614,30.39677419354839,2021-07-01,2021-07,10.76752033071293
Colorado,2021-08-01,45689.0,516.0,362.0,31,31,8,39.51493622068787,False,warm,E2020,10019,51502.14592274678,4560235.552450344,0.011293746853728468,22.467741935483872,30.39677419354839,2021-08-01,2021-08,10.76752033071293
Colorado,2021-09-01,57367.0,746.0,559.0,30,30,9,39.51493622068787,False,warm,E2021,10019,74458.52879528895,5725820.940213595,0.013003991841999756,19.736666666666668,30.39677419354839,2021-09-01,2021-09,10.76752033071293
Colorado,2021-10-01,73818.0,1133.0,898.0,31,31,10,39.51493622068787,False,transition,E2021,10019,113085.13823734903,7367801.177762251,0.01534855997182259,11.503225806451614,30.39677419354839,2021-10-01,2021-10,10.76752033071293
Colorado,2021-11-01,93510.0,862.0,1113.0,30,30,11,39.51493622068787,False,cold,E2021,10019,86036.53059187543,9333266.793093123,0.00921826542615763,6.989999999999999,30.39677419354839,2021-11-01,2021-11,10.76752033071293
Colorado,2021-12-01,149368.0,1206.0,815.0,31,31,12,39.51493622068787,False,cold,E2021,10019,120371.29454037329,14908473.899590777,0.00807401853141235,3.5903225806451613,30.39677419354839,2021-12-01,2021-12,10.76752033071293
Colorado,2022-01-01,369890.0,592.0,1246.0,31,31,1,39.51493622068787,False,cold,E2021,10019,59087.73330671724,36918854.17706358,0.0016004758171348239,-3.0032258064516126,30.39677419354839,2022-01-01,2022-01,10.76752033071293
Colorado,2022-02-01,38446.0,114.0,329.0,28,28,2,39.51493622068787,False,cold,E2021,10019,11378.381075955684,3837309.112685897,0.002965197939967747,-5.510714285714286,30.39677419354839,2022-02-01,2022-02,10.76752033071293
Colorado,2022-03-01,11321.0,62.0,91.0,31,31,3,39.51493622068787,False,cold,E2021,10019,6188.242339554846,1129953.0891306517,0.00547654800812649,1.558064516129032,30.39677419354839,2022-03-01,2022-03,10.76752033071293
Colorado,2022-04-01,17932.0,113.0,60.0,30,30,4,39.51493622068787,False,transition,E2021,10019,11278.570715640284,1789799.381175766,0.006301583760874414,9.473333333333333,30.39677419354839,2022-04-01,2022-04,10.76752033071293
Colorado,2022-05-01,50200.0,234.0,157.0,31,31,5,39.51493622068787,False,warm,E2021,10019,23355.62431380377,5010480.087833117,0.004661354581673307,13.641935483870967,30.39677419354839,2022-05-01,2022-05,10.76752033071293
Colorado,2022-06-01,63766.0,189.0,229.0,30,30,6,39.51493622068787,False,warm,E2021,10019,18864.15809961074,6364507.435871843,0.002963961986011354,21.073333333333334,30.39677419354839,2022-06-01,2022-06,10.76752033071293
Colorado,2022-07-01,50314.0,76.0,160.0,31,31,7,39.51493622068787,False,warm,E2021,10019,7585.587383970456,5021858.468909073,0.0015105139722542433,24.493548387096773,30.39677419354839,2022-07-01,2022-07,10.76752033071293
Colorado,2022-08-01,27804.0,136.0,88.0,31,31,8,39.51493622068787,False,warm,E2021,10019,13574.2090028945,2775127.258209402,0.004891382534887067,22.825806451612905,30.39677419354839,2022-08-01,2022-08,10.76752033071293
Colorado,2022-09-01,23782.0,127.0,150.0,30,30,9,39.51493622068787,False,warm,E2022,10019,12675.915760055894,2373689.9890208603,0.0053401732402657475,19.34333333333333,30.39677419354839,2022-09-01,2022-09,10.76752033071293
Colorado,2022-10-01,20085.0,142.0,105.0,31,31,10,39.51493622068787,False,transition,E2022,10019,14173.071164786905,2004691.0869348238,0.0070699527010206625,10.567741935483872,30.39677419354839,2022-10-01,2022-10,10.76752033071293
Colorado,2022-11-01,33381.0,280.0,188.0,30,30,11,39.51493622068787,False,cold,E2022,10019,27946.900888312208,3331769.637688392,0.008388005152631736,1.74,30.39677419354839,2022-11-01,2022-11,10.76752033071293
Colorado,2022-12-01,26518.0,176.0,273.0,31,31,12,39.51493622068787,False,cold,E2022,10019,17566.62341551053,2646771.134843797,0.006637001282147975,-0.9290322580645161,30.39677419354839,2022-12-01,2022-12,10.76752033071293
Connecticut,2020-03-01,3128.0,1419.0,69.0,31,31,3,41.37844392575823,False,cold,E2019,116782,12150.845164494529,26784.94973540443,0.45364450127877237,5.532258064516129,26.9741935483871,2020-03-01,2020-03,11.834057332610463
Connecticut,2020-04-01,24572.0,2160.0,2188.0,30,30,4,41.37844392575823,False,transition,E2019,116782,18496.001096059324,210409.1383946156,0.08790493244343155,7.036666666666666,26.9741935483871,2020-04-01,2020-04,11.834057332610463
Connecticut,2020-05-01,14501.0,677.0,1687.0,31,31,5,41.37844392575823,False,warm,E2019,116782,5797.126269459334,124171.533284239,0.04668643541824702,12.880645161290323,26.9741935483871,2020-05-01,2020-05,11.834057332610463
Connecticut,2020-06-01,4313.0,146.0,378.0,30,30,6,41.37844392575823,False,warm,E2019,116782,1250.192666678084,36932.061447825865,0.0338511476930211,20.116666666666667,26.9741935483871,2020-06-01,2020-06,11.834057332610463
Connecticut,2020-07-01,3296.0,54.0,110.0,31,31,7,41.37844392575823,False,warm,E2019,116782,462.4000274014831,28223.527598431265,0.016383495145631068,24.070967741935487,26.9741935483871,2020-07-01,2020-07,11.834057332610463
Connecticut,2020-08-01,3069.0,35.0,33.0,31,31,8,41.37844392575823,False,warm,E2019,116782,299.70372146392424,26279.734890650958,0.011404366243075921,23.070967741935487,26.9741935483871,2020-08-01,2020-08,11.834057332610463
Connecticut,2020-09-01,4671.0,72.0,43.0,30,30,9,41.37844392575823,False,warm,E2020,116782,616.5333698686442,39997.60237022829,0.015414258188824663,18.503333333333334,26.9741935483871,2020-09-01,2020-09,11.834057332610463
Connecticut,2020-10-01,13657.0,261.0,108.0,31,31,10,41.37844392575823,False,transition,E2020,116782,2234.933465773835,116944.39211522324,0.019111078567767444,12.73225806451613,26.9741935483871,2020-10-01,2020-10,11.834057332610463
Connecticut,2020-11-01,46088.0,848.0,404.0,30,30,11,41.37844392575823,False,cold,E2020,116782,7261.393022897364,394649.8604236954,0.01839958340565874,8.48,26.9741935483871,2020-11-01,2020-11,11.834057332610463
Connecticut,2020-12-01,68413.0,1098.0,975.0,31,31,12,41.37844392575823,False,cold,E2020,116782,9402.133890496823,585818.0199003271,0.016049581219943578,1.832258064516129,26.9741935483871,2020-12-01,2020-12,11.834057332610463
Connecticut,2021-01-01,64315.0,749.0,1051.0,31,31,1,41.37844392575823,False,cold,E2020,116782,6413.659639327979,550726.9955986368,0.01164580579958019,-0.9870967741935485,26.9741935483871,2021-01-01,2021-01,11.834057332610463
Connecticut,2021-02-01,29923.0,309.0,576.0,28,28,2,41.37844392575823,False,cold,E2020,116782,2645.955712352931,256229.55592471443,0.010326504695384821,-1.4857142857142858,26.9741935483871,2021-02-01,2021-02,11.834057332610463
Connecticut,2021-03-01,30678.0,195.0,267.0,31,31,3,41.37844392575823,False,cold,E2020,116782,1669.777876727578,262694.5933448648,0.006356346567572854,4.225806451612903,26.9741935483871,2021-03-01,2021-03,11.834057332610463
Connecticut,2021-04-01,28609.0,185.0,208.0,30,30,4,41.37844392575823,False,transition,E2020,116782,1584.1482420235996,244977.82192461166,0.006466496557027509,9.043333333333333,26.9741935483871,2021-04-01,2021-04,11.834057332610463
Connecticut,2021-05-01,8108.0,57.0,141.0,31,31,5,41.37844392575823,False,warm,E2020,116782,488.0889178126766,69428.50781798565,0.007030093734583128,14.416129032258064,26.9741935483871,2021-05-01,2021-05,11.834057332610463
Connecticut,2021-06-01,2011.0,13.0,40.0,30,30,6,41.37844392575823,False,warm,E2020,116782,111.31852511517185,17220.119538970048,0.006464445549477871,20.903333333333332,26.9741935483871,2021-06-01,2021-06,11.834057332610463
Connecticut,2021-07-01,4983.0,53.0,14.0,31,31,7,41.37844392575823,False,warm,E2020,116782,453.83706393108525,42669.24697299241,0.01063616295404375,21.97741935483871,26.9741935483871,2021-07-01,2021-07,11.834057332610463
Connecticut,2021-08-01,18737.0,142.0,66.0,31,31,8,41.37844392575823,False,warm,E2020,116782,1215.9408127964925,160444.24654484424,0.0075785878208891495,22.980645161290322,26.9741935483871,2021-08-01,2021-08,11.834057332610463
Connecticut,2021-09-01,17273.0,244.0,271.0,30,30,9,41.37844392575823,False,warm,E2021,116782,2089.3630867770717,147908.06802418182,0.014126092745904012,19.083333333333332,26.9741935483871,2021-09-01,2021-09,11.834057332610463
Connecticut,2021-10-01,12238.0,129.0,135.0,31,31,10,41.37844392575823,False,transition,E2021,116782,1104.6222876813208,104793.5469507287,0.0105409380617748,14.658064516129034,26.9741935483871,2021-10-01,2021-10,11.834057332610463
Connecticut,2021-11-01,19109.0,226.0,141.0,30,30,11,41.37844392575823,False,cold,E2021,116782,1935.2297443099108,163629.66895583223,0.011826887853890836,5.863333333333333,26.9741935483871,2021-11-01,2021-11,11.834057332610463
Connecticut,2021-12-01,88496.0,693.0,255.0,31,31,12,41.37844392575823,False,cold,E2021,116782,5934.1336849857,757788.0152763268,0.007830862411860423,3.7483870967741937,26.9741935483871,2021-12-01,2021-12,11.834057332610463
Connecticut,2022-01-01,189212.0,605.0,850.0,31,31,1,41.37844392575823,False,cold,E2021,116782,5180.592899590691,1620215.4441609152,0.003197471619136207,-2.903225806451613,26.9741935483871,2022-01-01,2022-01,11.834057332610463
Connecticut,2022-02-01,23989.0,349.0,460.0,28,28,2,41.37844392575823,False,cold,E2021,116782,2988.4742511688446,205416.93069137368,0.0145483346533828,0.3678571428571429,26.9741935483871,2022-02-01,2022-02,11.834057332610463
Connecticut,2022-03-01,12644.0,103.0,309.0,31,31,3,41.37844392575823,False,cold,E2021,116782,881.985237450977,108270.11011971023,0.008146156279658336,4.635483870967741,26.9741935483871,2022-03-01,2022-03,11.834057332610463
Connecticut,2022-04-01,22248.0,100.0,71.0,30,30,4,41.37844392575823,False,transition,E2021,116782,856.2963470397835,190508.81128941104,0.004494786048184107,8.893333333333334,26.9741935483871,2022-04-01,2022-04,11.834057332610463
Connecticut,2022-05-01,50913.0,106.0,91.0,31,31,5,41.37844392575823,False,warm,E2021,116782,907.6741278621705,435966.159168365,0.002081982990591794,15.338709677419354,26.9741935483871,2022-05-01,2022-05,11.834057332610463
Connecticut,2022-06-01,19774.0,61.0,104.0,30,30,6,41.37844392575823,False,warm,E2021,116782,522.3407716942679,169324.0396636468,0.0030848589056336603,19.216666666666665,26.9741935483871,2022-06-01,2022-06,11.834057332610463
Connecticut,2022-07-01,25614.0,87.0,57.0,31,31,7,41.37844392575823,False,warm,E2021,116782,744.9778219246117,219331.74633077014,0.003396579995315062,24.048387096774192,26.9741935483871,2022-07-01,2022-07,11.834057332610463
Connecticut,2022-08-01,20494.0,163.0,167.0,31,31,8,41.37844392575823,False,warm,E2021,116782,1395.7630456748473,175489.37336233322,0.007953547379720894,23.725806451612904,26.9741935483871,2022-08-01,2022-08,11.834057332610463
Connecticut,2022-09-01,21817.0,81.0,96.0,30,30,9,41.37844392575823,False,warm,E2022,116782,693.6000411022246,186818.17403366958,0.0037127011046431684,18.31,26.9741935483871,2022-09-01,2022-09,11.834057332610463
Connecticut,2022-10-01,16260.0,135.0,98.0,31,31,10,41.37844392575823,False,transition,E2022,116782,1156.0000685037078,139233.7860286688,0.008302583025830259,12.345161290322581,26.9741935483871,2022-10-01,2022-10,11.834057332610463
Connecticut,2022-11-01,13794.0,174.0,124.0,30,30,11,41.37844392575823,False,cold,E2022,116782,1489.9556438492234,118117.51811066773,0.012614180078294911,8.2,26.9741935483871,2022-11-01,2022-11,11.834057332610463
Connecticut,2022-12-01,21996.0,172.0,194.0,31,31,12,41.37844392575823,False,cold,E2022,116782,1472.8297169084276,188350.94449487078,0.007819603564284416,1.4967741935483871,26.9741935483871,2022-12-01,2022-12,11.834057332610463
Delaware,2020-04-01,4415.0,324.0,209.0,30,30,4,39.133656095396745,False,transition,E2019,234225,1383.28530259366,18849.396947379657,0.07338618346545867,10.813333333333333,26.135483870967743,2020-04-01,2020-04,14.984275240888143
Delaware,2020-05-01,4764.0,125.0,285.0,31,31,5,39.133656095396745,False,warm,E2019,234225,533.6748852598997,20339.417227025297,0.026238455079764904,15.51290322580645,26.135483870967743,2020-05-01,2020-05,14.984275240888143
Delaware,2020-06-01,1976.0,33.0,69.0,30,30,6,39.133656095396745,False,warm,E2019,234225,140.8901697086135,8436.332586188493,0.016700404858299597,22.959999999999997,26.135483870967743,2020-06-01,2020-06,14.984275240888143
Delaware,2020-07-01,3314.0,24.0,32.0,31,31,7,39.133656095396745,False,warm,E2019,234225,102.46557796990074,14148.78855801046,0.00724200362100181,26.6,26.135483870967743,2020-07-01,2020-07,14.984275240888143
Delaware,2020-08-01,2641.0,24.0,19.0,31,31,8,39.133656095396745,False,warm,E2019,234225,102.46557796990074,11275.48297577116,0.009087466868610375,25.177419354838708,26.135483870967743,2020-08-01,2020-08,14.984275240888143
Delaware,2020-09-01,3184.0,61.0,35.0,30,30,9,39.133656095396745,False,warm,E2020,234225,260.433344006831,13593.766677340165,0.019158291457286432,20.87,26.135483870967743,2020-09-01,2020-09,14.984275240888143
Delaware,2020-10-01,4338.0,89.0,83.0,31,31,10,39.133656095396745,False,transition,E2020,234225,379.97651830504856,18520.653218059557,0.020516366989396035,16.067741935483873,26.135483870967743,2020-10-01,2020-10,14.984275240888143
Delaware,2020-11-01,10703.0,187.0,85.0,30,30,11,39.133656095396745,False,cold,E2020,234225,798.3776283488099,45695.37837549365,0.017471736896197326,11.456666666666667,26.135483870967743,2020-11-01,2020-11,14.984275240888143
Delaware,2020-12-01,21802.0,268.0,241.0,31,31,12,39.133656095396745,False,cold,E2020,234225,1144.1989539972249,93081.43878749067,0.012292450233923493,4.887096774193548,26.135483870967743,2020-12-01,2020-12,14.984275240888143
Delaware,2021-01-01,20615.0,126.0,244.0,31,31,1,39.133656095396745,False,cold,E2020,234225,537.9442843419789,88013.66207706265,0.006112054329371817,2.541935483870968,26.135483870967743,2021-01-01,2021-01,14.984275240888143
Delaware,2021-02-01,8728.0,162.0,117.0,28,28,2,39.133656095396745,False,cold,E2020,234225,691.64265129683,37263.315188387234,0.01856095325389551,2.085714285714286,26.135483870967743,2021-02-01,2021-02,14.984275240888143
Delaware,2021-03-01,8003.0,74.0,137.0,31,31,3,39.133656095396745,False,cold,E2020,234225,315.9355320738606,34168.000853879814,0.00924653255029364,8.332258064516129,26.135483870967743,2021-03-01,2021-03,14.984275240888143
Delaware,2021-04-01,9603.0,51.0,66.0,30,30,4,39.133656095396745,False,transition,E2020,234225,217.73935318603907,40999.03938520653,0.005310840362386754,12.496666666666666,26.135483870967743,2021-04-01,2021-04,14.984275240888143
Delaware,2021-05-01,4461.0,29.0,36.0,31,31,5,39.133656095396745,False,warm,E2020,234225,123.81257338029673,19045.7893051553,0.006500784577449003,17.470967741935485,26.135483870967743,2021-05-01,2021-05,14.984275240888143
Delaware,2021-06-01,878.0,14.0,33.0,30,30,6,39.133656095396745,False,warm,E2020,234225,59.77158714910876,3748.5323940655353,0.015945330296127564,23.323333333333334,26.135483870967743,2021-06-01,2021-06,14.984275240888143
Delaware,2021-07-01,1663.0,157.0,139.0,31,31,7,39.133656095396745,False,warm,E2020,234225,670.295655886434,7100.010673497705,0.09440769693325315,25.948387096774194,26.135483870967743,2021-07-01,2021-07,14.984275240888143
Delaware,2021-08-01,8445.0,73.0,47.0,31,31,8,39.133656095396745,False,warm,E2020,234225,311.6661329917814,36055.07524815882,0.008644168146832444,25.17096774193548,26.135483870967743,2021-08-01,2021-08,14.984275240888143
Delaware,2021-09-01,13111.0,118.0,74.0,30,30,9,39.133656095396745,False,warm,E2021,234225,503.7890916853453,55976.09136514035,0.009000076271832812,22.223333333333336,26.135483870967743,2021-09-01,2021-09,14.984275240888143
Delaware,2021-10-01,11235.0,114.0,137.0,31,31,10,39.133656095396745,False,transition,E2021,234225,486.7114953570285,47966.698687159784,0.010146862483311082,18.061290322580643,26.135483870967743,2021-10-01,2021-10,14.984275240888143
Delaware,2021-11-01,8992.0,90.0,87.0,30,30,11,39.133656095396745,False,cold,E2021,234225,384.24591738712775,38390.436546056146,0.010008896797153026,8.74,26.135483870967743,2021-11-01,2021-11,14.984275240888143
Delaware,2021-12-01,27176.0,208.0,108.0,31,31,12,39.133656095396745,False,cold,E2021,234225,888.035009072473,116025.18945458427,0.007653812187224021,7.419354838709677,26.135483870967743,2021-12-01,2021-12,14.984275240888143
Delaware,2022-01-01,67745.0,238.0,245.0,31,31,1,39.133656095396745,False,cold,E2021,234225,1016.116981534849,289230.4408154552,0.0035131744040150566,0.4645161290322581,26.135483870967743,2022-01-01,2022-01,14.984275240888143
Delaware,2022-02-01,8510.0,138.0,178.0,28,28,2,39.133656095396745,False,cold,E2021,234225,589.1770733269292,36332.586188493966,0.016216216216216217,4.432142857142857,26.135483870967743,2022-02-01,2022-02,14.984275240888143
Delaware,2022-03-01,2387.0,63.0,137.0,31,31,3,39.133656095396745,False,cold,E2021,234225,268.97214217098946,10191.055608923045,0.026392961876832845,8.461290322580645,26.135483870967743,2022-03-01,2022-03,14.984275240888143
Delaware,2022-04-01,3453.0,43.0,61.0,30,30,4,39.133656095396745,False,transition,E2021,234225,183.5841605294055,14742.235030419468,0.012452939472922097,11.889999999999999,26.135483870967743,2022-04-01,2022-04,14.984275240888143
Delaware,2022-05-01,14178.0,41.0,49.0,31,31,5,39.133656095396745,False,warm,E2021,234225,175.0453623652471,60531.54018571886,0.002891804203695867,17.538709677419355,26.135483870967743,2022-05-01,2022-05,14.984275240888143
Delaware,2022-06-01,8407.0,32.0,28.0,30,30,6,39.133656095396745,False,warm,E2021,234225,136.62077062653432,35892.83808303981,0.003806351849649102,22.373333333333335,26.135483870967743,2022-06-01,2022-06,14.984275240888143
Delaware,2022-07-01,8995.0,27.0,40.0,31,31,7,39.133656095396745,False,warm,E2021,234225,115.27377521613833,38403.24474330238,0.003001667593107282,25.83225806451613,26.135483870967743,2022-07-01,2022-07,14.984275240888143
Delaware,2022-08-01,8697.0,49.0,18.0,31,31,8,39.133656095396745,False,warm,E2021,234225,209.20055502188066,37130.96381684278,0.005634126710359894,25.26774193548387,26.135483870967743,2022-08-01,2022-08,14.984275240888143
Delaware,2022-09-01,5975.0,48.0,69.0,30,30,9,39.133656095396745,False,warm,E2022,234225,204.93115593980147,25509.659515423205,0.008033472803347281,21.233333333333334,26.135483870967743,2022-09-01,2022-09,14.984275240888143
Delaware,2022-10-01,4670.0,27.0,36.0,31,31,10,39.133656095396745,False,transition,E2022,234225,115.27377521613833,19938.093713309852,0.005781584582441114,14.116129032258065,26.135483870967743,2022-10-01,2022-10,14.984275240888143
Delaware,2022-11-01,3573.0,42.0,25.0,30,30,11,39.133656095396745,False,cold,E2022,234225,179.31476144732628,15254.562920268972,0.011754827875734676,10.78,26.135483870967743,2022-11-01,2022-11,14.984275240888143
Delaware,2022-12-01,4932.0,38.0,34.0,31,31,12,39.133656095396745,False,cold,E2022,234225,162.2371651190095,21056.676272814602,0.007704785077047851,3.9322580645161294,26.135483870967743,2022-12-01,2022-12,14.984275240888143
District of Columbia,2020-04-01,3828.0,300.0,215.0,30,30,4,38.90417772999957,False,transition,E2019,0,inf,inf,0.07836990595611286,11.126666666666667,27.225806451612904,2020-04-01,2020-04,14.388873847926268
District of Columbia,2020-05-01,4478.0,121.0,242.0,31,31,5,38.90417772999957,False,warm,E2019,0,inf,inf,0.027020991514068782,15.932258064516128,27.225806451612904,2020-05-01,2020-05,14.388873847926268
District of Columbia,2020-06-01,1526.0,47.0,85.0,30,30,6,38.90417772999957,False,warm,E2019,0,inf,inf,0.030799475753604193,23.353333333333335,27.225806451612904,2020-06-01,2020-06,14.388873847926268
District of Columbia,2020-07-01,1799.0,22.0,34.0,31,31,7,38.90417772999957,False,warm,E2019,0,inf,inf,0.012229016120066704,27.080645161290324,27.225806451612904,2020-07-01,2020-07,14.388873847926268
District of Columbia,2020-08-01,1866.0,19.0,22.0,31,31,8,38.90417772999957,False,warm,E2019,0,inf,inf,0.010182207931404072,24.34193548387097,27.225806451612904,2020-08-01,2020-08,14.388873847926268
District of Columbia,2020-09-01,1334.0,21.0,20.0,30,30,9,38.90417772999957,False,warm,E2020,0,inf,inf,0.015742128935532233,19.726666666666667,27.225806451612904,2020-09-01,2020-09,14.388873847926268
District of Columbia,2020-10-01,1940.0,28.0,19.0,31,31,10,38.90417772999957,False,transition,E2020,0,inf,inf,0.01443298969072165,15.019354838709678,27.225806451612904,2020-10-01,2020-10,14.388873847926268
District of Columbia,2020-11-01,4286.0,72.0,34.0,30,30,11,38.90417772999957,False,cold,E2020,0,inf,inf,0.01679888007466169,10.72,27.225806451612904,2020-11-01,2020-11,14.388873847926268
District of Columbia,2020-12-01,7431.0,122.0,106.0,31,31,12,38.90417772999957,False,cold,E2020,0,inf,inf,0.016417709594940117,3.629032258064516,27.225806451612904,2020-12-01,2020-12,14.388873847926268
District of Columbia,2021-01-01,7889.0,131.0,127.0,31,31,1,38.90417772999957,False,cold,E2020,0,inf,inf,0.016605399923944733,1.8419354838709678,27.225806451612904,2021-01-01,2021-01,14.388873847926268
District of Columbia,2021-02-01,3726.0,55.0,104.0,28,28,2,38.90417772999957,False,cold,E2020,0,inf,inf,0.014761137949543746,1.7142857142857142,27.225806451612904,2021-02-01,2021-02,14.388873847926268
District of Columbia,2021-03-01,3915.0,47.0,47.0,31,31,3,38.90417772999957,False,cold,E2020,0,inf,inf,0.012005108556832695,8.62258064516129,27.225806451612904,2021-03-01,2021-03,14.388873847926268
District of Columbia,2021-04-01,3184.0,28.0,41.0,30,30,4,38.90417772999957,False,transition,E2020,0,inf,inf,0.008793969849246231,12.983333333333333,27.225806451612904,2021-04-01,2021-04,14.388873847926268
District of Columbia,2021-05-01,1201.0,16.0,27.0,31,31,5,38.90417772999957,False,warm,E2020,0,inf,inf,0.013322231473771857,17.57741935483871,27.225806451612904,2021-05-01,2021-05,14.388873847926268
District of Columbia,2021-07-01,1043.0,9.0,8.0,31,31,7,38.90417772999957,False,warm,E2020,0,inf,inf,0.00862895493767977,25.73225806451613,27.225806451612904,2021-07-01,2021-07,14.388873847926268
District of Columbia,2021-08-01,5033.0,16.0,11.0,31,31,8,38.90417772999957,False,warm,E2020,0,inf,inf,0.0031790184780449036,25.206451612903226,27.225806451612904,2021-08-01,2021-08,14.388873847926268
District of Columbia,2021-09-01,5722.0,15.0,14.0,30,30,9,38.90417772999957,False,warm,E2021,0,inf,inf,0.0026214610276127227,21.39333333333333,27.225806451612904,2021-09-01,2021-09,14.388873847926268
District of Columbia,2021-10-01,3087.0,10.0,16.0,31,31,10,38.90417772999957,False,transition,E2021,0,inf,inf,0.003239390994493035,17.461290322580645,27.225806451612904,2021-10-01,2021-10,14.388873847926268
District of Columbia,2021-11-01,2672.0,11.0,6.0,30,30,11,38.90417772999957,False,cold,E2021,0,inf,inf,0.004116766467065869,7.3933333333333335,27.225806451612904,2021-11-01,2021-11,14.388873847926268
District of Columbia,2021-12-01,27374.0,60.0,15.0,31,31,12,38.90417772999957,False,cold,E2021,0,inf,inf,0.0021918608898955213,7.025806451612904,27.225806451612904,2021-12-01,2021-12,14.388873847926268
District of Columbia,2022-01-01,35531.0,47.0,73.0,31,31,1,38.90417772999957,False,cold,E2021,0,inf,inf,0.0013227885508429258,-0.14516129032258057,27.225806451612904,2022-01-01,2022-01,14.388873847926268
District of Columbia,2022-02-01,4747.0,15.0,34.0,28,28,2,38.90417772999957,False,cold,E2021,0,inf,inf,0.0031598904571308196,4.2,27.225806451612904,2022-02-01,2022-02,14.388873847926268
District of Columbia,2022-03-01,2322.0,4.0,15.0,31,31,3,38.90417772999957,False,cold,E2021,0,inf,inf,0.0017226528854435831,8.716129032258063,27.225806451612904,2022-03-01,2022-03,14.388873847926268
District of Columbia,2022-04-01,5057.0,9.0,7.0,30,30,4,38.90417772999957,False,transition,E2021,0,inf,inf,0.0017797112912794147,11.979999999999999,27.225806451612904,2022-04-01,2022-04,14.388873847926268
District of Columbia,2022-05-01,7695.0,7.0,2.0,31,31,5,38.90417772999957,False,warm,E2021,0,inf,inf,0.0009096816114359974,18.432258064516127,27.225806451612904,2022-05-01,2022-05,14.388873847926268
District of Columbia,2022-06-01,7164.0,14.0,7.0,30,30,6,38.90417772999957,False,warm,E2021,0,inf,inf,0.001954215522054718,23.18,27.225806451612904,2022-06-01,2022-06,14.388873847926268
District of Columbia,2022-07-01,5717.0,13.0,15.0,31,31,7,38.90417772999957,False,warm,E2021,0,inf,inf,0.002273919888053175,25.570967741935487,27.225806451612904,2022-07-01,2022-07,14.388873847926268
District of Columbia,2022-08-01,3647.0,6.0,17.0,31,31,8,38.90417772999957,False,warm,E2021,0,inf,inf,0.0016451878256100905,24.64516129032258,27.225806451612904,2022-08-01,2022-08,14.388873847926268
District of Columbia,2022-09-01,2348.0,10.0,11.0,30,30,9,38.90417772999957,False,warm,E2022,0,inf,inf,0.004258943781942078,20.816666666666666,27.225806451612904,2022-09-01,2022-09,14.388873847926268
District of Columbia,2022-10-01,1195.0,11.0,5.0,31,31,10,38.90417772999957,False,transition,E2022,0,inf,inf,0.009205020920502092,12.848387096774195,27.225806451612904,2022-10-01,2022-10,14.388873847926268
District of Columbia,2022-11-01,1608.0,4.0,6.0,30,30,11,38.90417772999957,False,cold,E2022,0,inf,inf,0.0024875621890547263,9.646666666666667,27.225806451612904,2022-11-01,2022-11,14.388873847926268
District of Columbia,2022-12-01,2069.0,14.0,8.0,31,31,12,38.90417772999957,False,cold,E2022,0,inf,inf,0.006766553890768487,2.670967741935484,27.225806451612904,2022-12-01,2022-12,14.388873847926268
Florida,2020-03-01,6741.0,854.0,85.0,31,31,3,27.573776588401255,False,cold,E2019,25473,33525.69387194284,264633.14097279473,0.12668743509865005,23.48709677419355,11.919354838709674,2020-03-01,2020-03,23.43595260684919
Florida,2020-04-01,26949.0,1277.0,1183.0,30,30,4,27.573776588401255,False,transition,E2019,25473,50131.51179680446,1057943.7050995172,0.047385802812720326,24.646666666666665,11.919354838709674,2020-04-01,2020-04,23.43595260684919
Florida,2020-05-01,22473.0,1017.0,1183.0,31,31,5,27.573776588401255,False,warm,E2019,25473,39924.62607466729,882228.2416676481,0.04525430516619944,24.835483870967742,11.919354838709674,2020-05-01,2020-05,23.43595260684919
Florida,2020-06-01,96271.0,2045.0,1054.0,30,30,6,27.573776588401255,False,warm,E2019,25473,80281.08192988655,3779334.98213795,0.02124211860269448,26.64333333333333,11.919354838709674,2020-06-01,2020-06,23.43595260684919
Florida,2020-07-01,317952.0,4962.0,3338.0,31,31,7,27.573776588401255,False,warm,E2019,25473,194794.48828171004,12481922.035095984,0.01560612922705314,27.44193548387097,11.919354838709674,2020-07-01,2020-07,23.43595260684919
Florida,2020-08-01,153085.0,3149.0,4344.0,31,31,8,27.573776588401255,False,warm,E2019,25473,123621.08899619205,6009696.5414360305,0.020570271417839764,27.44516129032258,11.919354838709674,2020-08-01,2020-08,23.43595260684919
Florida,2020-09-01,83045.0,2893.0,3130.0,30,30,9,27.573776588401255,False,warm,E2020,25473,113571.23228516469,3260118.556903388,0.034836534409055334,26.256666666666668,11.919354838709674,2020-09-01,2020-09,23.43595260684919
Florida,2020-10-01,96031.0,1720.0,2444.0,31,31,10,27.573776588401255,False,transition,E2020,25473,67522.47477721509,3769913.241471362,0.017910882944049317,25.04516129032258,11.919354838709674,2020-10-01,2020-10,23.43595260684919
Florida,2020-11-01,196772.0,2750.0,1836.0,30,30,11,27.573776588401255,False,cold,E2020,25473,107957.44513798924,7724728.143524516,0.013975565629256195,22.183333333333334,11.919354838709674,2020-11-01,2020-11,23.43595260684919
Florida,2020-12-01,323996.0,4059.0,3076.0,31,31,12,27.573776588401255,False,cold,E2020,25473,159345.18902367214,12719192.870882895,0.012527932443610414,15.638709677419355,11.919354838709674,2020-12-01,2020-12,23.43595260684919
Florida,2021-01-01,398062.0,5167.0,4806.0,31,31,1,27.573776588401255,False,cold,E2020,25473,202842.22510108742,15626820.555097554,0.012980389989499123,16.43548387096774,11.919354838709674,2021-01-01,2021-01,23.43595260684919
Florida,2021-02-01,187844.0,2836.0,4373.0,28,28,2,27.573776588401255,False,cold,E2020,25473,111333.56887685,7374239.390727437,0.015097634207108026,19.560714285714287,11.919354838709674,2021-02-01,2021-02,23.43595260684919
Florida,2021-03-01,148514.0,1874.0,2573.0,31,31,3,27.573776588401255,False,cold,E2020,25473,73568.09170494249,5830251.6389903035,0.012618339011810335,21.758064516129032,11.919354838709674,2021-03-01,2021-03,23.43595260684919
Florida,2021-04-01,175783.0,1825.0,1736.0,30,30,4,27.573776588401255,False,transition,E2020,25473,71644.48631884741,6900757.664978605,0.010382118862461102,22.703333333333333,11.919354838709674,2021-04-01,2021-04,23.43595260684919
Florida,2021-05-01,87300.0,1114.0,1613.0,31,31,5,27.573776588401255,False,warm,E2020,25473,43732.57959408001,3427158.1674714405,0.012760595647193585,26.374193548387098,11.919354838709674,2021-05-01,2021-05,23.43595260684919
Florida,2021-06-01,44646.0,833.0,998.0,30,30,6,27.573776588401255,False,warm,E2020,25473,32701.291563616378,1752679.307502061,0.01865788648479147,26.566666666666666,11.919354838709674,2021-06-01,2021-06,23.43595260684919
Florida,2021-07-01,268770.0,3864.0,1307.0,31,31,7,27.573776588401255,False,warm,E2020,25473,151690.02473206926,10551171.828995407,0.014376604531755776,26.338709677419356,11.919354838709674,2021-07-01,2021-07,23.43595260684919
Florida,2021-08-01,616220.0,9637.0,5482.0,31,31,8,27.573776588401255,False,warm,E2020,25473,378322.14501629176,24191104.30652063,0.015638895199766318,26.706451612903226,11.919354838709674,2021-08-01,2021-08,23.43595260684919
Florida,2021-09-01,332353.0,6719.0,10448.0,30,30,9,27.573776588401255,False,warm,E2021,25473,263769.4814116908,13047265.73234405,0.02021645659885724,25.756666666666668,11.919354838709674,2021-09-01,2021-09,23.43595260684919
Florida,2021-10-01,108005.0,2473.0,4661.0,31,31,10,27.573776588401255,False,transition,E2021,25473,97083.18611863542,4239979.586228556,0.02289708809777325,24.770967741935483,11.919354838709674,2021-10-01,2021-10,23.43595260684919
Florida,2021-11-01,39583.0,1183.0,1878.0,30,30,11,27.573776588401255,False,cold,E2021,25473,46441.3300357241,1553919.8366898284,0.02988656746583129,19.07,11.919354838709674,2021-11-01,2021-11,23.43595260684919
Florida,2021-12-01,479532.0,1499.0,956.0,31,31,12,27.573776588401255,False,cold,E2021,25473,58846.6219133985,18825108.938876458,0.0031259644820366525,20.929032258064513,11.919354838709674,2021-12-01,2021-12,23.43595260684919
Florida,2022-01-01,1325876.0,5139.0,2761.0,31,31,1,27.573776588401255,False,cold,E2021,25473,201743.0220233188,52050249.283555135,0.0038759280656712994,16.56451612903226,11.919354838709674,2022-01-01,2022-01,23.43595260684919
Florida,2022-02-01,308293.0,3865.0,4819.0,28,28,2,27.573776588401255,False,cold,E2021,25473,151729.2819848467,12102736.230518589,0.012536775080848413,19.442857142857143,11.919354838709674,2022-02-01,2022-02,23.43595260684919
Florida,2022-03-01,40908.0,1022.0,3054.0,31,31,3,27.573776588401255,False,cold,E2021,25473,40120.912338554546,1605935.6966199505,0.024982888432580425,22.24516129032258,11.919354838709674,2022-03-01,2022-03,23.43595260684919
Florida,2022-04-01,56720.0,542.0,810.0,30,30,4,27.573776588401255,False,transition,E2021,25473,21277.431005378243,2226671.377537,0.00955571227080395,23.303333333333335,11.919354838709674,2022-04-01,2022-04,23.43595260684919
Florida,2022-05-01,217978.0,966.0,602.0,31,31,5,27.573776588401255,False,warm,E2021,25473,37922.506183017314,8557217.445923135,0.004431639890264155,25.63225806451613,11.919354838709674,2022-05-01,2022-05,23.43595260684919
Florida,2022-06-01,322593.0,1725.0,1250.0,30,30,6,27.573776588401255,False,warm,E2021,25473,67718.76104110235,12664114.945236132,0.005347295198593894,26.373333333333335,11.919354838709674,2022-06-01,2022-06,23.43595260684919
Florida,2022-07-01,350738.0,1995.0,1765.0,31,31,7,27.573776588401255,False,warm,E2021,25473,78318.21929101401,13769010.324657481,0.005688006432151635,27.55806451612903,11.919354838709674,2022-07-01,2022-07,23.43595260684919
Florida,2022-08-01,209063.0,1990.0,2288.0,31,31,8,27.573776588401255,False,warm,E2021,25473,78121.93302712677,8207239.037412162,0.009518661838775871,27.05806451612903,11.919354838709674,2022-08-01,2022-08,23.43595260684919
Florida,2022-09-01,108092.0,1169.0,1563.0,30,30,9,27.573776588401255,False,warm,E2022,25473,45891.728496839794,4243394.967220194,0.010814861414350738,25.69,11.919354838709674,2022-09-01,2022-09,23.43595260684919
Florida,2022-10-01,42647.0,699.0,760.0,31,31,10,27.573776588401255,False,transition,E2022,25473,27440.81969143799,1674204.0591999372,0.016390367434989565,22.641935483870967,11.919354838709674,2022-10-01,2022-10,23.43595260684919
Florida,2022-11-01,46643.0,731.0,699.0,30,30,11,27.573776588401255,False,cold,E2022,25473,28697.051780316415,1831076.04129863,0.015672233775700532,21.990000000000002,11.919354838709674,2022-11-01,2022-11,23.43595260684919
Florida,2022-12-01,99025.0,1321.0,1031.0,31,31,12,27.573776588401255,False,cold,E2022,25473,51858.83091901229,3887449.456287049,0.013340065639989901,17.729032258064517,11.919354838709674,2022-12-01,2022-12,23.43595260684919
Georgia,2020-03-01,3929.0,778.0,111.0,31,31,3,32.186013835788614,False,cold,E2019,20247,38425.44574504865,194053.4400158048,0.1980147620259608,18.096774193548388,18.73225806451613,2020-03-01,2020-03,20.27977636215777
Georgia,2020-04-01,22335.0,977.0,1021.0,30,30,4,32.186013835788614,False,transition,E2019,20247,48254.062330221765,1103126.3890946808,0.043743004253413924,19.883333333333333,18.73225806451613,2020-04-01,2020-04,20.27977636215777
Georgia,2020-05-01,20799.0,868.0,921.0,31,31,5,32.186013835788614,False,warm,E2019,20247,42870.548723267646,1027263.2982664099,0.04173277561421222,22.729032258064517,18.73225806451613,2020-05-01,2020-05,20.27977636215777
Georgia,2020-06-01,34228.0,611.0,752.0,30,30,6,32.186013835788614,False,warm,E2019,20247,30177.310218797847,1690522.0526497753,0.017850882318569593,25.756666666666668,18.73225806451613,2020-06-01,2020-06,20.27977636215777
Georgia,2020-07-01,105061.0,1744.0,947.0,31,31,7,32.186013835788614,False,warm,E2019,20247,86136.21771126587,5188966.266607398,0.01659988006967381,28.51290322580645,18.73225806451613,2020-07-01,2020-07,20.27977636215777
Georgia,2020-08-01,84119.0,1606.0,1881.0,31,31,8,32.186013835788614,False,warm,E2019,20247,79320.39314466341,4154640.19360893,0.019092000618171876,27.59032258064516,18.73225806451613,2020-08-01,2020-08,20.27977636215777
Georgia,2020-09-01,47555.0,1100.0,1388.0,30,30,9,32.186013835788614,False,warm,E2020,20247,54329.03640045439,2348743.023657826,0.0231311113447587,24.816666666666666,18.73225806451613,2020-09-01,2020-09,20.27977636215777
Georgia,2020-10-01,42764.0,1475.0,958.0,31,31,10,32.186013835788614,False,transition,E2020,20247,72850.29880970021,2112115.3751173015,0.034491628472547005,22.31935483870968,18.73225806451613,2020-10-01,2020-10,20.27977636215777
Georgia,2020-11-01,110773.0,1220.0,1473.0,30,30,11,32.186013835788614,False,cold,E2020,20247,60255.84037141305,5471082.135625031,0.011013514123477742,18.303333333333335,18.73225806451613,2020-11-01,2020-11,20.27977636215777
Georgia,2020-12-01,194889.0,2490.0,1482.0,31,31,12,32.186013835788614,False,cold,E2020,20247,122981.1823973922,9625574.159134686,0.012776503548173576,10.461290322580645,18.73225806451613,2020-12-01,2020-12,20.27977636215777
Georgia,2021-01-01,242993.0,3855.0,3264.0,31,31,1,32.186013835788614,False,cold,E2020,20247,190398.57756704697,12001432.310959648,0.015864654537373506,10.961290322580645,18.73225806451613,2021-01-01,2021-01,20.27977636215777
Georgia,2021-02-01,97076.0,1786.0,3097.0,28,28,2,32.186013835788614,False,cold,E2020,20247,88210.5991011014,4794586.852373191,0.018397956240471382,11.825000000000001,18.73225806451613,2021-02-01,2021-02,20.27977636215777
Georgia,2021-03-01,53027.0,1299.0,1760.0,31,31,3,32.186013835788614,False,cold,E2020,20247,64157.6529856275,2619005.284733541,0.024496954381730062,15.929032258064517,18.73225806451613,2021-03-01,2021-03,20.27977636215777
Georgia,2021-04-01,40639.0,808.0,1135.0,30,30,4,32.186013835788614,False,transition,E2020,20247,39907.14673778832,2007161.5547982417,0.01988237899554615,19.116666666666667,18.73225806451613,2021-04-01,2021-04,20.27977636215777
Georgia,2021-05-01,23654.0,681.0,647.0,31,31,5,32.186013835788614,False,warm,E2020,20247,33634.6125351904,1168271.8427421346,0.02879005665003805,22.951612903225808,18.73225806451613,2021-05-01,2021-05,20.27977636215777
Georgia,2021-06-01,10732.0,275.0,586.0,30,30,6,32.186013835788614,False,warm,E2020,20247,13582.259100113597,530053.8351360696,0.025624301155423034,25.823333333333334,18.73225806451613,2021-06-01,2021-06,20.27977636215777
Georgia,2021-07-01,44876.0,606.0,253.0,31,31,7,32.186013835788614,False,warm,E2020,20247,29930.360053341235,2216427.1250061737,0.013503877350922542,26.748387096774195,18.73225806451613,2021-07-01,2021-07,20.27977636215777
Georgia,2021-08-01,224133.0,2752.0,1064.0,31,31,8,32.186013835788614,False,warm,E2020,20247,135921.37106731863,11069936.286857313,0.012278423971481219,26.996774193548386,18.73225806451613,2021-08-01,2021-08,20.27977636215777
Georgia,2021-09-01,175134.0,3393.0,3344.0,30,30,9,32.186013835788614,False,warm,E2021,20247,167580.38227885612,8649874.055415617,0.01937373668162664,24.676666666666666,18.73225806451613,2021-09-01,2021-09,20.27977636215777
Georgia,2021-10-01,55377.0,1818.0,2981.0,31,31,10,32.186013835788614,False,transition,E2021,20247,89791.0801600237,2735071.862498148,0.032829514058183,21.316129032258065,18.73225806451613,2021-10-01,2021-10,20.27977636215777
Georgia,2021-11-01,30363.0,917.0,1445.0,30,30,11,32.186013835788614,False,cold,E2021,20247,45290.66034474243,1499629.574751815,0.030201231762342323,13.116666666666667,18.73225806451613,2021-11-01,2021-11,20.27977636215777
Georgia,2021-12-01,175423.0,1215.0,933.0,31,31,12,32.186013835788614,False,cold,E2021,20247,60008.890205956435,8664147.774979008,0.0069261157316885475,15.419354838709678,18.73225806451613,2021-12-01,2021-12,20.27977636215777
Georgia,2022-01-01,528173.0,2602.0,1533.0,31,31,1,32.186013835788614,False,cold,E2021,20247,128512.86610362028,26086481.947942905,0.004926416155312748,9.780645161290321,18.73225806451613,2022-01-01,2022-01,20.27977636215777
Georgia,2022-02-01,97004.0,1680.0,2439.0,28,28,2,32.186013835788614,False,cold,E2021,20247,82975.25559342124,4791030.769990616,0.017318873448517586,13.596428571428572,18.73225806451613,2022-02-01,2022-02,20.27977636215777
Georgia,2022-03-01,34375.0,1083.0,1572.0,31,31,3,32.186013835788614,False,cold,E2021,20247,53489.40583790191,1697782.3875141996,0.031505454545454545,16.858064516129033,18.73225806451613,2022-03-01,2022-03,20.27977636215777
Georgia,2022-04-01,15708.0,498.0,819.0,30,30,4,32.186013835788614,False,transition,E2021,20247,24596.23647947844,775818.6397984887,0.03170359052711994,19.373333333333335,18.73225806451613,2022-04-01,2022-04,20.27977636215777
Georgia,2022-05-01,40905.0,203.0,392.0,31,31,5,32.186013835788614,False,warm,E2021,20247,10026.176717538401,2020299.3036005334,0.00496271849407163,23.893548387096775,18.73225806451613,2022-05-01,2022-05,20.27977636215777
Georgia,2022-06-01,91524.0,573.0,381.0,30,30,6,32.186013835788614,False,warm,E2021,20247,28300.488961327603,4520373.3886501705,0.006260652943490232,26.94333333333333,18.73225806451613,2022-06-01,2022-06,20.27977636215777
Georgia,2022-07-01,103347.0,539.0,471.0,31,31,7,32.186013835788614,False,warm,E2021,20247,26621.22783622265,5104311.749888873,0.005215439248357475,27.458064516129035,18.73225806451613,2022-07-01,2022-07,20.27977636215777
Georgia,2022-08-01,119714.0,699.0,722.0,31,31,8,32.186013835788614,False,warm,E2021,20247,34523.6331308342,5912678.421494543,0.005838916083331941,26.551612903225806,18.73225806451613,2022-08-01,2022-08,20.27977636215777
Georgia,2022-09-01,34771.0,381.0,509.0,30,30,9,32.186013835788614,False,warm,E2022,20247,18817.602607793746,1717340.840618363,0.010957407034597797,24.459999999999997,18.73225806451613,2022-09-01,2022-09,20.27977636215777
Georgia,2022-10-01,15263.0,363.0,345.0,31,31,10,32.186013835788614,False,transition,E2022,20247,17928.58201214995,753840.0750728503,0.02378300465177226,18.94193548387097,18.73225806451613,2022-10-01,2022-10,20.27977636215777
Georgia,2022-11-01,22856.0,446.0,444.0,30,30,11,32.186013835788614,False,cold,E2022,20247,22027.954758729687,1128858.5963352595,0.01951347567378369,16.95,18.73225806451613,2022-11-01,2022-11,20.27977636215777
Georgia,2022-12-01,41674.0,411.0,347.0,31,31,12,32.186013835788614,False,cold,E2022,20247,20299.30360053341,2058280.2390477601,0.009862264241493498,11.35483870967742,18.73225806451613,2022-12-01,2022-12,20.27977636215777
Hawaii,2020-07-01,1194.0,22.0,8.0,31,31,7,20.692486293324656,False,warm,E2019,0,inf,inf,0.018425460636515914,24.748387096774195,3.3129032258064512,2020-07-01,2020-07,24.108471326164874
Hawaii,2020-08-01,6361.0,74.0,44.0,31,31,8,20.692486293324656,False,warm,E2019,0,inf,inf,0.011633390976261595,25.032258064516128,3.3129032258064512,2020-08-01,2020-08,24.108471326164874
Hawaii,2020-09-01,4125.0,83.0,66.0,30,30,9,20.692486293324656,False,warm,E2020,0,inf,inf,0.02012121212121212,25.279999999999998,3.3129032258064512,2020-09-01,2020-09,24.108471326164874
Hawaii,2020-10-01,2687.0,28.0,83.0,31,31,10,20.692486293324656,False,transition,E2020,0,inf,inf,0.01042054335690361,25.63225806451613,3.3129032258064512,2020-10-01,2020-10,24.108471326164874
Hawaii,2020-11-01,2939.0,51.0,25.0,30,30,11,20.692486293324656,False,cold,E2020,0,inf,inf,0.01735284110241579,24.996666666666666,3.3129032258064512,2020-11-01,2020-11,24.108471326164874
Hawaii,2020-12-01,3784.0,46.0,44.0,31,31,12,20.692486293324656,False,cold,E2020,0,inf,inf,0.012156448202959831,24.26774193548387,3.3129032258064512,2020-12-01,2020-12,24.108471326164874
Hawaii,2021-01-01,4589.0,103.0,122.0,31,31,1,20.692486293324656,False,cold,E2020,0,inf,inf,0.022444977119198083,23.358064516129033,3.3129032258064512,2021-01-01,2021-01,24.108471326164874
Hawaii,2021-02-01,1784.0,23.0,29.0,28,28,2,20.692486293324656,False,cold,E2020,0,inf,inf,0.01289237668161435,22.589285714285715,3.3129032258064512,2021-02-01,2021-02,24.108471326164874
Hawaii,2021-03-01,2374.0,20.0,24.0,31,31,3,20.692486293324656,False,cold,E2020,0,inf,inf,0.008424599831508003,22.438709677419357,3.3129032258064512,2021-03-01,2021-03,24.108471326164874
Hawaii,2021-04-01,3097.0,20.0,20.0,30,30,4,20.692486293324656,False,transition,E2020,0,inf,inf,0.006457862447529867,22.459999999999997,3.3129032258064512,2021-04-01,2021-04,24.108471326164874
Hawaii,2021-05-01,2425.0,19.0,17.0,31,31,5,20.692486293324656,False,warm,E2020,0,inf,inf,0.007835051546391752,23.438709677419357,3.3129032258064512,2021-05-01,2021-05,24.108471326164874
Hawaii,2021-06-01,1482.0,11.0,17.0,30,30,6,20.692486293324656,False,warm,E2020,0,inf,inf,0.007422402159244264,23.959999999999997,3.3129032258064512,2021-06-01,2021-06,24.108471326164874
Hawaii,2021-07-01,4652.0,39.0,20.0,31,31,7,20.692486293324656,False,warm,E2020,0,inf,inf,0.008383490971625107,24.34193548387097,3.3129032258064512,2021-07-01,2021-07,24.108471326164874
Hawaii,2021-08-01,21092.0,151.0,52.0,31,31,8,20.692486293324656,False,warm,E2020,0,inf,inf,0.007159112459700361,24.54516129032258,3.3129032258064512,2021-08-01,2021-08,24.108471326164874
Hawaii,2021-09-01,15704.0,166.0,193.0,30,30,9,20.692486293324656,False,warm,E2021,0,inf,inf,0.010570555272542028,24.826666666666664,3.3129032258064512,2021-09-01,2021-09,24.108471326164874
Hawaii,2021-10-01,5089.0,122.0,134.0,31,31,10,20.692486293324656,False,transition,E2021,0,inf,inf,0.023973275692670465,24.338709677419356,3.3129032258064512,2021-10-01,2021-10,24.108471326164874
Hawaii,2021-11-01,3369.0,70.0,102.0,30,30,11,20.692486293324656,False,cold,E2021,0,inf,inf,0.020777678836449986,24.253333333333334,3.3129032258064512,2021-11-01,2021-11,24.108471326164874
Hawaii,2021-12-01,25268.0,65.0,72.0,31,31,12,20.692486293324656,False,cold,E2021,0,inf,inf,0.0025724236188063953,23.283870967741933,3.3129032258064512,2021-12-01,2021-12,24.108471326164874
Hawaii,2022-01-01,106356.0,167.0,91.0,31,31,1,20.692486293324656,False,cold,E2021,0,inf,inf,0.0015701982022640942,23.283870967741933,3.3129032258064512,2022-01-01,2022-01,24.108471326164874
Hawaii,2022-02-01,16863.0,64.0,153.0,28,28,2,20.692486293324656,False,cold,E2021,0,inf,inf,0.003795291466524343,22.885714285714283,3.3129032258064512,2022-02-01,2022-02,24.108471326164874
Hawaii,2022-03-01,4627.0,39.0,45.0,31,31,3,20.692486293324656,False,cold,E2021,0,inf,inf,0.008428787551329154,23.258064516129032,3.3129032258064512,2022-03-01,2022-03,24.108471326164874
Hawaii,2022-04-01,7627.0,39.0,39.0,30,30,4,20.692486293324656,False,transition,E2021,0,inf,inf,0.005113412875311394,22.959999999999997,3.3129032258064512,2022-04-01,2022-04,24.108471326164874
Hawaii,2022-05-01,26090.0,28.0,33.0,31,31,5,20.692486293324656,False,warm,E2021,0,inf,inf,0.0010732081257186661,23.348387096774193,3.3129032258064512,2022-05-01,2022-05,24.108471326164874
Hawaii,2022-06-01,34200.0,74.0,53.0,30,30,6,20.692486293324656,False,warm,E2021,0,inf,inf,0.0021637426900584797,24.023333333333333,3.3129032258064512,2022-06-01,2022-06,24.108471326164874
Hawaii,2022-07-01,17249.0,71.0,67.0,31,31,7,20.692486293324656,False,warm,E2021,0,inf,inf,0.004116180648153516,24.529032258064515,3.3129032258064512,2022-07-01,2022-07,24.108471326164874
Hawaii,2022-08-01,13570.0,60.0,73.0,31,31,8,20.692486293324656,False,warm,E2021,0,inf,inf,0.004421518054532056,25.074193548387097,3.3129032258064512,2022-08-01,2022-08,24.108471326164874
Hawaii,2022-09-01,16445.0,23.0,42.0,30,30,9,20.692486293324656,False,warm,E2022,0,inf,inf,0.0013986013986013986,25.516666666666666,3.3129032258064512,2022-09-01,2022-09,24.108471326164874
Hawaii,2022-10-01,5858.0,20.0,18.0,31,31,10,20.692486293324656,False,transition,E2022,0,inf,inf,0.003414134516899966,25.73548387096774,3.3129032258064512,2022-10-01,2022-10,24.108471326164874
Hawaii,2022-11-01,5535.0,36.0,33.0,30,30,11,20.692486293324656,False,cold,E2022,0,inf,inf,0.0065040650406504065,24.776666666666664,3.3129032258064512,2022-11-01,2022-11,24.108471326164874
Hawaii,2022-12-01,4846.0,17.0,24.0,31,31,12,20.692486293324656,False,cold,E2022,0,inf,inf,0.0035080478745356997,24.070967741935487,3.3129032258064512,2022-12-01,2022-12,24.108471326164874
Idaho,2020-03-01,515.0,48.0,8.0,31,31,3,44.062344729583536,False,cold,E2019,10194,4708.652148322542,50519.91367471062,0.09320388349514563,-4.65483870967742,27.821428571428577,2020-03-01,2020-03,2.518016626005241
Idaho,2020-04-01,1469.0,29.0,52.0,30,30,4,44.062344729583536,False,transition,E2019,10194,2844.8106729448696,144104.37512262116,0.019741320626276378,-1.3599999999999999,27.821428571428577,2020-04-01,2020-04,2.518016626005241
Idaho,2020-05-01,855.0,12.0,22.0,31,31,5,44.062344729583536,False,warm,E2019,10194,1177.1630370806356,83872.8663919953,0.014035087719298246,3.296774193548387,27.821428571428577,2020-05-01,2020-05,2.518016626005241
Idaho,2020-06-01,3278.0,37.0,10.0,30,30,6,44.062344729583536,False,warm,E2019,10194,3629.5860309986265,321561.702962527,0.011287370347773032,6.86,27.821428571428577,2020-06-01,2020-06,2.518016626005241
Idaho,2020-07-01,14599.0,179.0,96.0,31,31,7,44.062344729583536,False,warm,E2019,10194,17559.348636452814,1432116.93152835,0.01226111377491609,13.97741935483871,27.821428571428577,2020-07-01,2020-07,2.518016626005241
Idaho,2020-08-01,11365.0,142.0,173.0,31,31,8,44.062344729583536,False,warm,E2019,10194,13929.762605454189,1114871.4930351188,0.01249450065992081,16.135483870967743,27.821428571428577,2020-08-01,2020-08,2.518016626005241
Idaho,2020-09-01,9967.0,99.0,108.0,30,30,9,44.062344729583536,False,warm,E2020,10194,9711.595055915244,977731.9992152246,0.00993277816795425,11.74,27.821428571428577,2020-09-01,2020-09,2.518016626005241
Idaho,2020-10-01,22560.0,301.0,160.0,31,31,10,44.062344729583536,False,transition,E2020,10194,29527.17284677261,2213066.5097115953,0.013342198581560284,3.3741935483870966,27.821428571428577,2020-10-01,2020-10,2.518016626005241
Idaho,2020-11-01,37090.0,454.0,300.0,30,30,11,44.062344729583536,False,cold,E2020,10194,44536.00156955072,3638414.7537767314,0.012240496090590455,-4.136666666666667,27.821428571428577,2020-11-01,2020-11,2.518016626005241
Idaho,2020-12-01,39379.0,353.0,507.0,31,31,12,44.062344729583536,False,cold,E2020,10194,34628.212674122035,3862958.6030998626,0.008964168719368192,-6.751612903225807,27.821428571428577,2020-12-01,2020-12,2.518016626005241
Idaho,2021-01-01,21606.0,172.0,289.0,31,31,1,44.062344729583536,False,cold,E2020,10194,16872.670198155778,2119482.0482636844,0.007960751643062113,-7.690322580645161,27.821428571428577,2021-01-01,2021-01,2.518016626005241
Idaho,2021-02-01,8457.0,115.0,135.0,28,28,2,44.062344729583536,False,cold,E2020,10194,11281.145772022759,829605.650382578,0.013598202672342439,-9.121428571428572,27.821428571428577,2021-02-01,2021-02,2.518016626005241
Idaho,2021-03-01,9396.0,87.0,102.0,31,31,3,44.062344729583536,False,cold,E2020,10194,8534.432018834608,921718.6580341377,0.009259259259259259,-4.938709677419355,27.821428571428577,2021-03-01,2021-03,2.518016626005241
Idaho,2021-04-01,7120.0,52.0,84.0,30,30,4,44.062344729583536,False,transition,E2020,10194,5101.039827349421,698450.0686678438,0.007303370786516854,-1.0599999999999998,27.821428571428577,2021-04-01,2021-04,2.518016626005241
Idaho,2021-05-01,4356.0,56.0,44.0,31,31,5,44.062344729583536,False,warm,E2020,10194,5493.4275063763,427310.18246027076,0.012855831037649219,3.141935483870968,27.821428571428577,2021-05-01,2021-05,2.518016626005241
Idaho,2021-06-01,2986.0,43.0,62.0,30,30,6,44.062344729583536,False,warm,E2020,10194,4218.1675495389445,292917.4023935648,0.014400535833891493,12.806666666666667,27.821428571428577,2021-06-01,2021-06,2.518016626005241
Idaho,2021-07-01,5486.0,104.0,45.0,31,31,7,44.062344729583536,False,warm,E2020,10194,10202.079654698842,538159.701785364,0.018957345971563982,18.700000000000003,27.821428571428577,2021-07-01,2021-07,2.518016626005241
Idaho,2021-08-01,20905.0,379.0,166.0,31,31,8,44.062344729583536,False,warm,E2020,10194,37178.732587796745,2050716.107514224,0.0181296340588376,13.758064516129032,27.821428571428577,2021-08-01,2021-08,2.518016626005241
Idaho,2021-09-01,35933.0,715.0,544.0,30,30,9,44.062344729583536,False,warm,E2021,10194,70139.29762605454,3524916.617618207,0.019898143767567416,10.373333333333333,27.821428571428577,2021-09-01,2021-09,2.518016626005241
Idaho,2021-10-01,33994.0,469.0,631.0,31,31,10,44.062344729583536,False,transition,E2021,10194,46007.45536590151,3334706.6902099275,0.013796552332764606,1.8129032258064517,27.821428571428577,2021-10-01,2021-10,2.518016626005241
Idaho,2021-11-01,15529.0,236.0,391.0,30,30,11,44.062344729583536,False,cold,E2021,10194,23150.873062585833,1523347.0669020992,0.015197372657608345,-2.603333333333333,27.821428571428577,2021-11-01,2021-11,2.518016626005241
Idaho,2021-12-01,12537.0,240.0,233.0,31,31,12,44.062344729583536,False,cold,E2021,10194,23543.260741612714,1229841.0829899942,0.0191433357262503,-7.770967741935484,27.821428571428577,2021-12-01,2021-12,2.518016626005241
Idaho,2022-01-01,60920.0,354.0,259.0,31,31,1,44.062344729583536,False,cold,E2021,10194,34726.30959387875,5976064.351579361,0.005810899540380827,-6.590322580645162,27.821428571428577,2022-01-01,2022-01,2.518016626005241
Idaho,2022-02-01,45862.0,158.0,330.0,28,28,2,44.062344729583536,False,cold,E2021,10194,15499.313321561704,4498920.933882676,0.0034451179625834025,-7.914285714285714,27.821428571428577,2022-02-01,2022-02,2.518016626005241
Idaho,2022-03-01,17766.0,84.0,122.0,31,31,3,44.062344729583536,False,cold,E2021,10194,8240.141259564449,1742789.8763978812,0.004728132387706856,-3.074193548387097,27.821428571428577,2022-03-01,2022-03,2.518016626005241
Idaho,2022-04-01,2110.0,18.0,54.0,30,30,4,44.062344729583536,False,transition,E2021,10194,1765.7445556209534,206984.50068667842,0.008530805687203791,-4.569999999999999,27.821428571428577,2022-04-01,2022-04,2.518016626005241
Idaho,2022-05-01,4917.0,18.0,13.0,31,31,5,44.062344729583536,False,warm,E2021,10194,1765.7445556209534,482342.55444379046,0.0036607687614399025,0.8258064516129032,27.821428571428577,2022-05-01,2022-05,2.518016626005241
Idaho,2022-06-01,12021.0,56.0,33.0,30,30,6,44.062344729583536,False,warm,E2021,10194,5493.4275063763,1179223.0723955268,0.0046585142666999415,6.91,27.821428571428577,2022-06-01,2022-06,2.518016626005241
Idaho,2022-07-01,15684.0,80.0,62.0,31,31,7,44.062344729583536,False,warm,E2021,10194,7847.753580537571,1538552.0894643909,0.00510073960724305,16.638709677419353,27.821428571428577,2022-07-01,2022-07,2.518016626005241
Idaho,2022-08-01,10738.0,74.0,80.0,31,31,8,44.062344729583536,False,warm,E2021,10194,7259.172061997253,1053364.7243476554,0.006891413671074688,16.76774193548387,27.821428571428577,2022-08-01,2022-08,2.518016626005241
Idaho,2022-09-01,6473.0,39.0,61.0,30,30,9,44.062344729583536,False,warm,E2022,10194,3825.779870512066,634981.3615852462,0.006025027035377723,12.25,27.821428571428577,2022-09-01,2022-09,2.518016626005241
Idaho,2022-10-01,3976.0,43.0,40.0,31,31,10,44.062344729583536,False,transition,E2022,10194,4218.1675495389445,390033.3529527173,0.010814889336016096,4.532258064516129,27.821428571428577,2022-10-01,2022-10,2.518016626005241
Idaho,2022-11-01,6383.0,57.0,52.0,30,30,11,44.062344729583536,False,cold,E2022,10194,5591.524426133019,626152.6388071415,0.008929970233432555,-7.413333333333333,27.821428571428577,2022-11-01,2022-11,2.518016626005241
Idaho,2022-12-01,5369.0,41.0,48.0,31,31,12,44.062344729583536,False,cold,E2022,10194,4021.973710025505,526682.3621738277,0.0076364313652449245,-8.638709677419355,27.821428571428577,2022-12-01,2022-12,2.518016626005241
Illinois,2020-03-01,5992.0,1462.0,99.0,31,31,3,41.19841161920047,False,cold,E2019,38459,38014.5089575912,155802.28295067474,0.24399198931909213,5.670967741935484,33.52442396313364,2020-03-01,2020-03,11.978912984548659
Illinois,2020-04-01,46924.0,3139.0,2256.0,30,30,4,41.19841161920047,False,transition,E2019,38459,81619.38687953405,1220104.5268987752,0.06689540533628846,8.916666666666666,33.52442396313364,2020-04-01,2020-04,11.978912984548659
Illinois,2020-05-01,67342.0,2040.0,3035.0,31,31,5,41.19841161920047,False,warm,E2019,38459,53043.50087105749,1751007.566499389,0.030293130587152148,15.167741935483871,33.52442396313364,2020-05-01,2020-05,11.978912984548659
Illinois,2020-06-01,22925.0,870.0,1533.0,30,30,6,41.19841161920047,False,warm,E2019,38459,22621.493018539222,596089.3418965652,0.03794983642311887,22.55666666666667,33.52442396313364,2020-06-01,2020-06,11.978912984548659
Illinois,2020-07-01,36930.0,549.0,769.0,31,31,7,41.19841161920047,False,warm,E2019,38459,14274.942146181647,960243.3760628202,0.0148659626320065,25.038709677419355,33.52442396313364,2020-07-01,2020-07,11.978912984548659
Illinois,2020-08-01,56609.0,627.0,543.0,31,31,8,41.19841161920047,False,warm,E2019,38459,16303.076003016198,1471931.147455732,0.011075977318094296,23.625806451612902,33.52442396313364,2020-08-01,2020-08,11.978912984548659
Illinois,2020-09-01,58996.0,912.0,681.0,30,30,9,41.19841161920047,False,warm,E2020,38459,23713.56509529629,1533997.243818092,0.015458675164417927,18.82,33.52442396313364,2020-09-01,2020-09,11.978912984548659
Illinois,2020-10-01,120827.0,2347.0,1124.0,31,31,10,41.19841161920047,False,transition,E2020,38459,61026.027717829376,3141709.352817286,0.01942446638582436,11.006451612903225,33.52442396313364,2020-10-01,2020-10,11.978912984548659
Illinois,2020-11-01,309757.0,4575.0,2945.0,30,30,11,41.19841161920047,False,cold,E2020,38459,118957.8512181804,8054213.578096154,0.014769642009704381,8.42,33.52442396313364,2020-11-01,2020-11,11.978912984548659
Illinois,2020-12-01,237085.0,3896.0,4993.0,31,31,12,41.19841161920047,False,cold,E2020,38459,101302.6859772745,6164616.864713071,0.016432924900352194,0.13548387096774198,33.52442396313364,2020-12-01,2020-12,11.978912984548659
Illinois,2021-01-01,162912.0,2043.0,3275.0,31,31,1,41.19841161920047,False,cold,E2020,38459,53121.50601939728,4235991.575443979,0.012540512669416618,-1.770967741935484,33.52442396313364,2021-01-01,2021-01,11.978912984548659
Illinois,2021-02-01,60395.0,891.0,1482.0,28,28,2,41.19841161920047,False,cold,E2020,38459,23167.529056917756,1570373.6446605476,0.014752876893782598,-8.485714285714286,33.52442396313364,2021-02-01,2021-02,11.978912984548659
Illinois,2021-03-01,57889.0,661.0,844.0,31,31,3,41.19841161920047,False,cold,E2020,38459,17187.134350867156,1505213.3440807094,0.011418404187324017,6.896774193548388,33.52442396313364,2021-03-01,2021-03,11.978912984548659
Illinois,2021-04-01,90470.0,917.0,712.0,30,30,4,41.19841161920047,False,transition,E2020,38459,23843.573675862608,2352375.2567669465,0.010135956670719575,11.06,33.52442396313364,2021-04-01,2021-04,11.978912984548659
Illinois,2021-05-01,47131.0,657.0,932.0,31,31,5,41.19841161920047,False,warm,E2020,38459,17083.127486414105,1225486.8821342208,0.013939869724809574,15.59032258064516,33.52442396313364,2021-05-01,2021-05,11.978912984548659
Illinois,2021-06-01,9554.0,264.0,450.0,30,30,6,41.19841161920047,False,warm,E2020,38459,6864.453053901558,248420.39574611923,0.02763240527527737,23.58,33.52442396313364,2021-06-01,2021-06,11.978912984548659
Illinois,2021-07-01,27871.0,367.0,243.0,31,31,7,41.19841161920047,False,warm,E2020,38459,9542.629813567695,724693.8297927664,0.013167808833554591,23.316129032258065,33.52442396313364,2021-07-01,2021-07,11.978912984548659
Illinois,2021-08-01,103339.0,1074.0,582.0,31,31,8,41.19841161920047,False,warm,E2020,38459,27925.843105644974,2686991.341428534,0.010392978449568895,23.929032258064513,33.52442396313364,2021-08-01,2021-08,11.978912984548659
Illinois,2021-09-01,104566.0,1083.0,1163.0,30,30,9,41.19841161920047,False,warm,E2021,38459,28159.858550664343,2718895.4470995087,0.010357095040452919,21.416666666666668,33.52442396313364,2021-09-01,2021-09,11.978912984548659
Illinois,2021-10-01,68021.0,777.0,959.0,31,31,10,41.19841161920047,False,transition,E2021,38459,20203.33342000572,1768662.731740295,0.011422942914688112,15.348387096774195,33.52442396313364,2021-10-01,2021-10,11.978912984548659
Illinois,2021-11-01,114340.0,1236.0,752.0,30,30,11,41.19841161920047,False,cold,E2021,38459,32138.121115993654,2973036.2203905457,0.010809865313975861,4.6,33.52442396313364,2021-11-01,2021-11,11.978912984548659
Illinois,2021-12-01,339697.0,3022.0,1645.0,31,31,12,41.19841161920047,False,cold,E2021,38459,78577.18609428222,8832704.958527263,0.008896163345569728,3.425806451612903,33.52442396313364,2021-12-01,2021-12,11.978912984548659
Illinois,2022-01-01,771407.0,2945.0,3647.0,31,31,1,41.19841161920047,False,cold,E2021,38459,76575.05395356093,20057905.82178424,0.0038176993467780303,-5.687096774193549,33.52442396313364,2022-01-01,2022-01,11.978912984548659
Illinois,2022-02-01,110242.0,1117.0,2237.0,28,28,2,41.19841161920047,False,cold,E2021,38459,29043.9168985153,2866481.187758392,0.01013225449465721,-2.8428571428571425,33.52442396313364,2022-02-01,2022-02,11.978912984548659
Illinois,2022-03-01,37021.0,376.0,763.0,31,31,3,41.19841161920047,False,cold,E2021,38459,9776.645258587067,962609.5322291271,0.010156397720212852,4.680645161290323,33.52442396313364,2022-03-01,2022-03,11.978912984548659
Illinois,2022-04-01,70448.0,215.0,234.0,30,30,4,41.19841161920047,False,transition,E2021,38459,5590.368964351647,1831768.8967471854,0.0030518964342493753,9.09,33.52442396313364,2022-04-01,2022-04,11.978912984548659
Illinois,2022-05-01,163731.0,354.0,237.0,31,31,5,41.19841161920047,False,warm,E2021,38459,9204.607504095271,4257286.980940742,0.0021620829287062318,17.783870967741933,33.52442396313364,2022-05-01,2022-05,11.978912984548659
Illinois,2022-06-01,128420.0,377.0,453.0,30,30,6,41.19841161920047,False,warm,E2021,38459,9802.64697470033,3339140.3832652955,0.002935679800654104,22.9,33.52442396313364,2022-06-01,2022-06,11.978912984548659
Illinois,2022-07-01,132810.0,381.0,294.0,31,31,7,41.19841161920047,False,warm,E2021,38459,9906.653839153385,3453287.9170025224,0.0028687598825389653,23.81935483870968,33.52442396313364,2022-07-01,2022-07,11.978912984548659
Illinois,2022-08-01,123896.0,418.0,446.0,31,31,8,41.19841161920047,False,warm,E2021,38459,10868.717335344132,3221508.6195688914,0.003373797378446439,23.148387096774194,33.52442396313364,2022-08-01,2022-08,11.978912984548659
Illinois,2022-09-01,74671.0,301.0,370.0,30,30,9,41.19841161920047,False,warm,E2022,38459,7826.516550092306,1941574.143893497,0.004031016057103829,19.490000000000002,33.52442396313364,2022-09-01,2022-09,11.978912984548659
Illinois,2022-10-01,52428.0,320.0,299.0,31,31,10,41.19841161920047,False,transition,E2022,38459,8320.549156244311,1363217.9723861774,0.006103608758678569,12.003225806451614,33.52442396313364,2022-10-01,2022-10,11.978912984548659
Illinois,2022-11-01,62793.0,345.0,306.0,30,30,11,41.19841161920047,False,cold,E2022,38459,8970.5920590759,1632725.7599001534,0.005494242988868186,6.010000000000001,33.52442396313364,2022-11-01,2022-11,11.978912984548659
Illinois,2022-12-01,92391.0,416.0,375.0,31,31,12,41.19841161920047,False,cold,E2022,38459,10816.713903117607,2402324.553420526,0.0045026030673983395,-1.3774193548387097,33.52442396313364,2022-12-01,2022-12,11.978912984548659
Indiana,2020-03-01,2158.0,777.0,112.0,31,31,3,40.08967303929022,False,cold,E2019,33964,22877.16405605936,63537.86362030385,0.3600556070435589,6.661290322580645,29.864976958525347,2020-03-01,2020-03,12.290737101292128
Indiana,2020-04-01,15677.0,1127.0,1049.0,30,30,4,40.08967303929022,False,transition,E2019,33964,33182.19291014015,461576.9638440702,0.07188875422593609,9.196666666666665,29.864976958525347,2020-04-01,2020-04,12.290737101292128
Indiana,2020-05-01,16739.0,559.0,952.0,31,31,5,40.08967303929022,False,warm,E2019,33964,16458.60322694618,492845.3656813096,0.033395065416094154,15.209677419354838,29.864976958525347,2020-05-01,2020-05,12.290737101292128
Indiana,2020-06-01,11020.0,304.0,456.0,30,30,6,40.08967303929022,False,warm,E2019,33964,8950.653633258744,324461.19420562946,0.027586206896551724,22.92,29.864976958525347,2020-06-01,2020-06,12.290737101292128
Indiana,2020-07-01,20560.0,369.0,317.0,31,31,7,40.08967303929022,False,warm,E2019,33964,10864.444706159464,605346.8378282888,0.01794747081712062,25.093548387096774,29.864976958525347,2020-07-01,2020-07,12.290737101292128
Indiana,2020-08-01,28042.0,350.0,377.0,31,31,8,40.08967303929022,False,warm,E2019,33964,10305.02885408079,825638.911788953,0.012481278082875686,22.470967741935485,29.864976958525347,2020-08-01,2020-08,12.290737101292128
Indiana,2020-09-01,25823.0,645.0,382.0,30,30,9,40.08967303929022,False,warm,E2020,33964,18990.696031091746,760305.0288540808,0.02497773302869535,18.746666666666666,29.864976958525347,2020-09-01,2020-09,12.290737101292128
Indiana,2020-10-01,59339.0,1553.0,859.0,31,31,10,40.08967303929022,False,transition,E2020,33964,45724.88517253563,1747114.5919208573,0.026171657763022632,12.051612903225807,29.864976958525347,2020-10-01,2020-10,12.290737101292128
Indiana,2020-11-01,159619.0,2790.0,1928.0,30,30,11,40.08967303929022,False,cold,E2020,33964,82145.80143681545,4699652.57331292,0.01747912215964265,8.056666666666667,29.864976958525347,2020-11-01,2020-11,12.290737101292128
Indiana,2020-12-01,172508.0,2350.0,2958.0,31,31,12,40.08967303929022,False,cold,E2020,33964,69190.90802025674,5079142.621599341,0.013622556635054605,0.6935483870967742,29.864976958525347,2020-12-01,2020-12,12.290737101292128
Indiana,2021-01-01,115197.0,1535.0,1906.0,31,31,1,40.08967303929022,False,cold,E2020,33964,45194.912260040044,3391738.3111529853,0.013324999782980459,-1.1129032258064515,29.864976958525347,2021-01-01,2021-01,12.290737101292128
Indiana,2021-02-01,34991.0,574.0,1277.0,28,28,2,40.08967303929022,False,cold,E2020,33964,16900.2473206925,1030237.8989518314,0.016404218227544225,-4.771428571428571,29.864976958525347,2021-02-01,2021-02,12.290737101292128
Indiana,2021-03-01,24824.0,302.0,466.0,31,31,3,40.08967303929022,False,cold,E2020,33964,8891.767754092569,730891.5322105759,0.012165646148888173,7.199999999999999,29.864976958525347,2021-03-01,2021-03,12.290737101292128
Indiana,2021-04-01,33928.0,299.0,293.0,30,30,4,40.08967303929022,False,transition,E2020,33964,8803.438935343305,998940.0541750088,0.00881278000471587,10.69,29.864976958525347,2021-04-01,2021-04,12.290737101292128
Indiana,2021-05-01,23271.0,252.0,288.0,31,31,5,40.08967303929022,False,warm,E2020,33964,7419.62077493817,685166.6470380403,0.010828928709552663,15.17741935483871,29.864976958525347,2021-05-01,2021-05,12.290737101292128
Indiana,2021-06-01,10231.0,164.0,230.0,30,30,6,40.08967303929022,False,warm,E2020,33964,4828.642091626428,301230.71487457305,0.016029713615482357,22.746666666666666,29.864976958525347,2021-06-01,2021-06,12.290737101292128
Indiana,2021-07-01,17372.0,265.0,155.0,31,31,7,40.08967303929022,False,warm,E2020,33964,7802.378989518314,511482.7464374043,0.015254432419986185,23.154838709677417,29.864976958525347,2021-07-01,2021-07,12.290737101292128
Indiana,2021-08-01,87267.0,1011.0,486.0,31,31,8,40.08967303929022,False,warm,E2020,33964,29766.811918501942,2569397.0085973386,0.01158513527450239,24.33225806451613,29.864976958525347,2021-08-01,2021-08,12.290737101292128
Indiana,2021-09-01,105881.0,1210.0,1167.0,30,30,9,40.08967303929022,False,warm,E2021,33964,35625.95689553645,3117447.8859969378,0.011427923801248572,20.776666666666664,29.864976958525347,2021-09-01,2021-09,12.290737101292128
Indiana,2021-10-01,60335.0,798.0,1025.0,31,31,10,40.08967303929022,False,transition,E2021,33964,23495.465787304205,1776439.759745613,0.013226153973647136,15.561290322580644,29.864976958525347,2021-10-01,2021-10,12.290737101292128
Indiana,2021-11-01,76403.0,1361.0,874.0,30,30,11,40.08967303929022,False,cold,E2021,33964,40071.840772582735,2249528.9129666705,0.01781343664515791,4.366666666666666,29.864976958525347,2021-11-01,2021-11,12.290737101292128
Indiana,2021-12-01,145669.0,2143.0,1480.0,31,31,12,40.08967303929022,False,cold,E2021,33964,63096.21952655753,4288923.5661288425,0.014711434828275062,4.561290322580645,29.864976958525347,2021-12-01,2021-12,12.290737101292128
Indiana,2022-01-01,376585.0,1824.0,2319.0,31,31,1,40.08967303929022,False,cold,E2021,33964,53703.92179955247,11087769.402897185,0.004843528021562197,-4.02258064516129,29.864976958525347,2022-01-01,2022-01,12.290737101292128
Indiana,2022-02-01,58246.0,725.0,1487.0,28,28,2,40.08967303929022,False,cold,E2021,33964,21346.13119773878,1714933.4589565422,0.01244720667513649,-2.0107142857142857,29.864976958525347,2022-02-01,2022-02,12.290737101292128
Indiana,2022-03-01,9138.0,235.0,530.0,31,31,3,40.08967303929022,False,cold,E2021,33964,6919.090802025674,269049.5819102579,0.025716787043116657,5.806451612903226,29.864976958525347,2022-03-01,2022-03,12.290737101292128
Indiana,2022-04-01,11469.0,146.0,214.0,30,30,4,40.08967303929022,False,transition,E2021,33964,4298.669179130844,337681.074078436,0.012729967739122853,9.620000000000001,29.864976958525347,2022-04-01,2022-04,12.290737101292128
Indiana,2022-05-01,28469.0,148.0,113.0,31,31,5,40.08967303929022,False,warm,E2021,33964,4357.55505829702,838211.0469909316,0.005198637114053883,18.08709677419355,29.864976958525347,2022-05-01,2022-05,12.290737101292128
Indiana,2022-06-01,41422.0,201.0,177.0,30,30,6,40.08967303929022,False,warm,E2021,33964,5918.030856200683,1219585.4434106702,0.004852493843851093,22.366666666666667,29.864976958525347,2022-06-01,2022-06,12.290737101292128
Indiana,2022-07-01,56551.0,309.0,229.0,31,31,7,40.08967303929022,False,warm,E2021,33964,9097.868331174184,1665027.676363208,0.005464094357305794,24.23548387096774,29.864976958525347,2022-07-01,2022-07,12.290737101292128
Indiana,2022-08-01,67065.0,275.0,312.0,31,31,8,40.08967303929022,False,warm,E2021,33964,8096.8083853491935,1974590.743139795,0.0041004995153955115,22.712903225806453,29.864976958525347,2022-08-01,2022-08,12.290737101292128
Indiana,2022-09-01,26194.0,249.0,290.0,30,30,9,40.08967303929022,False,warm,E2022,33964,7331.291956188906,771228.3594394064,0.009505993739024204,19.2,29.864976958525347,2022-09-01,2022-09,12.290737101292128
Indiana,2022-10-01,15572.0,216.0,192.0,31,31,10,40.08967303929022,False,transition,E2022,33964,6359.6749499470025,458485.455187846,0.013871050603647572,12.280645161290321,29.864976958525347,2022-10-01,2022-10,12.290737101292128
Indiana,2022-11-01,28192.0,224.0,238.0,30,30,11,40.08967303929022,False,cold,E2022,33964,6595.218466611706,830055.3527264162,0.007945516458569807,6.096666666666667,29.864976958525347,2022-11-01,2022-11,12.290737101292128
Indiana,2022-12-01,37003.0,493.0,226.0,31,31,12,40.08967303929022,False,cold,E2022,33964,14515.369214462371,1089477.0933930043,0.013323244061292327,-0.2709677419354839,29.864976958525347,2022-12-01,2022-12,12.290737101292128
Iowa,2020-04-01,6648.0,327.0,155.0,30,30,4,41.95646209273208,False,transition,E2019,12562,26030.886801464734,529215.0931380354,0.04918772563176895,8.556666666666667,36.10069124423963,2020-04-01,2020-04,10.978065214355537
Iowa,2020-05-01,12407.0,276.0,373.0,31,31,5,41.95646209273208,False,warm,E2019,12562,21971.023722337206,987661.2004457889,0.02224550656887241,14.83548387096774,36.10069124423963,2020-05-01,2020-05,10.978065214355537
Iowa,2020-06-01,9522.0,120.0,181.0,30,30,6,41.95646209273208,False,warm,E2019,12562,9552.619009711829,758000.3184206337,0.01260239445494644,22.546666666666667,36.10069124423963,2020-06-01,2020-06,10.978065214355537
Iowa,2020-07-01,15679.0,223.0,156.0,31,31,7,41.95646209273208,False,warm,E2019,12562,17751.95032638115,1248129.2787772648,0.014222845844760508,24.493548387096773,36.10069124423963,2020-07-01,2020-07,10.978065214355537
Iowa,2020-08-01,20386.0,255.0,248.0,31,31,8,41.95646209273208,False,warm,E2019,12562,20299.315395637637,1622830.7594332113,0.012508584322574316,23.074193548387097,36.10069124423963,2020-08-01,2020-08,10.978065214355537
Iowa,2020-09-01,24108.0,310.0,238.0,30,30,9,41.95646209273208,False,warm,E2020,12562,24677.599108422226,1919121.1590511065,0.012858802057408329,17.473333333333336,36.10069124423963,2020-09-01,2020-09,10.978065214355537
Iowa,2020-10-01,39263.0,597.0,358.0,31,31,10,41.95646209273208,False,transition,E2020,12562,47524.27957331635,3125537.3348192964,0.015205154980516007,9.13225806451613,36.10069124423963,2020-10-01,2020-10,10.978065214355537
Iowa,2020-11-01,102121.0,1397.0,710.0,30,30,11,41.95646209273208,False,cold,E2020,12562,111208.40630472855,8129358.382423181,0.013679850373576444,6.29,36.10069124423963,2020-11-01,2020-11,10.978065214355537
Iowa,2020-12-01,51081.0,857.0,1465.0,31,31,12,41.95646209273208,False,cold,E2020,12562,68221.62076102532,4066311.096959083,0.016777275307844404,-2.8225806451612905,36.10069124423963,2020-12-01,2020-12,10.978065214355537
Iowa,2021-01-01,37696.0,891.0,1010.0,31,31,1,41.95646209273208,False,cold,E2020,12562,70928.19614711033,3000796.0515841427,0.02363646010186757,-5.016129032258065,36.10069124423963,2021-01-01,2021-01,10.978065214355537
Iowa,2021-02-01,17057.0,339.0,570.0,28,28,2,41.95646209273208,False,cold,E2020,12562,26986.14870243592,1357825.1870721222,0.019874538312716187,-11.607142857142858,36.10069124423963,2021-02-01,2021-02,10.978065214355537
Iowa,2021-03-01,14937.0,224.0,272.0,31,31,3,41.95646209273208,False,cold,E2020,12562,17831.555484795415,1189062.25123388,0.014996317868380531,5.922580645161291,36.10069124423963,2021-03-01,2021-03,10.978065214355537
Iowa,2021-04-01,13442.0,136.0,207.0,30,30,4,41.95646209273208,False,transition,E2020,12562,10826.301544340073,1070052.5394045534,0.01011754203243565,10.396666666666667,36.10069124423963,2021-04-01,2021-04,10.978065214355537
Iowa,2021-05-01,6580.0,79.0,105.0,31,31,5,41.95646209273208,False,warm,E2020,12562,6288.807514726955,523801.9423658653,0.012006079027355622,15.519354838709678,36.10069124423963,2021-05-01,2021-05,10.978065214355537
Iowa,2021-06-01,2437.0,56.0,83.0,30,30,6,41.95646209273208,False,warm,E2020,12562,4457.888871198854,193997.7710555644,0.022979072630283134,23.89333333333333,36.10069124423963,2021-06-01,2021-06,10.978065214355537
Iowa,2021-07-01,4970.0,56.0,45.0,31,31,7,41.95646209273208,False,warm,E2020,12562,4457.888871198854,395637.6373188983,0.011267605633802818,24.106451612903225,36.10069124423963,2021-07-01,2021-07,10.978065214355537
Iowa,2021-08-01,25916.0,175.0,85.0,31,31,8,41.95646209273208,False,warm,E2020,12562,13930.902722496417,2063047.285464098,0.006752585275505479,24.151612903225807,36.10069124423963,2021-08-01,2021-08,10.978065214355537
Iowa,2021-09-01,47310.0,447.0,295.0,30,30,9,41.95646209273208,False,warm,E2021,12562,35583.50581117656,3766120.044578889,0.009448319594166138,21.066666666666666,36.10069124423963,2021-09-01,2021-09,10.978065214355537
Iowa,2021-10-01,34075.0,420.0,402.0,31,31,10,41.95646209273208,False,transition,E2021,12562,33434.1665339914,2712545.7729660883,0.012325752017608218,14.048387096774194,36.10069124423963,2021-10-01,2021-10,10.978065214355537
Iowa,2021-11-01,39326.0,412.0,389.0,30,30,11,41.95646209273208,False,cold,E2021,12562,32797.32526667728,3130552.459799395,0.01047652952245334,4.516666666666667,36.10069124423963,2021-11-01,2021-11,10.978065214355537
Iowa,2021-12-01,50043.0,637.0,504.0,31,31,12,41.95646209273208,False,cold,E2021,12562,50708.485909886964,3983680.9425250757,0.01272905301440761,0.9806451612903225,36.10069124423963,2021-12-01,2021-12,10.978065214355537
Iowa,2022-01-01,136787.0,631.0,643.0,31,31,1,41.95646209273208,False,cold,E2021,12562,50230.85495940137,10888950.8040121,0.004613011470388268,-9.86774193548387,36.10069124423963,2022-01-01,2022-01,10.978065214355537
Iowa,2022-02-01,36561.0,401.0,584.0,28,28,2,41.95646209273208,False,cold,E2021,12562,31921.668524120363,2910444.1967839515,0.01096797133557616,-5.289285714285714,36.10069124423963,2022-02-01,2022-02,10.978065214355537
Iowa,2022-03-01,9614.0,161.0,360.0,31,31,3,41.95646209273208,False,cold,E2021,12562,12816.430504696704,765323.9929947461,0.01674641148325359,2.858064516129032,36.10069124423963,2022-03-01,2022-03,10.978065214355537
Iowa,2022-04-01,5319.0,61.0,84.0,30,30,4,41.95646209273208,False,transition,E2021,12562,4855.9146632701795,423419.83760547685,0.011468321112991163,7.3533333333333335,36.10069124423963,2022-04-01,2022-04,10.978065214355537
Iowa,2022-05-01,12383.0,43.0,58.0,31,31,5,41.95646209273208,False,warm,E2021,12562,3423.0218118134053,985750.6766438466,0.0034725026245659373,16.98709677419355,36.10069124423963,2022-05-01,2022-05,10.978065214355537
Iowa,2022-06-01,20446.0,145.0,101.0,30,30,6,41.95646209273208,False,warm,E2021,12562,11542.74797006846,1627607.0689380672,0.007091851706935342,22.426666666666666,36.10069124423963,2022-06-01,2022-06,10.978065214355537
Iowa,2022-07-01,20548.0,123.0,94.0,31,31,7,41.95646209273208,False,warm,E2021,12562,9791.434484954625,1635726.7950963222,0.005985984037375901,24.06451612903226,36.10069124423963,2022-07-01,2022-07,10.978065214355537
Iowa,2022-08-01,25488.0,169.0,158.0,31,31,8,41.95646209273208,False,warm,E2021,12562,13453.271772010827,2028976.2776627925,0.006630571249215317,23.009677419354837,36.10069124423963,2022-08-01,2022-08,10.978065214355537
Iowa,2022-09-01,13449.0,101.0,137.0,30,30,9,41.95646209273208,False,warm,E2022,12562,8040.120999840789,1070609.7755134532,0.007509852033608447,19.03666666666667,36.10069124423963,2022-09-01,2022-09,10.978065214355537
Iowa,2022-10-01,6829.0,101.0,100.0,31,31,10,41.95646209273208,False,transition,E2022,12562,8040.120999840789,543623.6268110174,0.014789866744764972,11.474193548387097,36.10069124423963,2022-10-01,2022-10,10.978065214355537
Iowa,2022-11-01,10672.0,134.0,117.0,30,30,11,41.95646209273208,False,cold,E2022,12562,10667.091227511542,849546.2505970387,0.012556221889055473,3.6933333333333334,36.10069124423963,2022-11-01,2022-11,10.978065214355537
Iowa,2022-12-01,12814.0,151.0,130.0,31,31,12,41.95646209273208,False,cold,E2022,12562,12020.378920554052,1020060.4999203949,0.011783986265022632,-5.029032258064516,36.10069124423963,2022-12-01,2022-12,10.978065214355537
Kansas,2020-04-01,3979.0,95.0,125.0,30,30,4,38.43880632992502,False,transition,E2019,165429,574.2644880885456,24052.61471688761,0.023875345564212114,11.943333333333333,31.20241935483871,2020-04-01,2020-04,14.33506360407066
Kansas,2020-05-01,5287.0,53.0,81.0,31,31,5,38.43880632992502,False,warm,E2019,165429,320.3791354599254,31959.329984464635,0.01002458861358048,16.49032258064516,31.20241935483871,2020-05-01,2020-05,14.33506360407066
Kansas,2020-06-01,4670.0,59.0,58.0,30,30,6,38.43880632992502,False,warm,E2019,165429,356.6484715497283,28229.63325656324,0.012633832976445396,26.246666666666666,31.20241935483871,2020-06-01,2020-06,14.33506360407066
Kansas,2020-07-01,12992.0,110.0,85.0,31,31,7,38.43880632992502,False,warm,E2019,165429,664.9378283130527,78535.20241311983,0.008466748768472906,26.338709677419356,31.20241935483871,2020-07-01,2020-07,14.33506360407066
Kansas,2020-08-01,15217.0,176.0,95.0,31,31,8,38.43880632992502,False,warm,E2019,165429,1063.9005253008843,91985.0812130884,0.011566011697443649,24.774193548387096,31.20241935483871,2020-08-01,2020-08,14.33506360407066
Kansas,2020-09-01,18543.0,352.0,227.0,30,30,9,38.43880632992502,False,warm,E2020,165429,2127.8010506017686,112090.38318553579,0.018982904600118644,19.926666666666666,31.20241935483871,2020-09-01,2020-09,14.33506360407066
Kansas,2020-10-01,25723.0,458.0,351.0,31,31,10,38.43880632992502,False,transition,E2020,165429,2768.5593215216195,155492.68870633323,0.01780507716829297,12.903225806451612,31.20241935483871,2020-10-01,2020-10,14.33506360407066
Kansas,2020-11-01,72514.0,1051.0,532.0,30,30,11,38.43880632992502,False,cold,E2020,165429,6353.178705063804,438339.10620266094,0.014493752930468598,9.81,31.20241935483871,2020-11-01,2020-11,14.33506360407066
Kansas,2020-12-01,65621.0,1131.0,1192.0,31,31,12,38.43880632992502,False,cold,E2020,165429,6836.769852927842,396671.68392482575,0.01723533624906661,2.7483870967741937,31.20241935483871,2020-12-01,2020-12,14.33506360407066
Kansas,2021-01-01,51742.0,1017.0,1049.0,31,31,1,38.43880632992502,False,cold,E2020,165429,6147.652467221587,312774.6646597634,0.01965521239998454,1.4258064516129034,31.20241935483871,2021-01-01,2021-01,14.33506360407066
Kansas,2021-02-01,18909.0,225.0,926.0,28,28,2,38.43880632992502,False,cold,E2020,165429,1360.1001033676077,114302.81268701376,0.011899095668729176,-3.825,31.20241935483871,2021-02-01,2021-02,14.33506360407066
Kansas,2021-03-01,7901.0,119.0,178.0,31,31,3,38.43880632992502,False,cold,E2020,165429,719.341832447757,47760.67074092209,0.015061384634856347,9.880645161290323,31.20241935483871,2021-03-01,2021-03,14.33506360407066
Kansas,2021-04-01,6650.0,103.0,75.0,30,30,4,38.43880632992502,False,transition,E2020,165429,622.6236028749494,40198.51416619819,0.015488721804511277,12.433333333333334,31.20241935483871,2021-04-01,2021-04,14.33506360407066
Kansas,2021-05-01,4732.0,71.0,94.0,31,31,5,38.43880632992502,False,warm,E2020,165429,429.187143729334,28604.416396157867,0.015004226542688081,17.032258064516128,31.20241935483871,2021-05-01,2021-05,14.33506360407066
Kansas,2021-06-01,3792.0,70.0,79.0,30,30,6,38.43880632992502,False,warm,E2020,165429,423.1422543810336,22922.220408755416,0.018459915611814346,24.78666666666667,31.20241935483871,2021-06-01,2021-06,14.33506360407066
Kansas,2021-07-01,14747.0,299.0,105.0,31,31,7,38.43880632992502,False,warm,E2020,165429,1807.4219151418433,89143.98321938717,0.020275310232589678,25.41290322580645,31.20241935483871,2021-07-01,2021-07,14.33506360407066
Kansas,2021-08-01,36095.0,421.0,299.0,31,31,8,38.43880632992502,False,warm,E2020,165429,2544.898415634502,218190.2810269058,0.011663665327607702,26.9,31.20241935483871,2021-08-01,2021-08,14.33506360407066
Kansas,2021-09-01,39959.0,270.0,495.0,30,30,9,38.43880632992502,False,warm,E2021,165429,1632.1201240411294,241547.73346873885,0.00675692584899522,23.436666666666667,31.20241935483871,2021-09-01,2021-09,14.33506360407066
Kansas,2021-10-01,25692.0,447.0,362.0,31,31,10,38.43880632992502,False,transition,E2021,165429,2702.0655386903145,155305.29713653593,0.017398411957029427,15.935483870967742,31.20241935483871,2021-10-01,2021-10,14.33506360407066
Kansas,2021-11-01,30613.0,284.0,272.0,30,30,11,38.43880632992502,False,cold,E2021,165429,1716.748574917336,185052.19761952257,0.009277104498089047,8.58,31.20241935483871,2021-11-01,2021-11,14.33506360407066
Kansas,2021-12-01,54322.0,400.0,317.0,31,31,12,38.43880632992502,False,cold,E2021,165429,2417.9557393201917,328370.47917837865,0.007363499134788852,6.609677419354839,31.20241935483871,2021-12-01,2021-12,14.33506360407066
Kansas,2022-01-01,210100.0,595.0,527.0,31,31,1,38.43880632992502,False,cold,E2021,165429,3596.709162238785,1270031.2520779306,0.002831984769157544,-0.7387096774193548,31.20241935483871,2022-01-01,2022-01,14.33506360407066
Kansas,2022-02-01,35961.0,235.0,410.0,28,28,2,38.43880632992502,False,cold,E2021,165429,1420.5489968506126,217380.26585423353,0.006534857206418064,0.5071428571428572,31.20241935483871,2022-02-01,2022-02,14.33506360407066
Kansas,2022-03-01,4130.0,374.0,349.0,31,31,3,38.43880632992502,False,cold,E2021,165429,2260.7886162643795,24965.39300848098,0.09055690072639225,7.629032258064516,31.20241935483871,2022-03-01,2022-03,14.33506360407066
Kansas,2022-04-01,5752.0,279.0,343.0,30,30,4,38.43880632992502,False,transition,E2021,165429,1686.5241281758338,34770.203531424355,0.048504867872044506,13.133333333333333,31.20241935483871,2022-04-01,2022-04,14.33506360407066
Kansas,2022-05-01,10094.0,132.0,300.0,31,31,5,38.43880632992502,False,warm,E2021,165429,797.9253939756633,61017.11308174504,0.013077075490390331,18.990322580645163,31.20241935483871,2022-05-01,2022-05,14.33506360407066
Kansas,2022-07-01,27902.0,12.0,0.0,31,31,7,38.43880632992502,False,warm,E2021,165429,72.53867217960575,168664.50259627998,0.00043007669701096695,27.37741935483871,31.20241935483871,2022-07-01,2022-07,14.33506360407066
Kansas,2022-08-01,29334.0,132.0,84.0,31,31,8,38.43880632992502,False,warm,E2021,165429,797.9253939756633,177320.78414304627,0.004499897729597055,27.02258064516129,31.20241935483871,2022-08-01,2022-08,14.33506360407066
Kansas,2022-09-01,14377.0,522.0,536.0,30,30,9,38.43880632992502,False,warm,E2022,165429,3155.43223981285,86907.37416051599,0.03630799193155735,23.226666666666667,31.20241935483871,2022-09-01,2022-09,14.33506360407066
Kansas,2022-10-01,8572.0,51.0,52.0,31,31,10,38.43880632992502,False,transition,E2022,165429,308.28935676332446,51816.79149363171,0.005949603359776015,15.251612903225807,31.20241935483871,2022-10-01,2022-10,14.33506360407066
Kansas,2022-11-01,14167.0,57.0,72.0,30,30,11,38.43880632992502,False,cold,E2022,165429,344.5586928531273,85637.94739737289,0.0040234347427119364,6.013333333333334,31.20241935483871,2022-11-01,2022-11,14.33506360407066
Kansas,2022-12-01,15544.0,194.0,38.0,31,31,12,38.43880632992502,False,cold,E2022,165429,1172.708533570293,93961.76002998264,0.012480699948533196,0.5193548387096775,31.20241935483871,2022-12-01,2022-12,14.33506360407066
Kentucky,2020-03-01,628.0,168.0,11.0,31,31,3,37.751990303875296,False,cold,E2019,26734,6284.132565272686,23490.68601780504,0.267515923566879,10.696774193548388,26.203225806451613,2020-03-01,2020-03,14.362549697298274
Kentucky,2020-04-01,4080.0,215.0,229.0,30,30,4,37.751990303875296,False,transition,E2019,26734,8042.193461509688,152614.64801376525,0.05269607843137255,11.323333333333332,26.203225806451613,2020-04-01,2020-04,14.362549697298274
Kentucky,2020-05-01,4996.0,140.0,191.0,31,31,5,37.751990303875296,False,warm,E2019,26734,5236.777137727238,186878.1327148949,0.02802241793434748,16.30322580645161,26.203225806451613,2020-05-01,2020-05,14.362549697298274
Kentucky,2020-06-01,5920.0,148.0,134.0,30,30,6,37.751990303875296,False,warm,E2019,26734,5536.021545597367,221440.86182389467,0.025,22.55,26.203225806451613,2020-06-01,2020-06,14.362549697298274
Kentucky,2020-07-01,14527.0,190.0,170.0,31,31,7,37.751990303875296,False,warm,E2019,26734,7107.054686915539,543390.4391411685,0.013079094100640187,25.664516129032258,26.203225806451613,2020-07-01,2020-07,14.362549697298274
Kentucky,2020-08-01,18245.0,248.0,198.0,31,31,8,37.751990303875296,False,warm,E2019,26734,9276.576643973965,682464.2776988106,0.013592765141134557,23.55806451612903,26.203225806451613,2020-08-01,2020-08,14.362549697298274
Kentucky,2020-09-01,20444.0,251.0,241.0,30,30,9,37.751990303875296,False,warm,E2020,26734,9388.793296925263,764719.084312112,0.012277440813930738,20.13,26.203225806451613,2020-09-01,2020-09,14.362549697298274
Kentucky,2020-10-01,38379.0,420.0,311.0,31,31,10,37.751990303875296,False,transition,E2020,26734,15710.331413181717,1435587.641205955,0.010943484718205268,14.67741935483871,26.203225806451613,2020-10-01,2020-10,14.362549697298274
Kentucky,2020-11-01,71822.0,629.0,423.0,30,30,11,37.751990303875296,False,cold,E2020,26734,23528.09156878881,2686541.482756041,0.008757762245551502,10.393333333333334,26.203225806451613,2020-11-01,2020-11,14.362549697298274
Kentucky,2020-12-01,86220.0,889.0,715.0,31,31,12,37.751990303875296,False,cold,E2020,26734,33253.53482456796,3225106.605820304,0.01031083275342148,3.041935483870968,26.203225806451613,2020-12-01,2020-12,14.362549697298274
Kentucky,2021-01-01,97620.0,1146.0,1122.0,31,31,1,37.751990303875296,False,cold,E2020,26734,42866.761427395824,3651529.887035236,0.01173939766441303,1.7258064516129032,26.203225806451613,2021-01-01,2021-01,14.362549697298274
Kentucky,2021-02-01,41741.0,1291.0,892.0,28,28,2,37.751990303875296,False,cold,E2020,26734,48290.56632004189,1561345.1036133762,0.03092882297980403,0.5285714285714286,26.203225806451613,2021-02-01,2021-02,14.362549697298274
Kentucky,2021-03-01,22254.0,635.0,1453.0,31,31,3,37.751990303875296,False,cold,E2020,26734,23752.524874691404,832423.1315927283,0.028534196099577604,10.016129032258064,26.203225806451613,2021-03-01,2021-03,14.362549697298274
Kentucky,2021-04-01,17251.0,325.0,411.0,30,30,4,37.751990303875296,False,transition,E2020,26734,12156.804069723947,645283.1600209471,0.018839487565938208,12.09,26.203225806451613,2021-04-01,2021-04,14.362549697298274
Kentucky,2021-05-01,14448.0,492.0,305.0,31,31,5,37.751990303875296,False,warm,E2020,26734,18403.531084012866,540435.400613451,0.0340531561461794,17.067741935483873,26.203225806451613,2021-05-01,2021-05,14.362549697298274
Kentucky,2021-06-01,6592.0,116.0,414.0,30,30,6,37.751990303875296,False,warm,E2020,26734,4339.043914116855,246577.39208498542,0.017597087378640776,23.023333333333333,26.203225806451613,2021-06-01,2021-06,14.362549697298274
Kentucky,2021-07-01,18993.0,226.0,120.0,31,31,7,37.751990303875296,False,warm,E2020,26734,8453.654522331113,710443.6298346674,0.011899120728689518,24.093548387096774,26.203225806451613,2021-07-01,2021-07,14.362549697298274
Kentucky,2021-08-01,92891.0,838.0,424.0,31,31,8,37.751990303875296,False,warm,E2020,26734,31345.8517243959,3474639.0364330066,0.009021326070340507,24.687096774193545,26.203225806451613,2021-08-01,2021-08,14.362549697298274
Kentucky,2021-09-01,114293.0,1160.0,1006.0,30,30,9,37.751990303875296,False,warm,E2021,26734,43390.43914116855,4275192.638587566,0.010149352978747604,20.69,26.203225806451613,2021-09-01,2021-09,14.362549697298274
Kentucky,2021-10-01,53457.0,1133.0,1018.0,31,31,10,37.751990303875296,False,transition,E2021,26734,42380.48926460687,1999588.5389391787,0.02119460500963391,17.061290322580643,26.203225806451613,2021-10-01,2021-10,14.362549697298274
Kentucky,2021-11-01,41125.0,1219.0,1155.0,30,30,11,37.751990303875296,False,cold,E2021,26734,45597.366649210744,1538303.2842073764,0.02964133738601824,6.413333333333333,26.203225806451613,2021-11-01,2021-11,14.362549697298274
Kentucky,2021-12-01,70219.0,805.0,1175.0,31,31,12,37.751990303875296,False,cold,E2021,26734,30111.468541931623,2626580.384529064,0.011464133639043564,8.770967741935483,26.203225806451613,2021-12-01,2021-12,14.362549697298274
Kentucky,2022-01-01,304413.0,960.0,842.0,31,31,1,37.751990303875296,False,cold,E2021,26734,35909.32894441535,11386735.991621157,0.003153610391146239,-0.5387096774193548,26.203225806451613,2022-01-01,2022-01,14.362549697298274
Kentucky,2022-02-01,116794.0,1012.0,896.0,28,28,2,37.751990303875296,False,cold,E2021,26734,37854.41759557118,4368743.921597965,0.00866482867270579,3.5749999999999997,26.203225806451613,2022-02-01,2022-02,14.362549697298274
Kentucky,2022-03-01,35055.0,682.0,1039.0,31,31,3,37.751990303875296,False,cold,E2021,26734,25510.585770928406,1311251.5897359168,0.01945514191984025,9.096774193548388,26.203225806451613,2022-03-01,2022-03,14.362549697298274
Kentucky,2022-04-01,15704.0,551.0,628.0,30,30,4,37.751990303875296,False,transition,E2021,26734,20610.45859205506,587416.7726490612,0.03508660213958227,12.183333333333334,26.203225806451613,2022-04-01,2022-04,14.362549697298274
Kentucky,2022-05-01,26676.0,226.0,422.0,31,31,5,37.751990303875296,False,warm,E2021,26734,8453.654522331113,997830.4780429415,0.008472034787824262,19.980645161290322,26.203225806451613,2022-05-01,2022-05,14.362549697298274
Kentucky,2022-06-01,48747.0,204.0,219.0,30,30,6,37.751990303875296,False,warm,E2021,26734,7630.732400688262,1823408.3938056407,0.004184872915256323,23.833333333333332,26.203225806451613,2022-06-01,2022-06,14.362549697298274
Kentucky,2022-07-01,61583.0,266.0,224.0,31,31,7,37.751990303875296,False,warm,E2021,26734,9949.876561681753,2303546.046233261,0.004319373853173766,25.64516129032258,26.203225806451613,2022-07-01,2022-07,14.362549697298274
Kentucky,2022-08-01,74206.0,332.0,324.0,31,31,8,37.751990303875296,False,warm,E2021,26734,12418.64292661031,2775716.3163013393,0.004474031749454222,24.029032258064515,26.203225806451613,2022-08-01,2022-08,14.362549697298274
Kentucky,2022-09-01,42698.0,305.0,292.0,30,30,9,37.751990303875296,False,warm,E2022,26734,11408.693050048627,1597142.2159048403,0.0071431917185816665,20.423333333333336,26.203225806451613,2022-09-01,2022-09,14.362549697298274
Kentucky,2022-10-01,32507.0,234.0,318.0,31,31,10,37.751990303875296,False,transition,E2022,26734,8752.898930201241,1215942.2458292812,0.00719844956470914,13.44516129032258,26.203225806451613,2022-10-01,2022-10,14.362549697298274
Kentucky,2022-11-01,20482.0,166.0,180.0,30,30,11,37.751990303875296,False,cold,E2022,26734,6209.321463305155,766140.495249495,0.008104677277609608,8.563333333333333,26.203225806451613,2022-11-01,2022-11,14.362549697298274
Kentucky,2022-12-01,27571.0,168.0,169.0,31,31,12,37.751990303875296,False,cold,E2022,26734,6284.132565272686,1031308.4461734121,0.006093358964128976,3.583870967741935,26.203225806451613,2022-12-01,2022-12,14.362549697298274
Louisiana,2020-03-01,5237.0,1385.0,239.0,31,31,3,30.71736722204497,False,cold,E2019,13904,99611.62255466053,376654.2002301496,0.2644643880084018,19.916129032258063,18.50397849462366,2020-03-01,2020-03,20.417951341827052
Louisiana,2020-04-01,22764.0,1224.0,1666.0,30,30,4,30.71736722204497,False,transition,E2019,13904,88032.22094361334,1637226.6973532797,0.05376910911966262,20.07,18.50397849462366,2020-04-01,2020-04,20.417951341827052
Louisiana,2020-05-01,11915.0,476.0,886.0,31,31,5,30.71736722204497,False,warm,E2019,13904,34234.75258918297,856947.6409666283,0.03994964330675619,23.174193548387095,18.50397849462366,2020-05-01,2020-05,20.417951341827052
Louisiana,2020-06-01,18179.0,505.0,430.0,30,30,6,30.71736722204497,False,warm,E2019,13904,36320.4833141542,1307465.4775604142,0.02777930579239782,26.336666666666666,18.50397849462366,2020-06-01,2020-06,20.417951341827052
Louisiana,2020-07-01,58185.0,1077.0,728.0,31,31,7,30.71736722204497,False,warm,E2019,13904,77459.72382048331,4184766.9735327964,0.018509925238463523,27.629032258064516,18.50397849462366,2020-07-01,2020-07,20.417951341827052
Louisiana,2020-08-01,32614.0,690.0,1001.0,31,31,8,30.71736722204497,False,warm,E2019,13904,49626.00690448792,2345655.926352129,0.021156558533145273,27.774193548387096,18.50397849462366,2020-08-01,2020-08,20.417951341827052
Louisiana,2020-09-01,18564.0,407.0,561.0,30,30,9,30.71736722204497,False,warm,E2020,13904,29272.151898734177,1335155.3509781358,0.021924154277095452,25.43,18.50397849462366,2020-09-01,2020-09,20.417951341827052
Louisiana,2020-10-01,19191.0,449.0,408.0,31,31,10,30.71736722204497,False,transition,E2020,13904,32292.865362485616,1380250.2876869966,0.023396383721536136,21.16774193548387,18.50397849462366,2020-10-01,2020-10,20.417951341827052
Louisiana,2020-11-01,45765.0,874.0,501.0,30,30,11,30.71736722204497,False,cold,E2020,13904,62859.608745684694,3291498.849252014,0.0190975636403365,17.353333333333335,18.50397849462366,2020-11-01,2020-11,20.417951341827052
Louisiana,2020-12-01,82861.0,1335.0,1068.0,31,31,12,30.71736722204497,False,cold,E2020,13904,96015.53509781358,5959508.055235904,0.01611131895584171,10.983870967741936,18.50397849462366,2020-12-01,2020-12,20.417951341827052
Louisiana,2021-01-01,85351.0,1024.0,1371.0,31,31,1,30.71736722204497,False,cold,E2020,13904,73647.87111622555,6138593.210586881,0.011997516139236799,11.061290322580644,18.50397849462366,2021-01-01,2021-01,20.417951341827052
Louisiana,2021-02-01,29474.0,522.0,749.0,28,28,2,30.71736722204497,False,cold,E2020,13904,37543.15304948216,2119821.6340621402,0.01771052453009432,9.489285714285714,18.50397849462366,2021-02-01,2021-02,20.417951341827052
Louisiana,2021-03-01,14833.0,328.0,533.0,31,31,3,30.71736722204497,False,cold,E2020,13904,23590.333716915997,1066815.3049482163,0.02211285646868469,16.903225806451612,18.50397849462366,2021-03-01,2021-03,20.417951341827052
Louisiana,2021-04-01,13648.0,206.0,241.0,30,30,4,30.71736722204497,False,transition,E2020,13904,14815.880322209436,981588.0322209436,0.015093786635404454,18.453333333333333,18.50397849462366,2021-04-01,2021-04,20.417951341827052
Louisiana,2021-05-01,12104.0,171.0,194.0,31,31,5,30.71736722204497,False,warm,E2020,13904,12298.619102416571,870540.8515535098,0.014127561136814275,22.593548387096774,18.50397849462366,2021-05-01,2021-05,20.417951341827052
Louisiana,2021-06-01,10782.0,181.0,162.0,30,30,6,30.71736722204497,False,warm,E2020,13904,13017.836593785962,775460.2991944765,0.016787237989241328,25.863333333333333,18.50397849462366,2021-06-01,2021-06,20.417951341827052
Louisiana,2021-07-01,60212.0,1044.0,261.0,31,31,7,30.71736722204497,False,warm,E2020,13904,75086.30609896433,4330552.359033371,0.01733873646449213,26.76451612903226,18.50397849462366,2021-07-01,2021-07,20.417951341827052
Louisiana,2021-08-01,138117.0,1640.0,1360.0,31,31,8,30.71736722204497,False,warm,E2020,13904,117951.66858457998,9933616.225546606,0.011873990891780158,27.493548387096773,18.50397849462366,2021-08-01,2021-08,20.417951341827052
Louisiana,2021-09-01,60737.0,888.0,1590.0,30,30,9,30.71736722204497,False,warm,E2021,13904,63866.51323360184,4368311.277330264,0.014620412598580766,24.39,18.50397849462366,2021-09-01,2021-09,20.417951341827052
Louisiana,2021-10-01,17938.0,303.0,598.0,31,31,10,30.71736722204497,False,transition,E2021,13904,21792.28998849252,1290132.336018412,0.01689151521908797,22.206451612903226,18.50397849462366,2021-10-01,2021-10,20.417951341827052
Louisiana,2021-11-01,12423.0,188.0,254.0,30,30,11,30.71736722204497,False,cold,E2021,13904,13521.288837744534,893483.8895281933,0.015133220639137085,14.45,18.50397849462366,2021-11-01,2021-11,20.417951341827052
Louisiana,2021-12-01,57801.0,387.0,185.0,31,31,12,30.71736722204497,False,cold,E2021,13904,27833.716915995396,4157149.0218642117,0.00669538589297763,17.161290322580644,18.50397849462366,2021-12-01,2021-12,20.417951341827052
Louisiana,2022-01-01,341517.0,1141.0,688.0,31,31,1,30.71736722204497,False,cold,E2021,13904,82062.71576524741,24562500.0,0.0033409757054553655,9.319354838709677,18.50397849462366,2022-01-01,2022-01,20.417951341827052
Louisiana,2022-02-01,55425.0,551.0,932.0,28,28,2,30.71736722204497,False,cold,E2021,13904,39628.883774453396,3986262.9459148445,0.009941362201172756,11.814285714285715,18.50397849462366,2022-02-01,2022-02,20.417951341827052
Louisiana,2022-03-01,6785.0,204.0,521.0,31,31,3,30.71736722204497,False,cold,E2021,13904,14672.036823935558,487989.0678941312,0.030066322770817982,15.53225806451613,18.50397849462366,2022-03-01,2022-03,20.417951341827052
Louisiana,2022-04-01,5589.0,93.0,121.0,30,30,4,30.71736722204497,False,transition,E2021,13904,6688.722669735328,401970.65592635213,0.016639828234031134,20.033333333333335,18.50397849462366,2022-04-01,2022-04,20.417951341827052
Louisiana,2022-05-01,21719.0,67.0,78.0,31,31,5,30.71736722204497,False,warm,E2021,13904,4818.757192174914,1562068.4695051783,0.0030848565771904785,25.31935483870968,18.50397849462366,2022-05-01,2022-05,20.417951341827052
Louisiana,2022-06-01,48862.0,124.0,86.0,30,30,6,30.71736722204497,False,warm,E2021,13904,8918.296892980437,3514240.506329114,0.002537759404035856,27.823333333333334,18.50397849462366,2022-06-01,2022-06,20.417951341827052
Louisiana,2022-07-01,69074.0,273.0,159.0,31,31,7,30.71736722204497,False,warm,E2021,13904,19634.63751438435,4967922.899884925,0.0039522830587485885,27.683870967741935,18.50397849462366,2022-07-01,2022-07,20.417951341827052
Louisiana,2022-08-01,53345.0,216.0,300.0,31,31,8,30.71736722204497,False,warm,E2021,13904,15535.097813578826,3836665.7077100114,0.0040491142562564435,26.258064516129032,18.50397849462366,2022-08-01,2022-08,20.417951341827052
Louisiana,2022-09-01,24279.0,145.0,195.0,30,30,9,30.71736722204497,False,warm,E2022,13904,10428.653624856157,1746188.1472957423,0.005972239383829647,25.313333333333333,18.50397849462366,2022-09-01,2022-09,20.417951341827052
Louisiana,2022-10-01,6143.0,96.0,102.0,31,31,10,30.71736722204497,False,transition,E2022,13904,6904.487917146145,441815.30494821636,0.015627543545498942,20.125806451612902,18.50397849462366,2022-10-01,2022-10,20.417951341827052
Louisiana,2022-11-01,11659.0,111.0,106.0,30,30,11,30.71736722204497,False,cold,E2022,13904,7983.31415420023,838535.6731875719,0.009520542070503474,15.393333333333334,18.50397849462366,2022-11-01,2022-11,20.417951341827052
Louisiana,2022-12-01,41021.0,134.0,96.0,31,31,12,30.71736722204497,False,cold,E2022,13904,9637.514384349828,2950302.071346375,0.003266619536335048,12.929032258064517,18.50397849462366,2022-12-01,2022-12,20.417951341827052
Maine,2020-04-01,792.0,37.0,48.0,30,30,4,44.43607672355733,False,transition,E2019,207641,178.1921682134068,3814.275600676167,0.04671717171717172,4.52,31.73548387096774,2020-04-01,2020-04,9.35299259879905
Maine,2020-05-01,1230.0,29.0,36.0,31,31,5,44.43607672355733,False,warm,E2019,207641,139.66413184294046,5923.685591959199,0.023577235772357725,11.751612903225807,31.73548387096774,2020-05-01,2020-05,9.35299259879905
Maine,2020-06-01,928.0,16.0,16.0,30,30,6,44.43607672355733,False,warm,E2019,207641,77.05607274093266,4469.252218974095,0.017241379310344827,18.84333333333333,31.73548387096774,2020-06-01,2020-06,9.35299259879905
Maine,2020-07-01,659.0,11.0,18.0,31,31,7,44.43607672355733,False,warm,E2019,207641,52.97605000939121,3173.7469960171643,0.01669195751138088,21.961290322580645,31.73548387096774,2020-07-01,2020-07,9.35299259879905
Maine,2020-08-01,617.0,11.0,9.0,31,31,8,44.43607672355733,False,warm,E2019,207641,52.97605000939121,2971.474805072216,0.017828200972447326,21.016129032258064,31.73548387096774,2020-08-01,2020-08,9.35299259879905
Maine,2020-09-01,860.0,6.0,9.0,30,30,9,44.43607672355733,False,warm,E2020,207641,28.89602727784975,4141.763909825131,0.0069767441860465115,16.35,31.73548387096774,2020-09-01,2020-09,9.35299259879905
Maine,2020-10-01,1273.0,28.0,6.0,31,31,10,44.43607672355733,False,transition,E2020,207641,134.84812729663216,6130.7737874504555,0.02199528672427337,9.248387096774193,31.73548387096774,2020-10-01,2020-10,9.35299259879905
Maine,2020-11-01,5095.0,119.0,47.0,30,30,11,44.43607672355733,False,cold,E2020,207641,573.1045410106867,24537.543163440747,0.02335623159960746,4.543333333333334,31.73548387096774,2020-11-01,2020-11,9.35299259879905
Maine,2020-12-01,12444.0,243.0,153.0,31,31,12,44.43607672355733,False,cold,E2020,207641,1170.289104752915,59930.36057426038,0.0195274831243973,-1.106451612903226,31.73548387096774,2020-12-01,2020-12,9.35299259879905
Maine,2021-01-01,15123.0,122.0,243.0,31,31,1,44.43607672355733,False,cold,E2020,207641,587.5525546496116,72832.4367538203,0.008067182437347086,-3.990322580645161,31.73548387096774,2021-01-01,2021-01,9.35299259879905
Maine,2021-02-01,5311.0,71.0,113.0,28,28,2,44.43607672355733,False,cold,E2020,207641,341.9363227878887,25577.800145443336,0.013368480512144605,-5.489285714285714,31.73548387096774,2021-02-01,2021-02,9.35299259879905
Maine,2021-03-01,5869.0,39.0,40.0,31,31,3,44.43607672355733,False,cold,E2020,207641,187.8241773060234,28265.130682283365,0.006645084341455103,-0.16451612903225796,31.73548387096774,2021-03-01,2021-03,9.35299259879905
Maine,2021-04-01,10709.0,50.0,41.0,30,30,4,44.43607672355733,False,transition,E2020,207641,240.8002273154146,51574.5926864155,0.004668970025212438,7.256666666666666,31.73548387096774,2021-04-01,2021-04,9.35299259879905
Maine,2021-05-01,6574.0,36.0,41.0,31,31,5,44.43607672355733,False,warm,E2020,207641,173.3761636670985,31660.41388743071,0.005476118040766657,13.196774193548388,31.73548387096774,2021-05-01,2021-05,9.35299259879905
Maine,2021-06-01,1247.0,33.0,33.0,30,30,6,44.43607672355733,False,warm,E2020,207641,158.92815002817363,6005.55766924644,0.026463512429831595,20.92,31.73548387096774,2021-06-01,2021-06,9.35299259879905
Maine,2021-07-01,1429.0,37.0,42.0,31,31,7,44.43607672355733,False,warm,E2020,207641,178.1921682134068,6882.070496674549,0.02589223233030091,19.051612903225806,31.73548387096774,2021-07-01,2021-07,9.35299259879905
Maine,2021-08-01,5393.0,78.0,32.0,31,31,8,44.43607672355733,False,warm,E2020,207641,375.6483546120468,25972.712518240616,0.014463193027999258,21.26774193548387,31.73548387096774,2021-08-01,2021-08,9.35299259879905
Maine,2021-09-01,14133.0,111.0,90.0,30,30,9,44.43607672355733,False,warm,E2021,207641,534.5765046402204,68064.59225297508,0.007853958819783485,17.023333333333333,31.73548387096774,2021-09-01,2021-09,9.35299259879905
Maine,2021-10-01,14270.0,159.0,145.0,31,31,10,44.43607672355733,False,transition,E2021,207641,765.7447228630184,68724.38487581932,0.011142256482130344,11.570967741935483,31.73548387096774,2021-10-01,2021-10,9.35299259879905
Maine,2021-11-01,15403.0,191.0,157.0,30,30,11,44.43607672355733,False,cold,E2021,207641,919.8568683448838,74180.91802678662,0.01240018178276959,3.56,31.73548387096774,2021-11-01,2021-11,9.35299259879905
Maine,2021-12-01,27074.0,230.0,207.0,31,31,12,44.43607672355733,False,cold,E2021,207641,1107.681045650907,130388.50708675069,0.00849523528108148,-2.193548387096774,31.73548387096774,2021-12-01,2021-12,9.35299259879905
Maine,2022-01-01,27489.0,267.0,207.0,31,31,1,44.43607672355733,False,cold,E2021,207641,1285.8732138643138,132387.14897346863,0.009712976099530722,-9.051612903225807,31.73548387096774,2022-01-01,2022-01,9.35299259879905
Maine,2022-02-01,51925.0,224.0,326.0,28,28,2,44.43607672355733,False,cold,E2021,207641,1078.7850183730573,250071.03606705804,0.00431391429947039,-4.903571428571429,31.73548387096774,2022-02-01,2022-02,9.35299259879905
Maine,2022-03-01,9640.0,94.0,138.0,31,31,3,44.43607672355733,False,cold,E2021,207641,452.7044273529794,46426.283826411935,0.00975103734439834,0.3645161290322581,31.73548387096774,2022-03-01,2022-03,9.35299259879905
Maine,2022-04-01,9290.0,65.0,84.0,30,30,4,44.43607672355733,False,transition,E2021,207641,313.04029551003896,44740.68223520403,0.006996770721205597,6.413333333333333,31.73548387096774,2022-04-01,2022-04,9.35299259879905
Maine,2022-05-01,17822.0,65.0,60.0,31,31,5,44.43607672355733,False,warm,E2021,207641,313.04029551003896,85830.83302430637,0.0036471776456065536,13.832258064516129,31.73548387096774,2022-05-01,2022-05,9.35299259879905
Maine,2022-06-01,7024.0,56.0,69.0,30,30,6,44.43607672355733,False,warm,E2021,207641,269.6962545932643,33827.615933269444,0.007972665148063782,17.413333333333334,31.73548387096774,2022-06-01,2022-06,9.35299259879905
Maine,2022-07-01,6071.0,35.0,52.0,31,31,7,44.43607672355733,False,warm,E2021,207641,168.56015912079022,29237.96360063764,0.0057651128314939876,22.683870967741935,31.73548387096774,2022-07-01,2022-07,9.35299259879905
Maine,2022-08-01,6811.0,70.0,45.0,31,31,8,44.43607672355733,False,warm,E2021,207641,337.12031824158043,32801.80696490577,0.010277492291880781,21.812903225806455,31.73548387096774,2022-08-01,2022-08,9.35299259879905
Maine,2022-09-01,6918.0,65.0,68.0,30,30,9,44.43607672355733,False,warm,E2022,207641,313.04029551003896,33317.11945136076,0.009395779126915294,15.716666666666667,31.73548387096774,2022-09-01,2022-09,9.35299259879905
Maine,2022-10-01,7521.0,84.0,70.0,31,31,10,44.43607672355733,False,transition,E2022,207641,404.5443818898965,36221.17019278466,0.011168727562824093,10.970967741935485,31.73548387096774,2022-10-01,2022-10,9.35299259879905
Maine,2022-11-01,4313.0,61.0,72.0,30,30,11,44.43607672355733,False,cold,E2022,207641,293.7762773248058,20771.427608227663,0.014143287734755391,5.13,31.73548387096774,2022-11-01,2022-11,9.35299259879905
Maine,2022-12-01,5087.0,75.0,68.0,31,31,12,44.43607672355733,False,cold,E2022,207641,361.20034097312185,24499.01512707028,0.014743463731079222,-0.8709677419354839,31.73548387096774,2022-12-01,2022-12,9.35299259879905
Maryland,2020-03-01,1660.0,650.0,18.0,31,31,3,39.13330786841944,False,cold,E2019,52276,12434.004131915219,31754.533629198868,0.39156626506024095,9.129032258064516,27.39032258064516,2020-03-01,2020-03,14.032986807626276
Maryland,2020-04-01,20082.0,1507.0,1062.0,30,30,4,39.13330786841944,False,transition,E2019,52276,28827.760348917283,384153.3399648022,0.07504232646150782,10.433333333333334,27.39032258064516,2020-04-01,2020-04,14.032986807626276
Maryland,2020-05-01,31036.0,907.0,1452.0,31,31,5,39.13330786841944,False,warm,E2019,52276,17350.218073303236,593695.0034432627,0.029224126820466555,15.329032258064515,27.39032258064516,2020-05-01,2020-05,14.032986807626276
Maryland,2020-06-01,14781.0,336.0,658.0,30,30,6,39.13330786841944,False,warm,E2019,52276,6427.423674343867,282749.2539597521,0.0227318855287193,22.779999999999998,27.39032258064516,2020-06-01,2020-06,14.032986807626276
Maryland,2020-07-01,20787.0,272.0,303.0,31,31,7,39.13330786841944,False,warm,E2019,52276,5203.1524982783685,397639.4521386487,0.013085101265213835,26.77741935483871,27.39032258064516,2020-07-01,2020-07,14.032986807626276
Maryland,2020-08-01,19903.0,209.0,262.0,31,31,8,39.13330786841944,False,warm,E2019,52276,3998.0105593388935,380729.206519244,0.010500929508114355,23.85483870967742,27.39032258064516,2020-08-01,2020-08,14.032986807626276
Maryland,2020-09-01,16476.0,175.0,194.0,30,30,9,39.13330786841944,False,warm,E2020,52276,3347.6164970540976,315173.31088836177,0.010621510075260986,19.363333333333333,27.39032258064516,2020-09-01,2020-09,14.032986807626276
Maryland,2020-10-01,20556.0,357.0,198.0,31,31,10,39.13330786841944,False,transition,E2020,52276,6829.137653990359,393220.5983625373,0.0173671920607122,14.609677419354838,27.39032258064516,2020-10-01,2020-10,14.032986807626276
Maryland,2020-11-01,53089.0,1056.0,494.0,30,30,11,39.13330786841944,False,cold,E2020,52276,20200.474405080724,1015552.0697834571,0.01989112622200456,10.406666666666666,27.39032258064516,2020-11-01,2020-11,14.032986807626276
Maryland,2020-12-01,78292.0,1264.0,1254.0,31,31,12,39.13330786841944,False,cold,E2020,52276,24179.355727293594,1497666.2330706252,0.016144689112553005,3.2,27.39032258064516,2020-12-01,2020-12,14.032986807626276
Maryland,2021-01-01,77811.0,980.0,1232.0,31,31,1,39.13330786841944,False,cold,E2020,52276,18746.652383502947,1488465.0700130078,0.012594620297901324,1.4903225806451614,27.39032258064516,2021-01-01,2021-01,14.032986807626276
Maryland,2021-02-01,27626.0,455.0,742.0,28,28,2,39.13330786841944,False,cold,E2020,52276,8703.802892340653,528464.3048435228,0.016469992036487368,0.9821428571428571,27.39032258064516,2021-02-01,2021-02,14.032986807626276
Maryland,2021-03-01,29245.0,435.0,417.0,31,31,3,39.13330786841944,False,cold,E2020,52276,8321.218149820184,559434.5397505547,0.014874337493588647,8.061290322580644,27.39032258064516,2021-03-01,2021-03,14.032986807626276
Maryland,2021-04-01,36057.0,368.0,458.0,30,30,4,39.13330786841944,False,transition,E2020,52276,7039.559262376616,689742.9030530263,0.010206062623069029,12.379999999999999,27.39032258064516,2021-04-01,2021-04,14.032986807626276
Maryland,2021-05-01,12493.0,734.0,870.0,31,31,5,39.13330786841944,False,warm,E2020,52276,14040.860050501185,238981.5594154105,0.058752901624909946,17.08709677419355,27.39032258064516,2021-05-01,2021-05,14.032986807626276
Maryland,2021-06-01,2385.0,85.0,127.0,30,30,6,39.13330786841944,False,warm,E2020,52276,1625.9851557119903,45623.23054556584,0.03563941299790356,22.779999999999998,27.39032258064516,2021-06-01,2021-06,14.032986807626276
Maryland,2021-07-01,6269.0,146.0,84.0,31,31,7,39.13330786841944,False,warm,E2020,52276,2792.8686203994184,119921.18754304078,0.023289200829478385,25.296774193548387,27.39032258064516,2021-07-01,2021-07,14.032986807626276
Maryland,2021-08-01,28454.0,371.0,189.0,31,31,8,39.13330786841944,False,warm,E2020,52276,7096.946973754687,544303.3131838703,0.013038588599142475,24.64516129032258,27.39032258064516,2021-08-01,2021-08,14.032986807626276
Maryland,2021-09-01,35338.0,462.0,428.0,30,30,9,39.13330786841944,False,warm,E2021,52276,8837.707552222817,675988.9815594155,0.0130737449770785,20.82,27.39032258064516,2021-09-01,2021-09,14.032986807626276
Maryland,2021-10-01,28930.0,350.0,453.0,31,31,10,39.13330786841944,False,transition,E2021,52276,6695.232994108195,553408.8300558574,0.012098167991704113,17.070967741935487,27.39032258064516,2021-10-01,2021-10,14.032986807626276
Maryland,2021-11-01,24873.0,134.0,311.0,30,30,11,39.13330786841944,False,cold,E2021,52276,2563.3177748871376,475801.5150355804,0.005387367828569131,7.163333333333333,27.39032258064516,2021-11-01,2021-11,14.032986807626276
Maryland,2021-12-01,134671.0,1767.0,552.0,31,31,12,39.13330786841944,False,cold,E2021,52276,33801.362001683374,2576153.492998699,0.01312086492266338,6.738709677419355,27.39032258064516,2021-12-01,2021-12,14.032986807626276
Maryland,2022-01-01,256556.0,989.0,1726.0,31,31,1,39.13330786841944,False,cold,E2021,52276,18918.81551763716,4907720.560104063,0.0038549088697984067,-0.6129032258064516,27.39032258064516,2022-01-01,2022-01,14.032986807626276
Maryland,2022-02-01,24909.0,292.0,638.0,28,28,2,39.13330786841944,False,cold,E2021,52276,5585.737240798837,476490.16757211724,0.011722670520695332,3.625,27.39032258064516,2022-02-01,2022-02,14.032986807626276
Maryland,2022-03-01,9640.0,115.0,223.0,31,31,3,39.13330786841944,False,cold,E2021,52276,2199.8622694926926,184405.84589486572,0.011929460580912862,8.006451612903225,27.39032258064516,2022-03-01,2022-03,14.032986807626276
Maryland,2022-04-01,19614.0,133.0,111.0,30,30,4,39.13330786841944,False,transition,E2021,52276,2544.1885377611143,375200.8569898232,0.006780870806566738,11.28,27.39032258064516,2022-04-01,2022-04,14.032986807626276
Maryland,2022-05-01,54095.0,178.0,141.0,31,31,5,39.13330786841944,False,warm,E2021,52276,3405.0042084321676,1034796.0823322366,0.003290507440613735,17.845161290322583,27.39032258064516,2022-05-01,2022-05,14.032986807626276
Maryland,2022-06-01,48893.0,175.0,192.0,30,30,6,39.13330786841944,False,warm,E2021,52276,3347.6164970540976,935285.7908026628,0.003579244472623893,22.706666666666667,27.39032258064516,2022-06-01,2022-06,14.032986807626276
Maryland,2022-07-01,44884.0,203.0,184.0,31,31,7,39.13330786841944,False,warm,E2021,52276,3883.235136582753,858596.6791644349,0.004522769806612602,24.9741935483871,27.39032258064516,2022-07-01,2022-07,14.032986807626276
Maryland,2022-08-01,43706.0,233.0,215.0,31,31,8,39.13330786841944,False,warm,E2021,52276,4457.112250363455,836062.4378299793,0.0053310758248295426,24.396774193548385,27.39032258064516,2022-08-01,2022-08,14.032986807626276
Maryland,2022-09-01,26921.0,166.0,211.0,30,30,9,39.13330786841944,False,warm,E2022,52276,3175.453362919887,514978.1926696763,0.006166189963225734,20.303333333333335,27.39032258064516,2022-09-01,2022-09,14.032986807626276
Maryland,2022-10-01,18527.0,161.0,159.0,31,31,10,39.13330786841944,False,transition,E2022,52276,3079.8071772897697,354407.3762338358,0.00869001997085335,12.503225806451614,27.39032258064516,2022-10-01,2022-10,14.032986807626276
Maryland,2022-11-01,19749.0,221.0,176.0,30,30,11,39.13330786841944,False,cold,E2022,52276,4227.561404851174,377783.3040018364,0.01119044002227961,9.33,27.39032258064516,2022-11-01,2022-11,14.032986807626276
Maryland,2022-12-01,29926.0,285.0,233.0,31,31,12,39.13330786841944,False,cold,E2022,52276,5451.832580916673,572461.5502333767,0.009523491278486935,2.364516129032258,27.39032258064516,2022-12-01,2022-12,14.032986807626276
Massachusetts,2020-03-01,9922.0,1960.0,89.0,31,31,3,38.45458355915479,False,cold,E2019,830622,2359.6774465400626,11945.265114576787,0.19754081838339044,13.041935483870969,13.722580645161289,2020-03-01,2020-03,19.357713246588958
Massachusetts,2020-04-01,56943.0,4187.0,3473.0,30,30,4,38.45458355915479,False,transition,E2019,830622,5040.800749317981,68554.64940731163,0.0735296700208981,12.756666666666666,13.722580645161289,2020-04-01,2020-04,19.357713246588958
Massachusetts,2020-05-01,30393.0,1710.0,3284.0,31,31,5,38.45458355915479,False,warm,E2019,830622,2058.6981803997487,36590.651343210266,0.05626295528575659,17.616129032258065,13.722580645161289,2020-05-01,2020-05,19.357713246588958
Massachusetts,2020-06-01,7180.0,422.0,1208.0,30,30,6,38.45458355915479,False,warm,E2019,830622,508.05300124485024,8644.12452354982,0.05877437325905292,23.113333333333333,13.722580645161289,2020-06-01,2020-06,19.357713246588958
Massachusetts,2020-07-01,7396.0,9.0,226.0,31,31,7,38.45458355915479,False,warm,E2019,830622,10.835253581051308,8904.170609495053,0.0012168739859383451,25.419354838709676,13.722580645161289,2020-07-01,2020-07,19.357713246588958
Massachusetts,2020-08-01,9182.0,125.0,53.0,31,31,8,38.45458355915479,False,warm,E2019,830622,150.48963307015705,11054.366486801457,0.013613591810063167,25.916129032258063,13.722580645161289,2020-08-01,2020-08,19.357713246588958
Massachusetts,2020-09-01,11098.0,154.0,115.0,30,30,9,38.45458355915479,False,warm,E2020,830622,185.4032279424335,13361.071582500825,0.013876374121463328,24.846666666666668,13.722580645161289,2020-09-01,2020-09,19.357713246588958
Massachusetts,2020-10-01,26460.0,397.0,223.0,31,31,10,38.45458355915479,False,transition,E2020,830622,477.95507463081884,31855.645528290846,0.015003779289493575,22.283870967741933,13.722580645161289,2020-10-01,2020-10,19.357713246588958
Massachusetts,2020-11-01,67556.0,987.0,479.0,30,30,11,38.45458355915479,False,cold,E2020,830622,1188.2661427219603,81331.82121350024,0.014610101249333885,18.65666666666667,13.722580645161289,2020-11-01,2020-11,19.357713246588958
Massachusetts,2020-12-01,149046.0,1819.0,1372.0,31,31,12,38.45458355915479,False,cold,E2020,830622,2189.9251404369256,179439.02280459704,0.012204285925150625,16.025806451612905,13.722580645161289,2020-12-01,2020-12,19.357713246588958
Massachusetts,2021-01-01,148847.0,1400.0,1756.0,31,31,1,38.45458355915479,False,cold,E2020,830622,1685.4838903857592,179199.44330874935,0.00940563128581698,12.67741935483871,13.722580645161289,2021-01-01,2021-01,19.357713246588958
Massachusetts,2021-02-01,57123.0,522.0,1074.0,28,28,2,38.45458355915479,False,cold,E2020,830622,628.4447077009759,68771.35447893266,0.009138175515991807,13.307142857142859,13.722580645161289,2021-02-01,2021-02,19.357713246588958
Massachusetts,2021-03-01,54432.0,359.0,461.0,31,31,3,38.45458355915479,False,cold,E2020,830622,432.2062261774911,65531.613658198316,0.00659538506760729,13.080645161290322,13.722580645161289,2021-03-01,2021-03,19.357713246588958
Massachusetts,2021-04-01,53393.0,287.0,339.0,30,30,4,38.45458355915479,False,transition,E2020,830622,345.5241975290806,64280.74382811917,0.005375236454216845,14.356666666666666,13.722580645161289,2021-04-01,2021-04,19.357713246588958
Massachusetts,2021-05-01,17972.0,151.0,245.0,31,31,5,38.45458355915479,False,warm,E2020,830622,181.79147674874974,21636.7974842949,0.008401958602270198,17.812903225806455,13.722580645161289,2021-05-01,2021-05,19.357713246588958
Massachusetts,2021-06-01,3021.0,77.0,108.0,30,30,6,38.45458355915479,False,warm,E2020,830622,92.70161397121674,3637.033452039556,0.025488248924197286,23.02,13.722580645161289,2021-06-01,2021-06,19.357713246588958
Massachusetts,2021-07-01,9814.0,136.0,105.0,31,31,7,38.45458355915479,False,warm,E2020,830622,163.73272078033088,11815.24207160417,0.013857754228652945,25.20967741935484,13.722580645161289,2021-07-01,2021-07,19.357713246588958
Massachusetts,2021-08-01,40089.0,296.0,169.0,31,31,8,38.45458355915479,False,warm,E2020,830622,356.35945111013194,48263.83120119621,0.007383571553293921,26.351612903225806,13.722580645161289,2021-08-01,2021-08,19.357713246588958
Massachusetts,2021-09-01,52082.0,404.0,362.0,30,30,9,38.45458355915479,False,warm,E2021,830622,486.38249408274766,62702.408556479364,0.007756998579163627,25.0,13.722580645161289,2021-09-01,2021-09,19.357713246588958
Massachusetts,2021-10-01,39971.0,346.0,355.0,31,31,10,38.45458355915479,False,transition,E2021,830622,416.55530433819473,48121.76898757798,0.008656275799954967,21.91290322580645,13.722580645161289,2021-10-01,2021-10,19.357713246588958
Massachusetts,2021-11-01,67175.0,622.0,385.0,30,30,11,38.45458355915479,False,cold,E2021,830622,748.8364141571016,80873.12881190241,0.00925939709713435,17.66,13.722580645161289,2021-11-01,2021-11,19.357713246588958
Massachusetts,2021-12-01,221517.0,1448.0,825.0,31,31,12,38.45458355915479,False,cold,E2021,830622,1743.2719094846993,266688.09639041586,0.006536744358220814,16.129032258064516,13.722580645161289,2021-12-01,2021-12,19.357713246588958
Massachusetts,2022-01-01,470980.0,1554.0,1690.0,31,31,1,38.45458355915479,False,cold,E2021,830622,1870.8871183281926,567020.8590670606,0.0032995031636162894,13.483870967741936,13.722580645161289,2022-01-01,2022-01,19.357713246588958
Massachusetts,2022-02-01,59698.0,668.0,1248.0,28,28,2,38.45458355915479,False,cold,E2021,830622,804.2165991269194,71871.44092017789,0.011189654594793796,14.025,13.722580645161289,2022-02-01,2022-02,19.357713246588958
Massachusetts,2022-03-01,27469.0,178.0,461.0,31,31,3,38.45458355915479,False,cold,E2021,830622,214.29723749190364,33070.39784643315,0.006480032036113437,13.87741935483871,13.722580645161289,2022-03-01,2022-03,19.357713246588958
Massachusetts,2022-04-01,58342.0,259.0,158.0,30,30,4,38.45458355915479,False,transition,E2021,830622,311.81451972136546,70238.92938063282,0.004439340440848788,15.953333333333335,13.722580645161289,2022-04-01,2022-04,19.357713246588958
Massachusetts,2022-05-01,113733.0,357.0,331.0,31,31,5,38.45458355915479,False,warm,E2021,830622,429.79839204836856,136925.09950374538,0.003138930653372372,20.251612903225805,13.722580645161289,2022-05-01,2022-05,19.357713246588958
Massachusetts,2022-06-01,53866.0,292.0,350.0,30,30,6,38.45458355915479,False,warm,E2021,830622,351.5437828518869,64850.19659965664,0.005420859169049122,21.996666666666666,13.722580645161289,2022-06-01,2022-06,19.357713246588958
Massachusetts,2022-07-01,42217.0,215.0,232.0,31,31,7,38.45458355915479,False,warm,E2021,830622,258.84216888067016,50825.76671458257,0.0050927351540848475,25.241935483870968,13.722580645161289,2022-07-01,2022-07,19.357713246588958
Massachusetts,2022-08-01,38331.0,246.0,214.0,31,31,8,38.45458355915479,False,warm,E2021,830622,296.1635978820691,46147.345001697526,0.006417781951944901,26.4,13.722580645161289,2022-08-01,2022-08,19.357713246588958
Massachusetts,2022-09-01,45692.0,335.0,316.0,30,30,9,38.45458355915479,False,warm,E2022,830622,403.3122166280209,55009.378513932934,0.007331699203361639,23.966666666666665,13.722580645161289,2022-09-01,2022-09,19.357713246588958
Massachusetts,2022-10-01,35696.0,380.0,317.0,31,31,10,38.45458355915479,False,transition,E2022,830622,457.4884845332775,42975.023536578614,0.010645450470640968,22.76774193548387,13.722580645161289,2022-10-01,2022-10,19.357713246588958
Massachusetts,2022-11-01,23081.0,380.0,374.0,30,30,11,38.45458355915479,False,cold,E2022,830622,457.4884845332775,27787.60976713836,0.01646375806940774,18.706666666666667,13.722580645161289,2022-11-01,2022-11,19.357713246588958
Massachusetts,2022-12-01,45167.0,722.0,543.0,31,31,12,38.45458355915479,False,cold,E2022,830622,869.2281206132272,54377.322055038276,0.01598512188101933,15.296774193548387,13.722580645161289,2022-12-01,2022-12,19.357713246588958
Michigan,2020-03-01,7951.0,2740.0,292.0,31,31,3,42.12277369271249,False,cold,E2019,33631,81472.45101245874,236418.7802919925,0.34461074078732234,4.361290322580645,30.293548387096777,2020-03-01,2020-03,11.27811760187946
Michigan,2020-04-01,35527.0,2620.0,3699.0,30,30,4,42.12277369271249,False,transition,E2019,33631,77904.31447176712,1056376.5573429277,0.07374672784079714,6.67,30.293548387096777,2020-04-01,2020-04,11.27811760187946
Michigan,2020-05-01,19233.0,724.0,1740.0,31,31,5,42.12277369271249,False,warm,E2019,33631,21527.757128839465,571883.08405935,0.03764363333853273,13.154838709677419,30.293548387096777,2020-05-01,2020-05,11.27811760187946
Michigan,2020-06-01,8017.0,292.0,462.0,30,30,6,42.12277369271249,False,warm,E2019,33631,8682.465582349618,238381.2553893729,0.03642260197081203,21.316666666666666,30.293548387096777,2020-06-01,2020-06,11.27811760187946
Michigan,2020-07-01,19846.0,252.0,257.0,31,31,7,42.12277369271249,False,warm,E2019,33631,7493.08673545241,590110.3148880497,0.012697772850952332,24.76451612903226,30.293548387096777,2020-07-01,2020-07,11.27811760187946
Michigan,2020-08-01,22451.0,347.0,303.0,31,31,8,42.12277369271249,False,warm,E2019,33631,10317.861496833279,667568.6122922304,0.015455881697919914,22.574193548387097,30.293548387096777,2020-08-01,2020-08,11.27811760187946
Michigan,2020-09-01,24989.0,437.0,330.0,30,30,9,42.12277369271249,False,warm,E2020,33631,12993.963902351996,743034.7001278582,0.01748769458561767,18.12,30.293548387096777,2020-09-01,2020-09,11.27811760187946
Michigan,2020-10-01,59392.0,1457.0,616.0,31,31,10,42.12277369271249,False,transition,E2020,33631,43323.1244982308,1765989.7118729744,0.02453192349137931,11.016129032258064,30.293548387096777,2020-10-01,2020-10,11.27811760187946
Michigan,2020-11-01,191536.0,3278.0,1865.0,30,30,11,42.12277369271249,False,cold,E2020,33631,97469.59650322619,5695221.670482591,0.01711427616740456,7.483333333333333,30.293548387096777,2020-11-01,2020-11,11.27811760187946
Michigan,2020-12-01,139679.0,2780.0,3454.0,31,31,12,42.12277369271249,False,cold,E2020,33631,82661.82985935594,4153281.1988938777,0.019902777081737412,0.4096774193548387,30.293548387096777,2020-12-01,2020-12,11.27811760187946
Michigan,2021-01-01,81517.0,1409.0,2507.0,31,31,1,42.12277369271249,False,cold,E2020,33631,41895.869881954146,2423864.8865629924,0.017284738152777947,-1.4,30.293548387096777,2021-01-01,2021-01,11.27811760187946
Michigan,2021-02-01,35412.0,564.0,983.0,28,28,2,42.12277369271249,False,cold,E2020,33631,16770.241741250633,1052957.0931580982,0.01592680447305998,-5.4750000000000005,30.293548387096777,2021-02-01,2021-02,11.27811760187946
Michigan,2021-03-01,100801.0,1224.0,611.0,31,31,3,42.12277369271249,False,cold,E2020,33631,36394.99271505456,2997264.4286521366,0.012142736679199611,5.132258064516129,30.293548387096777,2021-03-01,2021-03,11.27811760187946
Michigan,2021-04-01,190116.0,1921.0,1634.0,30,30,4,42.12277369271249,False,transition,E2020,33631,57119.91912223841,5652998.72141774,0.010104357339729428,9.229999999999999,30.293548387096777,2021-04-01,2021-04,11.27811760187946
Michigan,2021-05-01,55474.0,847.0,1623.0,31,31,5,42.12277369271249,False,warm,E2020,33631,25185.09708304838,1649490.0538193928,0.015268414031798681,14.83548387096774,30.293548387096777,2021-05-01,2021-05,11.27811760187946
Michigan,2021-06-01,8078.0,226.0,623.0,30,30,6,42.12277369271249,False,warm,E2020,33631,6719.990484969225,240195.05813089115,0.027977222084674423,22.496666666666666,30.293548387096777,2021-06-01,2021-06,11.27811760187946
Michigan,2021-07-01,11087.0,269.0,189.0,31,31,7,42.12277369271249,False,warm,E2020,33631,7998.5727453837235,329666.0818887336,0.024262649950392352,22.43548387096774,30.293548387096777,2021-07-01,2021-07,11.27811760187946
Michigan,2021-08-01,49237.0,641.0,359.0,31,31,8,42.12277369271249,False,warm,E2020,33631,19059.796021527756,1464036.1571169456,0.013018664825233056,24.06451612903226,30.293548387096777,2021-08-01,2021-08,11.27811760187946
Michigan,2021-09-01,89721.0,1139.0,808.0,30,30,9,42.12277369271249,False,warm,E2021,33631,33867.56266539799,2667806.4880616097,0.012694909775860724,19.490000000000002,30.293548387096777,2021-09-01,2021-09,11.27811760187946
Michigan,2021-10-01,125039.0,1668.0,1307.0,31,31,10,42.12277369271249,False,transition,E2021,33631,49597.09791561357,3717968.5409294995,0.013339837970553187,15.04516129032258,30.293548387096777,2021-10-01,2021-10,11.27811760187946
Michigan,2021-11-01,199950.0,3060.0,1737.0,30,30,11,42.12277369271249,False,cold,E2021,33631,90987.48178763641,5945407.510927418,0.015303825956489122,4.26,30.293548387096777,2021-11-01,2021-11,11.27811760187946
Michigan,2021-12-01,235272.0,3598.0,3621.0,31,31,12,42.12277369271249,False,cold,E2021,33631,106984.62727840386,6995688.501679998,0.015292937536128396,2.8225806451612905,30.293548387096777,2021-12-01,2021-12,11.27811760187946
Michigan,2022-01-01,548140.0,2499.0,3243.0,31,31,1,42.12277369271249,False,cold,E2021,33631,74306.44345990306,16298653.028455889,0.004559054256211917,-5.529032258064516,30.293548387096777,2022-01-01,2022-01,11.27811760187946
Michigan,2022-02-01,101934.0,1427.0,2242.0,28,28,2,42.12277369271249,False,cold,E2021,33631,42431.09036305789,3030953.5844905,0.01399925441952636,-3.9785714285714286,30.293548387096777,2022-02-01,2022-02,11.27811760187946
Michigan,2022-03-01,27122.0,510.0,1157.0,31,31,3,42.12277369271249,False,cold,E2021,33631,15164.580297939401,806458.3271386519,0.018803923014526953,3.2483870967741937,30.293548387096777,2022-03-01,2022-03,11.27811760187946
Michigan,2022-04-01,38425.0,283.0,340.0,30,30,4,42.12277369271249,False,transition,E2021,33631,8414.855341797745,1142547.0548006303,0.007364996746909564,7.09,30.293548387096777,2022-04-01,2022-04,11.27811760187946
Michigan,2022-05-01,101885.0,457.0,355.0,31,31,5,42.12277369271249,False,warm,E2021,33631,13588.6533258006,3029496.5954030505,0.004485449281052167,16.16774193548387,30.293548387096777,2022-05-01,2022-05,11.27811760187946
Michigan,2022-06-01,78600.0,616.0,561.0,30,30,6,42.12277369271249,False,warm,E2021,33631,18316.434242217,2337129.4341530134,0.007837150127226463,21.183333333333334,30.293548387096777,2022-06-01,2022-06,11.27811760187946
Michigan,2022-07-01,65881.0,483.0,510.0,31,31,7,42.12277369271249,False,warm,E2021,33631,14361.749576283786,1958936.695310874,0.007331400555547123,23.248387096774195,30.293548387096777,2022-07-01,2022-07,11.27811760187946
Michigan,2022-08-01,98047.0,690.0,610.0,31,31,8,42.12277369271249,False,warm,E2021,33631,20516.785108976837,2915375.6950432635,0.007037441227166563,22.48709677419355,30.293548387096777,2022-08-01,2022-08,11.27811760187946
Michigan,2022-09-01,65808.0,628.0,586.0,30,30,9,42.12277369271249,False,warm,E2022,33631,18673.247896286164,1956766.0789152866,0.009542912715779237,18.91,30.293548387096777,2022-09-01,2022-09,11.27811760187946
Michigan,2022-10-01,50009.0,605.0,626.0,31,31,10,42.12277369271249,False,transition,E2022,33631,17989.35505932027,1486991.1688620618,0.012097822391969446,11.538709677419355,30.293548387096777,2022-10-01,2022-10,11.27811760187946
Michigan,2022-11-01,52267.0,960.0,835.0,30,30,11,42.12277369271249,False,cold,E2022,33631,28545.09232553299,1554131.6047694092,0.018367229800830352,6.246666666666667,30.293548387096777,2022-11-01,2022-11,11.27811760187946
Michigan,2022-12-01,50211.0,528.0,682.0,31,31,12,42.12277369271249,False,cold,E2022,33631,15699.800779043144,1492997.5320388926,0.010515624066439624,0.03548387096774195,30.293548387096777,2022-12-01,2022-12,11.27811760187946
Minnesota,2020-03-01,629.0,159.0,12.0,31,31,3,45.198362871237634,False,cold,E2019,9709,16376.55783293851,64785.25079822845,0.2527821939586645,1.6903225806451612,37.483870967741936,2020-03-01,2020-03,8.465533794162825
Minnesota,2020-04-01,4507.0,658.0,331.0,30,30,4,45.198362871237634,False,transition,E2019,9709,67772.17015140591,464208.46637140797,0.14599511870423784,5.42,37.483870967741936,2020-04-01,2020-04,8.465533794162825
Minnesota,2020-05-01,19714.0,594.0,707.0,31,31,5,45.198362871237634,False,warm,E2019,9709,61180.348130600476,2030487.176846225,0.030130871461905247,13.33548387096774,37.483870967741936,2020-05-01,2020-05,8.465533794162825
Minnesota,2020-06-01,11453.0,176.0,426.0,30,30,6,45.198362871237634,False,warm,E2019,9709,18127.510557214955,1179627.1500669483,0.015367152711080067,22.123333333333335,37.483870967741936,2020-06-01,2020-06,8.465533794162825
Minnesota,2020-07-01,18160.0,211.0,164.0,31,31,7,45.198362871237634,False,warm,E2019,9709,21732.41322484293,1870429.4984035431,0.011618942731277533,23.95483870967742,37.483870967741936,2020-07-01,2020-07,8.465533794162825
Minnesota,2020-08-01,21401.0,222.0,226.0,31,31,8,45.198362871237634,False,warm,E2019,9709,22865.382634668866,2204243.4854258937,0.01037334703985795,22.02258064516129,37.483870967741936,2020-08-01,2020-08,8.465533794162825
Minnesota,2020-09-01,23270.0,313.0,223.0,30,30,9,45.198362871237634,False,warm,E2020,9709,32238.1295705016,2396745.287877227,0.013450795015040824,15.523333333333333,37.483870967741936,2020-09-01,2020-09,8.465533794162825
Minnesota,2020-10-01,49338.0,923.0,422.0,31,31,10,45.198362871237634,False,transition,E2020,9709,95066.43320630342,5081676.794726542,0.018707689813125785,5.819354838709677,37.483870967741936,2020-10-01,2020-10,8.465533794162825
Minnesota,2020-11-01,170291.0,1674.0,1141.0,30,30,11,45.198362871237634,False,cold,E2020,9709,172417.34473169225,17539499.433515295,0.009830231779718247,2.8233333333333333,37.483870967741936,2020-11-01,2020-11,8.465533794162825
Minnesota,2020-12-01,96539.0,1148.0,1730.0,31,31,12,45.198362871237634,False,cold,E2020,9709,118240.80749819755,9943248.532289628,0.011891567138669346,-4.638709677419355,37.483870967741936,2020-12-01,2020-12,8.465533794162825
Minnesota,2021-01-01,46505.0,421.0,886.0,31,31,1,45.198362871237634,False,cold,E2020,9709,43361.829230610776,4789885.673086827,0.009052790022578217,-6.925806451612904,37.483870967741936,2021-01-01,2021-01,8.465533794162825
Minnesota,2021-02-01,22787.0,350.0,283.0,28,28,2,45.198362871237634,False,cold,E2020,9709,36049.02667627974,2346997.6310639614,0.015359634879536578,-12.835714285714285,37.483870967741936,2021-02-01,2021-02,8.465533794162825
Minnesota,2021-03-01,34935.0,272.0,375.0,31,31,3,45.198362871237634,False,cold,E2020,9709,28015.243588423113,3598207.8483880935,0.007785888077858881,3.07741935483871,37.483870967741936,2021-03-01,2021-03,8.465533794162825
Minnesota,2021-04-01,56283.0,325.0,311.0,30,30,4,45.198362871237634,False,transition,E2020,9709,33474.096199402615,5796992.4812030075,0.005774390135564913,7.0633333333333335,37.483870967741936,2021-04-01,2021-04,8.465533794162825
Minnesota,2021-05-01,25572.0,195.0,282.0,31,31,5,45.198362871237634,False,warm,E2020,9709,20084.45771964157,2633844.886188073,0.007625527921163773,14.270967741935483,37.483870967741936,2021-05-01,2021-05,8.465533794162825
Minnesota,2021-06-01,3981.0,95.0,168.0,30,30,6,45.198362871237634,False,warm,E2020,9709,9784.735812133073,410031.9291379133,0.023863350916855063,24.046666666666667,37.483870967741936,2021-06-01,2021-06,8.465533794162825
Minnesota,2021-07-01,7336.0,116.0,74.0,31,31,7,45.198362871237634,False,warm,E2020,9709,11947.677412709856,755587.5991348233,0.015812431842966195,24.09032258064516,37.483870967741936,2021-07-01,2021-07,8.465533794162825
Minnesota,2021-08-01,37263.0,251.0,143.0,31,31,8,45.198362871237634,False,warm,E2020,9709,25852.301987846327,3837985.3743948913,0.006735904248181842,22.9,37.483870967741936,2021-08-01,2021-08,8.465533794162825
Minnesota,2021-09-01,61130.0,535.0,352.0,30,30,9,45.198362871237634,False,warm,E2021,9709,55103.51220517046,6296220.002059944,0.008751840340258466,18.14333333333333,37.483870967741936,2021-09-01,2021-09,8.465533794162825
Minnesota,2021-10-01,76456.0,640.0,537.0,31,31,10,45.198362871237634,False,transition,E2021,9709,65918.22020805438,7874755.381604697,0.008370827665585435,12.070967741935483,37.483870967741936,2021-10-01,2021-10,8.465533794162825
Minnesota,2021-11-01,124820.0,1042.0,713.0,30,30,11,45.198362871237634,False,cold,E2021,9709,107323.10227623854,12856112.884952106,0.008348021150456658,1.72,37.483870967741936,2021-11-01,2021-11,8.465533794162825
Minnesota,2021-12-01,109842.0,970.0,1150.0,31,31,12,45.198362871237634,False,cold,E2021,9709,99907.30250283242,11313420.537645483,0.008830866153201871,-5.306451612903226,37.483870967741936,2021-12-01,2021-12,8.465533794162825
Minnesota,2022-01-01,299541.0,840.0,905.0,31,31,1,45.198362871237634,False,cold,E2021,9709,86517.66402307138,30851889.998970028,0.0028042905645637825,-13.393548387096773,37.483870967741936,2022-01-01,2022-01,8.465533794162825
Minnesota,2022-02-01,91823.0,407.0,728.0,28,28,2,45.198362871237634,False,cold,E2021,9709,41919.868163559586,9457513.647131527,0.00443244067390523,-11.367857142857144,37.483870967741936,2022-02-01,2022-02,8.465533794162825
Minnesota,2022-03-01,15974.0,204.0,349.0,31,31,3,45.198362871237634,False,cold,E2021,9709,21011.432691317335,1645277.5775054074,0.012770752472768248,-1.6548387096774195,37.483870967741936,2022-03-01,2022-03,8.465533794162825
Minnesota,2022-04-01,22997.0,145.0,140.0,30,30,4,45.198362871237634,False,transition,E2021,9709,14934.596765887321,2368627.0470697293,0.006305170239596469,4.086666666666667,37.483870967741936,2022-04-01,2022-04,8.465533794162825
Minnesota,2022-05-01,54621.0,178.0,165.0,31,31,5,45.198362871237634,False,warm,E2021,9709,18333.504995365125,5625811.103100216,0.0032588198678164077,14.435483870967742,37.483870967741936,2022-05-01,2022-05,8.465533794162825
Minnesota,2022-06-01,45672.0,177.0,184.0,30,30,6,45.198362871237634,False,warm,E2021,9709,18230.50777629004,4704088.9895972805,0.003875459800315292,21.0,37.483870967741936,2022-06-01,2022-06,8.465533794162825
Minnesota,2022-07-01,37724.0,151.0,166.0,31,31,7,45.198362871237634,False,warm,E2021,9709,15552.580080337832,3885467.0923885056,0.004002756865655816,23.151612903225807,37.483870967741936,2022-07-01,2022-07,8.465533794162825
Minnesota,2022-08-01,40255.0,165.0,136.0,31,31,8,45.198362871237634,False,warm,E2021,9709,16994.54114738902,4146153.0538675454,0.00409886970562663,21.458064516129035,37.483870967741936,2022-08-01,2022-08,8.465533794162825
Minnesota,2022-09-01,33978.0,228.0,222.0,30,30,9,45.198362871237634,False,warm,E2022,9709,23483.365949119372,3499639.5097332373,0.006710224262758255,17.759999999999998,37.483870967741936,2022-09-01,2022-09,8.465533794162825
Minnesota,2022-10-01,21251.0,196.0,174.0,31,31,10,45.198362871237634,False,transition,E2022,9709,20187.454938716655,2188793.902564631,0.009223095383746648,9.858064516129033,37.483870967741936,2022-10-01,2022-10,8.465533794162825
Minnesota,2022-11-01,21920.0,238.0,214.0,30,30,11,45.198362871237634,False,cold,E2022,9709,24513.338139870222,2257699.0421258626,0.010857664233576642,1.1733333333333333,37.483870967741936,2022-11-01,2022-11,8.465533794162825
Minnesota,2022-12-01,28925.0,256.0,281.0,31,31,12,45.198362871237634,False,cold,E2022,9709,26367.288083221752,2979194.561746833,0.0088504753673293,-9.067741935483872,37.483870967741936,2022-12-01,2022-12,8.465533794162825
Mississippi,2020-03-01,937.0,182.0,20.0,31,31,3,32.63286564690713,False,cold,E2019,29690,6130.01010441226,31559.44762546312,0.19423692636072573,17.70967741935484,21.005591397849464,2020-03-01,2020-03,18.666657630794255
Mississippi,2020-04-01,5878.0,397.0,241.0,30,30,4,32.63286564690713,False,transition,E2019,29690,13371.505557426743,197979.11754799596,0.06753997958489281,17.196666666666665,21.005591397849464,2020-04-01,2020-04,18.666657630794255
Mississippi,2020-05-01,8708.0,358.0,473.0,31,31,5,32.63286564690713,False,warm,E2019,29690,12057.931963624116,293297.4065341866,0.041111621497473584,21.08709677419355,21.005591397849464,2020-05-01,2020-05,18.666657630794255
Mississippi,2020-06-01,11724.0,451.0,339.0,30,30,6,32.63286564690713,False,warm,E2019,29690,15190.29976423038,394880.43112158973,0.03846809962470147,25.613333333333333,21.005591397849464,2020-06-01,2020-06,18.666657630794255
Mississippi,2020-07-01,31500.0,825.0,590.0,31,31,7,32.63286564690713,False,warm,E2019,29690,27787.133715055574,1060963.287302122,0.02619047619047619,27.351612903225806,21.005591397849464,2020-07-01,2020-07,18.666657630794255
Mississippi,2020-08-01,24203.0,596.0,810.0,31,31,8,32.63286564690713,False,warm,E2019,29690,20074.09902324015,815190.2997642304,0.024625046481841092,26.648387096774194,21.005591397849464,2020-08-01,2020-08,18.666657630794255
Mississippi,2020-09-01,15240.0,413.0,496.0,30,30,9,32.63286564690713,False,warm,E2020,29690,13910.40754462782,513304.1428090266,0.0270997375328084,24.546666666666667,21.005591397849464,2020-09-01,2020-09,18.666657630794255
Mississippi,2020-10-01,21970.0,434.0,365.0,31,31,10,32.63286564690713,False,transition,E2020,29690,14617.716402829235,739979.79117548,0.019754210286754666,19.183870967741935,21.005591397849464,2020-10-01,2020-10,18.666657630794255
Mississippi,2020-11-01,33110.0,754.0,473.0,30,30,11,32.63286564690713,False,cold,E2020,29690,25395.756146850792,1115190.2997642304,0.022772576260948352,14.8,21.005591397849464,2020-11-01,2020-11,18.666657630794255
Mississippi,2020-12-01,62541.0,1257.0,980.0,31,31,12,32.63286564690713,False,cold,E2020,29690,42337.487369484676,2106466.823846413,0.02009881517724373,8.438709677419356,21.005591397849464,2020-12-01,2020-12,18.666657630794255
Mississippi,2021-01-01,59190.0,885.0,1258.0,31,31,1,32.63286564690713,False,cold,E2020,29690,29808.016167059617,1993600.5389019873,0.014951849974657882,8.219354838709679,21.005591397849464,2021-01-01,2021-01,18.666657630794255
Mississippi,2021-02-01,19794.0,403.0,636.0,28,28,2,32.63286564690713,False,cold,E2020,29690,13573.593802627147,666689.1209161334,0.020359704961099324,7.0321428571428575,21.005591397849464,2021-02-01,2021-02,18.666657630794255
Mississippi,2021-03-01,10351.0,207.0,351.0,31,31,3,32.63286564690713,False,cold,E2020,29690,6972.044459413944,348635.90434489725,0.019998067819534344,14.925806451612903,21.005591397849464,2021-03-01,2021-03,18.666657630794255
Mississippi,2021-04-01,6754.0,116.0,167.0,30,30,4,32.63286564690713,False,transition,E2020,29690,3907.0394072078143,227484.00134725496,0.017175007403020432,16.37666666666667,21.005591397849464,2021-04-01,2021-04,18.666657630794255
Mississippi,2021-05-01,5813.0,99.0,117.0,31,31,5,32.63286564690713,False,warm,E2020,29690,3334.456045806669,195789.8282249916,0.01703079305006021,21.06451612903226,21.005591397849464,2021-05-01,2021-05,18.666657630794255
Mississippi,2021-06-01,4051.0,107.0,96.0,30,30,6,32.63286564690713,False,warm,E2020,29690,3603.907039407208,136443.2468844729,0.026413231300913356,25.016666666666666,21.005591397849464,2021-06-01,2021-06,18.666657630794255
Mississippi,2021-07-01,21741.0,506.0,131.0,31,31,7,32.63286564690713,False,warm,E2020,29690,17042.775345234084,732266.7564836645,0.023273998436134494,26.187096774193545,21.005591397849464,2021-07-01,2021-07,18.666657630794255
Mississippi,2021-08-01,93217.0,1340.0,866.0,31,31,8,32.63286564690713,False,warm,E2020,29690,45133.04142809027,3139676.6588076795,0.01437506034307047,26.16774193548387,21.005591397849464,2021-08-01,2021-08,18.666657630794255
Mississippi,2021-09-01,51672.0,646.0,1191.0,30,30,9,32.63286564690713,False,warm,E2021,29690,21758.167733243517,1740383.9676658807,0.012501935284099706,23.233333333333334,21.005591397849464,2021-09-01,2021-09,18.666657630794255
Mississippi,2021-10-01,15924.0,252.0,475.0,31,31,10,32.63286564690713,False,transition,E2021,29690,8487.706298416975,536342.2027618727,0.015825169555388093,20.112903225806452,21.005591397849464,2021-10-01,2021-10,18.666657630794255
Mississippi,2021-11-01,9853.0,158.0,210.0,30,30,11,32.63286564690713,False,cold,E2021,29690,5321.657123610643,331862.5799932637,0.01603572515984979,11.823333333333332,21.005591397849464,2021-11-01,2021-11,18.666657630794255
Mississippi,2021-12-01,29566.0,334.0,165.0,31,31,12,32.63286564690713,False,cold,E2021,29690,11249.578982822499,995823.5095991916,0.011296759791652573,14.812903225806451,21.005591397849464,2021-12-01,2021-12,18.666657630794255
Mississippi,2022-01-01,183681.0,1115.0,485.0,31,31,1,32.63286564690713,False,cold,E2021,29690,37554.73223307511,6186628.494442573,0.006070306672981964,6.567741935483871,21.005591397849464,2022-01-01,2022-01,18.666657630794255
Mississippi,2022-02-01,62522.0,500.0,1104.0,28,28,2,32.63286564690713,False,cold,E2021,29690,16840.68710003368,2105826.8777366118,0.00799718499088321,9.453571428571427,21.005591397849464,2022-02-01,2022-02,18.666657630794255
Mississippi,2022-03-01,4618.0,96.0,358.0,31,31,3,32.63286564690713,False,cold,E2021,29690,3233.411923206467,155540.5860559111,0.02078822000866176,13.387096774193548,21.005591397849464,2022-03-01,2022-03,18.666657630794255
Mississippi,2022-04-01,3017.0,33.0,47.0,30,30,4,32.63286564690713,False,transition,E2021,29690,1111.485348602223,101616.70596160323,0.010938017898574744,17.69,21.005591397849464,2022-04-01,2022-04,18.666657630794255
Mississippi,2022-05-01,10763.0,30.0,23.0,31,31,5,32.63286564690713,False,warm,E2021,29690,1010.4412260020209,362512.630515325,0.00278732695345164,23.835483870967742,21.005591397849464,2022-05-01,2022-05,18.666657630794255
Mississippi,2022-06-01,26782.0,94.0,58.0,30,30,6,32.63286564690713,False,warm,E2021,29690,3166.0491748063323,902054.5638262042,0.0035098200283772683,27.573333333333334,21.005591397849464,2022-06-01,2022-06,18.666657630794255
Mississippi,2022-07-01,40012.0,169.0,123.0,31,31,7,32.63286564690713,False,warm,E2021,29690,5692.152239811384,1347659.1444930953,0.004223732880135959,27.48709677419355,21.005591397849464,2022-07-01,2022-07,18.666657630794255
Mississippi,2022-08-01,37917.0,121.0,146.0,31,31,8,32.63286564690713,False,warm,E2021,29690,4075.446278208151,1277096.6655439541,0.003191180736872643,25.70967741935484,21.005591397849464,2022-08-01,2022-08,18.666657630794255
Mississippi,2022-09-01,14416.0,86.0,118.0,30,30,9,32.63286564690713,False,warm,E2022,29690,2896.598181205793,485550.6904681711,0.005965593784683685,23.83,21.005591397849464,2022-09-01,2022-09,18.666657630794255
Mississippi,2022-10-01,5600.0,52.0,56.0,31,31,10,32.63286564690713,False,transition,E2022,29690,1751.4314584035028,188615.69552037722,0.009285714285714286,17.87741935483871,21.005591397849464,2022-10-01,2022-10,18.666657630794255
Mississippi,2022-11-01,6958.0,66.0,68.0,30,30,11,32.63286564690713,False,cold,E2022,29690,2222.970697204446,234355.0016840687,0.009485484334578902,13.2,21.005591397849464,2022-11-01,2022-11,18.666657630794255
Mississippi,2022-12-01,15122.0,68.0,61.0,31,31,12,32.63286564690713,False,cold,E2022,29690,2290.3334456045804,509329.74065341864,0.004496759687871975,10.506451612903225,21.005591397849464,2022-12-01,2022-12,18.666657630794255
Missouri,2020-03-01,1674.0,278.0,19.0,31,31,3,38.442382193754945,False,cold,E2019,18289,15200.393679260758,91530.42812619607,0.16606929510155316,9.803225806451612,30.75311059907834,2020-03-01,2020-03,14.34030066865456
Missouri,2020-04-01,6417.0,473.0,425.0,30,30,4,38.442382193754945,False,transition,E2019,18289,25862.54032478539,350866.64115041826,0.07371045659965716,11.85,30.75311059907834,2020-04-01,2020-04,14.34030066865456
Missouri,2020-05-01,5469.0,231.0,378.0,31,31,5,38.442382193754945,False,warm,E2019,18289,12630.542949313794,299032.205150637,0.042238069116840374,16.822580645161292,30.75311059907834,2020-05-01,2020-05,14.34030066865456
Missouri,2020-06-01,8654.0,176.0,207.0,30,30,6,38.442382193754945,False,warm,E2019,18289,9623.270818524796,473180.60036087263,0.020337416223711578,24.236666666666668,30.75311059907834,2020-06-01,2020-06,14.34030066865456
Missouri,2020-07-01,29366.0,305.0,249.0,31,31,7,38.442382193754945,False,warm,E2019,18289,16676.69090710263,1605664.6071409043,0.010386160866307975,26.46451612903226,30.75311059907834,2020-07-01,2020-07,14.34030066865456
Missouri,2020-08-01,35596.0,401.0,292.0,31,31,8,38.442382193754945,False,warm,E2019,18289,21925.747717207065,1946306.52304664,0.011265310709068435,24.01290322580645,30.75311059907834,2020-08-01,2020-08,14.34030066865456
Missouri,2020-09-01,43309.0,803.0,528.0,30,30,9,38.442382193754945,False,warm,E2020,18289,43906.17310951938,2368035.431133468,0.018541180816920272,20.78666666666667,30.75311059907834,2020-09-01,2020-09,14.34030066865456
Missouri,2020-10-01,62667.0,927.0,957.0,31,31,10,38.442382193754945,False,transition,E2020,18289,50686.204822570944,3426485.8658209853,0.014792474508114318,12.864516129032259,30.75311059907834,2020-10-01,2020-10,14.34030066865456
Missouri,2020-11-01,128806.0,1520.0,835.0,30,30,11,38.442382193754945,False,cold,E2020,18289,83110.06615998688,7042812.619607414,0.011800692514323866,10.319999999999999,30.75311059907834,2020-11-01,2020-11,14.34030066865456
Missouri,2020-12-01,118798.0,1661.0,1834.0,31,31,12,38.442382193754945,False,cold,E2020,18289,90819.61834982777,6495598.447154027,0.013981716863920269,3.0290322580645164,30.75311059907834,2020-12-01,2020-12,14.34030066865456
Missouri,2021-01-01,91991.0,1281.0,1347.0,31,31,1,38.442382193754945,False,cold,E2020,18289,70042.10180983105,5029854.010607469,0.013925275298670521,1.3096774193548388,30.75311059907834,2021-01-01,2021-01,14.34030066865456
Missouri,2021-02-01,30173.0,659.0,1210.0,28,28,2,38.442382193754945,False,cold,E2020,18289,36032.58789436273,1649789.4909508447,0.021840718523182978,-3.5821428571428577,30.75311059907834,2021-02-01,2021-02,14.34030066865456
Missouri,2021-03-01,18760.0,338.0,572.0,31,31,3,38.442382193754945,False,cold,E2020,18289,18481.054185576028,1025753.1849745748,0.018017057569296377,9.616129032258065,30.75311059907834,2021-03-01,2021-03,14.34030066865456
Missouri,2021-04-01,9957.0,361.0,285.0,30,30,4,38.442382193754945,False,transition,E2020,18289,19738.640712996883,544425.6110230193,0.03625590037159787,12.266666666666667,30.75311059907834,2021-04-01,2021-04,14.34030066865456
Missouri,2021-05-01,14852.0,232.0,360.0,31,31,5,38.442382193754945,False,warm,E2020,18289,12685.22062441905,812072.8306632402,0.015620791812550498,16.758064516129032,30.75311059907834,2021-05-01,2021-05,14.34030066865456
Missouri,2021-06-01,19307.0,297.0,228.0,30,30,6,38.442382193754945,False,warm,E2020,18289,16239.269506260594,1055661.873257149,0.015383021701973377,24.48,30.75311059907834,2021-06-01,2021-06,14.34030066865456
Missouri,2021-07-01,60751.0,712.0,373.0,31,31,7,38.442382193754945,False,warm,E2020,18289,38930.50467494122,3321723.4403193174,0.011719971687708844,25.212903225806453,30.75311059907834,2021-07-01,2021-07,14.34030066865456
Missouri,2021-08-01,77252.0,1089.0,949.0,31,31,8,38.442382193754945,False,warm,E2020,18289,59543.98818962218,4223959.757231123,0.014096722414953659,25.66774193548387,30.75311059907834,2021-08-01,2021-08,14.34030066865456
Missouri,2021-09-01,61809.0,691.0,928.0,30,30,9,38.442382193754945,False,warm,E2021,18289,37782.27349773088,3379572.4205806768,0.011179601676131308,22.923333333333336,30.75311059907834,2021-09-01,2021-09,14.34030066865456
Missouri,2021-10-01,34685.0,495.0,578.0,31,31,10,38.442382193754945,False,transition,E2021,18289,27065.44917710099,1896495.1610257532,0.014271298832348277,16.438709677419357,30.75311059907834,2021-10-01,2021-10,14.34030066865456
Missouri,2021-11-01,51110.0,3045.0,532.0,30,30,11,38.442382193754945,False,cold,E2021,18289,166493.52069550002,2794575.9746295586,0.059577382117002545,8.233333333333333,30.75311059907834,2021-11-01,2021-11,14.34030066865456
Missouri,2021-12-01,102055.0,1263.0,3141.0,31,31,12,38.442382193754945,False,cold,E2021,18289,69057.90365793646,5580130.1328667505,0.01237567978051051,7.925806451612903,30.75311059907834,2021-12-01,2021-12,14.34030066865456
Missouri,2022-01-01,321091.0,1359.0,1188.0,31,31,1,38.442382193754945,False,cold,E2021,18289,74306.9604680409,17556509.37722128,0.004232445007801526,-1.1806451612903226,30.75311059907834,2022-01-01,2022-01,14.34030066865456
Missouri,2022-02-01,67389.0,1255.0,1650.0,28,28,2,38.442382193754945,False,cold,E2021,18289,68620.48225709442,3684673.8476679972,0.018623217439047917,1.05,30.75311059907834,2022-02-01,2022-02,14.34030066865456
Missouri,2022-03-01,14661.0,510.0,1101.0,31,31,3,38.442382193754945,False,cold,E2021,18289,27885.614303679806,801629.3947181366,0.034786167382852465,7.916129032258064,30.75311059907834,2022-03-01,2022-03,14.34030066865456
Missouri,2022-04-01,14698.0,271.0,199.0,30,30,4,38.442382193754945,False,transition,E2021,18289,14817.649953523976,803652.468697031,0.01843788270512995,12.066666666666666,30.75311059907834,2022-04-01,2022-04,14.34030066865456
Missouri,2022-05-01,30315.0,194.0,405.0,31,31,5,38.442382193754945,False,warm,E2021,18289,10607.468970419377,1657553.7208157908,0.006399472208477652,19.116129032258065,30.75311059907834,2022-05-01,2022-05,14.34030066865456
Missouri,2022-06-01,44902.0,191.0,135.0,30,30,6,38.442382193754945,False,warm,E2021,18289,10443.435945103614,2455136.9675761387,0.0042537080753641265,24.46333333333333,30.75311059907834,2022-06-01,2022-06,14.34030066865456
Missouri,2022-07-01,67296.0,324.0,228.0,31,31,7,38.442382193754945,False,warm,E2021,18289,17715.566734102467,3679588.8238832084,0.004814550641940085,27.17096774193548,30.75311059907834,2022-07-01,2022-07,14.34030066865456
Missouri,2022-08-01,44353.0,259.0,311.0,31,31,8,38.442382193754945,False,warm,E2021,18289,14161.517852260922,2425118.923943354,0.005839514801704507,25.164516129032258,30.75311059907834,2022-08-01,2022-08,14.34030066865456
Missouri,2022-09-01,40200.0,252.0,256.0,30,30,9,38.442382193754945,False,warm,E2022,18289,13778.77412652414,2198042.539231232,0.00626865671641791,21.303333333333335,30.75311059907834,2022-09-01,2022-09,14.34030066865456
Missouri,2022-10-01,15934.0,103.0,159.0,31,31,10,38.442382193754945,False,transition,E2022,18289,5631.800535841216,871234.0751271256,0.006464164679302121,14.138709677419355,30.75311059907834,2022-10-01,2022-10,14.34030066865456
Missouri,2022-11-01,26518.0,249.0,178.0,30,30,11,38.442382193754945,False,cold,E2022,18289,13614.741101208376,1449942.5884411396,0.009389848404857078,7.343333333333334,30.75311059907834,2022-11-01,2022-11,14.34030066865456
Missouri,2022-12-01,31909.0,285.0,209.0,31,31,12,38.442382193754945,False,cold,E2022,18289,15583.13740499754,1744709.9349335667,0.008931649377918455,1.5774193548387097,30.75311059907834,2022-12-01,2022-12,14.34030066865456
Montana,2020-07-01,2998.0,49.0,38.0,31,31,7,46.80225530131097,False,warm,E2019,161300,303.7817730936144,18586.484810911345,0.016344229486324215,15.03225806451613,33.3139400921659,2020-07-01,2020-07,3.905947516641065
Montana,2020-08-01,3456.0,71.0,44.0,31,31,8,46.80225530131097,False,warm,E2019,161300,440.17358958462495,21425.91444513329,0.020543981481481483,16.990322580645163,33.3139400921659,2020-08-01,2020-08,3.905947516641065
Montana,2020-09-01,5650.0,115.0,76.0,30,30,9,46.80225530131097,False,warm,E2020,161300,712.957222566646,35027.89832610043,0.020353982300884955,11.473333333333333,33.3139400921659,2020-09-01,2020-09,3.905947516641065
Montana,2020-10-01,19730.0,325.0,195.0,31,31,10,46.80225530131097,False,transition,E2020,161300,2014.8791072535648,122318.66088034718,0.016472377090724785,1.8225806451612903,33.3139400921659,2020-10-01,2020-10,3.905947516641065
Montana,2020-11-01,29397.0,281.0,306.0,30,30,11,46.80225530131097,False,cold,E2020,161300,1742.0954742715437,182250.46497210168,0.009558798516855462,-2.57,33.3139400921659,2020-11-01,2020-11,3.905947516641065
Montana,2020-12-01,19357.0,219.0,280.0,31,31,12,46.80225530131097,False,cold,E2020,161300,1357.7185368877867,120006.19962802232,0.011313736632742677,-4.461290322580646,33.3139400921659,2020-12-01,2020-12,3.905947516641065
Montana,2021-01-01,12394.0,241.0,272.0,31,31,1,46.80225530131097,False,cold,E2020,161300,1494.1103533787973,76838.18970861749,0.019444892690011296,-5.699999999999999,33.3139400921659,2021-01-01,2021-01,3.905947516641065
Montana,2021-02-01,6005.0,73.0,124.0,28,28,2,46.80225530131097,False,cold,E2020,161300,452.57284562926225,37228.76627402356,0.01215653621981682,-13.110714285714286,33.3139400921659,2021-02-01,2021-02,3.905947516641065
Montana,2021-03-01,4598.0,143.0,80.0,31,31,3,46.80225530131097,False,cold,E2020,161300,886.5468071915685,28505.889646621203,0.03110047846889952,-2.106451612903226,33.3139400921659,2021-03-01,2021-03,3.905947516641065
Montana,2021-04-01,4265.0,46.0,134.0,30,30,4,46.80225530131097,False,transition,E2020,161300,285.1828890266584,26441.413515189088,0.01078546307151231,0.5833333333333334,33.3139400921659,2021-04-01,2021-04,3.905947516641065
Montana,2021-05-01,3012.0,49.0,42.0,31,31,5,46.80225530131097,False,warm,E2020,161300,303.7817730936144,18673.279603223807,0.016268260292164674,5.541935483870968,33.3139400921659,2021-05-01,2021-05,3.905947516641065
Montana,2021-06-01,1926.0,42.0,52.0,30,30,6,46.80225530131097,False,warm,E2020,161300,260.38437693738376,11940.483570985742,0.021806853582554516,15.419999999999998,33.3139400921659,2021-06-01,2021-06,3.905947516641065
Montana,2021-07-01,2611.0,61.0,39.0,31,31,7,46.80225530131097,False,warm,E2020,161300,378.1773093614383,16187.228766274024,0.023362696284948296,20.203225806451613,33.3139400921659,2021-07-01,2021-07,3.905947516641065
Montana,2021-08-01,10861.0,146.0,96.0,31,31,8,46.80225530131097,False,warm,E2020,161300,905.1456912585245,67334.15995040297,0.013442592763097321,15.3,33.3139400921659,2021-08-01,2021-08,3.905947516641065
Montana,2021-09-01,23806.0,338.0,209.0,30,30,9,46.80225530131097,False,warm,E2021,161300,2095.4742715437073,147588.34469931806,0.014198101318995212,11.770000000000001,33.3139400921659,2021-09-01,2021-09,3.905947516641065
Montana,2021-10-01,24814.0,308.0,337.0,31,31,10,46.80225530131097,False,transition,E2021,161300,1909.4854308741476,153837.56974581524,0.012412347868138954,5.019354838709678,33.3139400921659,2021-10-01,2021-10,3.905947516641065
Montana,2021-11-01,15165.0,342.0,325.0,30,30,11,46.80225530131097,False,cold,E2021,161300,2120.272783632982,94017.35895846249,0.022551928783382788,0.06333333333333331,33.3139400921659,2021-11-01,2021-11,3.905947516641065
Montana,2021-12-01,6712.0,87.0,235.0,31,31,12,46.80225530131097,False,cold,E2021,161300,539.3676379417235,41611.90328580285,0.01296185935637664,-6.603225806451612,33.3139400921659,2021-12-01,2021-12,3.905947516641065
Montana,2022-01-01,44456.0,129.0,94.0,31,31,1,46.80225530131097,False,cold,E2021,161300,799.7520148791073,275610.6633601984,0.002901745546157999,-6.706451612903226,33.3139400921659,2022-01-01,2022-01,3.905947516641065
Montana,2022-02-01,24399.0,131.0,187.0,28,28,2,46.80225530131097,False,cold,E2021,161300,812.1512709237446,151264.724116553,0.0053690725029714335,-7.6499999999999995,33.3139400921659,2022-02-01,2022-02,3.905947516641065
Montana,2022-03-01,5976.0,26.0,60.0,31,31,3,46.80225530131097,False,cold,E2021,161300,161.19032858028518,37048.97706137632,0.004350736278447122,-2.1451612903225805,33.3139400921659,2022-03-01,2022-03,3.905947516641065
Montana,2022-04-01,1427.0,123.0,113.0,30,30,4,46.80225530131097,False,transition,E2021,161300,762.5542467451953,8846.86918784873,0.0861948142957253,-1.8433333333333333,33.3139400921659,2022-04-01,2022-04,3.905947516641065
Montana,2022-05-01,3515.0,55.0,40.0,31,31,5,46.80225530131097,False,warm,E2021,161300,340.97954122752634,21791.692498450095,0.015647226173541962,5.461290322580646,33.3139400921659,2022-05-01,2022-05,3.905947516641065
Montana,2022-06-01,7520.0,15.0,44.0,30,30,6,46.80225530131097,False,warm,E2021,161300,92.99442033477992,46621.20272783633,0.0019946808510638296,11.373333333333333,33.3139400921659,2022-06-01,2022-06,3.905947516641065
Montana,2022-07-01,11582.0,35.0,29.0,31,31,7,46.80225530131097,False,warm,E2021,161300,216.98698078115314,71804.09175449473,0.003021930581937489,17.80322580645161,33.3139400921659,2022-07-01,2022-07,3.905947516641065
Montana,2022-08-01,7570.0,22.0,29.0,31,31,8,46.80225530131097,False,warm,E2021,161300,136.39181649101053,46931.18412895226,0.002906208718626156,18.787096774193547,33.3139400921659,2022-08-01,2022-08,3.905947516641065
Montana,2022-09-01,6562.0,57.0,18.0,30,30,9,46.80225530131097,False,warm,E2022,161300,353.3787972721637,40681.959082455054,0.008686376104846084,13.236666666666668,33.3139400921659,2022-09-01,2022-09,3.905947516641065
Montana,2022-10-01,3833.0,18.0,54.0,31,31,10,46.80225530131097,False,transition,E2022,161300,111.59330440173589,23763.174209547426,0.004696060527002348,4.903225806451613,33.3139400921659,2022-10-01,2022-10,3.905947516641065
Montana,2022-11-01,3541.0,27.0,23.0,30,30,11,46.80225530131097,False,cold,E2022,161300,167.38995660260383,21952.88282703038,0.0076249646992375035,-9.293333333333333,33.3139400921659,2022-11-01,2022-11,3.905947516641065
Montana,2022-12-01,4950.0,19.0,24.0,31,31,12,46.80225530131097,False,cold,E2022,161300,117.79293242405456,30688.15871047737,0.0038383838383838384,-11.416129032258064,33.3139400921659,2022-12-01,2022-12,3.905947516641065
Nebraska,2020-04-01,4109.0,105.0,67.0,30,30,4,41.06418080842873,False,transition,E2019,13679,7675.999707580963,300387.455223335,0.02555366269165247,9.326666666666666,35.306221198156685,2020-04-01,2020-04,12.390131732067216
Nebraska,2020-05-01,9820.0,106.0,100.0,31,31,5,41.06418080842873,False,warm,E2019,13679,7749.104466700782,717888.7345566197,0.010794297352342158,15.035483870967743,35.306221198156685,2020-05-01,2020-05,12.390131732067216
Nebraska,2020-06-01,5076.0,66.0,104.0,30,30,6,41.06418080842873,False,warm,E2019,13679,4824.914101908034,371079.7572921997,0.013002364066193853,25.096666666666668,35.306221198156685,2020-06-01,2020-06,12.390131732067216
Nebraska,2020-07-01,7034.0,66.0,54.0,31,31,7,41.06418080842873,False,warm,E2019,13679,4824.914101908034,514218.87564880477,0.009382996872334376,25.44193548387097,35.306221198156685,2020-07-01,2020-07,12.390131732067216
Nebraska,2020-08-01,8076.0,76.0,69.0,31,31,8,41.06418080842873,False,warm,E2019,13679,5555.961693106221,590394.0346516558,0.009410599306587419,24.016129032258064,35.306221198156685,2020-08-01,2020-08,12.390131732067216
Nebraska,2020-09-01,11277.0,124.0,81.0,30,30,9,41.06418080842873,False,warm,E2020,13679,9064.990130857519,824402.3685941955,0.010995832224882504,18.613333333333333,35.306221198156685,2020-09-01,2020-09,12.390131732067216
Nebraska,2020-10-01,25168.0,329.0,174.0,31,31,10,41.06418080842873,False,transition,E2020,13679,24051.465750420353,1839900.577527597,0.013072155117609664,10.048387096774194,35.306221198156685,2020-10-01,2020-10,12.390131732067216
Nebraska,2020-11-01,57675.0,606.0,366.0,30,30,11,41.06418080842873,False,cold,E2020,13679,44301.48402661013,4216316.982235543,0.010507152145643694,7.21,35.306221198156685,2020-11-01,2020-11,12.390131732067216
Nebraska,2020-12-01,38391.0,357.0,633.0,31,31,12,41.06418080842873,False,cold,E2020,13679,26098.399005775274,2806564.8073689598,0.009299054465890444,-0.7709677419354838,35.306221198156685,2020-12-01,2020-12,12.390131732067216
Nebraska,2021-01-01,23915.0,179.0,269.0,31,31,1,41.06418080842873,False,cold,E2020,13679,13085.751882447546,1748300.3143504641,0.0074848421492786955,-1.9,35.306221198156685,2021-01-01,2021-01,12.390131732067216
Nebraska,2021-02-01,10169.0,88.0,162.0,28,28,2,41.06418080842873,False,cold,E2020,13679,6433.2188025440455,743402.2954894364,0.008653751597993904,-9.864285714285714,35.306221198156685,2021-02-01,2021-02,12.390131732067216
Nebraska,2021-03-01,8464.0,94.0,98.0,31,31,3,41.06418080842873,False,cold,E2020,13679,6871.847357262958,618758.6811901454,0.01110586011342155,7.551612903225807,35.306221198156685,2021-03-01,2021-03,12.390131732067216
Nebraska,2021-04-01,10480.0,7.0,56.0,30,30,4,41.06418080842873,False,transition,E2020,13679,511.7333138387309,766137.8755757,0.0006679389312977099,10.333333333333334,35.306221198156685,2021-04-01,2021-04,12.390131732067216
Nebraska,2021-05-01,3542.0,21.0,13.0,31,31,5,41.06418080842873,False,warm,E2020,13679,1535.1999415161927,258937.05680239783,0.005928853754940711,16.10322580645161,35.306221198156685,2021-05-01,2021-05,12.390131732067216
Nebraska,2021-06-01,1120.0,23.0,12.0,30,30,6,41.06418080842873,False,warm,E2020,13679,1681.40945975583,81877.33021419695,0.020535714285714286,24.736666666666668,35.306221198156685,2021-06-01,2021-06,12.390131732067216
Nebraska,2021-07-01,3962.0,22.0,19.0,31,31,7,41.06418080842873,False,warm,E2020,13679,1608.3047006360114,289641.0556327217,0.005552751135790005,25.287096774193547,35.306221198156685,2021-07-01,2021-07,12.390131732067216
Nebraska,2021-08-01,15804.0,77.0,42.0,31,31,8,41.06418080842873,False,warm,E2020,13679,5629.0664522260395,1155347.6131296149,0.0048721842571500884,25.225806451612904,35.306221198156685,2021-08-01,2021-08,12.390131732067216
Nebraska,2021-09-01,22195.0,549.0,510.0,30,30,9,41.06418080842873,False,warm,E2021,13679,40134.51275678047,1622560.128664376,0.02473530074341068,21.416666666666668,35.306221198156685,2021-09-01,2021-09,12.390131732067216
Nebraska,2021-10-01,18317.0,180.0,143.0,31,31,10,41.06418080842873,False,transition,E2021,13679,13158.856641567367,1339059.8727977192,0.009826936725446307,13.890322580645162,35.306221198156685,2021-10-01,2021-10,12.390131732067216
Nebraska,2021-11-01,25062.0,194.0,180.0,30,30,11,41.06418080842873,False,cold,E2021,13679,14182.323269244827,1832151.4730608962,0.007740802809033597,6.65,35.306221198156685,2021-11-01,2021-11,12.390131732067216
Nebraska,2021-12-01,28429.0,267.0,183.0,31,31,12,41.06418080842873,False,cold,E2021,13679,19518.970684991593,2078295.1970173258,0.009391818213795772,2.0129032258064514,35.306221198156685,2021-12-01,2021-12,12.390131732067216
Nebraska,2022-01-01,101069.0,314.0,328.0,31,31,1,41.06418080842873,False,cold,E2021,13679,22954.894363623072,7388624.899480957,0.003106788431665496,-3.5193548387096776,35.306221198156685,2022-01-01,2022-01,12.390131732067216
Nebraska,2022-02-01,36202.0,164.0,290.0,28,28,2,41.06418080842873,False,cold,E2021,13679,11989.180495650267,2646538.4896556768,0.004530136456549362,-1.8285714285714287,35.306221198156685,2022-02-01,2022-02,12.390131732067216
Nebraska,2022-03-01,2195.0,148.0,188.0,31,31,3,41.06418080842873,False,cold,E2021,13679,10819.504349733168,160464.94626800204,0.0674259681093394,4.209677419354839,35.306221198156685,2022-03-01,2022-03,12.390131732067216
Nebraska,2022-04-01,2266.0,46.0,53.0,30,30,4,41.06418080842873,False,transition,E2021,13679,3362.81891951166,165655.38416550917,0.02030008826125331,9.726666666666667,35.306221198156685,2022-04-01,2022-04,12.390131732067216
Nebraska,2022-05-01,7115.0,91.0,94.0,31,31,5,41.06418080842873,False,warm,E2021,13679,6652.533079903502,520140.36113751004,0.012789880534082924,17.151612903225807,35.306221198156685,2022-05-01,2022-05,12.390131732067216
Nebraska,2022-06-01,12952.0,31.0,49.0,30,30,6,41.06418080842873,False,warm,E2021,13679,2266.2475327143798,946852.8401198918,0.002393452748610253,23.48,35.306221198156685,2022-06-01,2022-06,12.390131732067216
Nebraska,2022-07-01,15802.0,82.0,26.0,31,31,7,41.06418080842873,False,warm,E2021,13679,5994.590247825134,1155201.403611375,0.005189216554866472,25.409677419354836,35.306221198156685,2022-07-01,2022-07,12.390131732067216
Nebraska,2022-08-01,13950.0,45.0,89.0,31,31,8,41.06418080842873,False,warm,E2021,13679,3289.7141603918417,1019811.3897214709,0.0032258064516129032,24.961290322580645,35.306221198156685,2022-08-01,2022-08,12.390131732067216
Nebraska,2022-09-01,2438.0,56.0,87.0,30,30,9,41.06418080842873,False,warm,E2022,13679,4093.8665107098473,178229.402734118,0.022969647251845776,21.06,35.306221198156685,2022-09-01,2022-09,12.390131732067216
Nebraska,2022-10-01,1390.0,76.0,8.0,31,31,10,41.06418080842873,False,transition,E2022,13679,5555.961693106221,101615.61517654799,0.05467625899280575,13.154838709677419,35.306221198156685,2022-10-01,2022-10,12.390131732067216
Nebraska,2022-11-01,7525.0,53.0,103.0,30,30,11,41.06418080842873,False,cold,E2022,13679,3874.552233350391,550113.3123766357,0.007043189368770764,3.533333333333333,35.306221198156685,2022-11-01,2022-11,12.390131732067216
Nebraska,2022-12-01,13953.0,59.0,32.0,31,31,12,41.06418080842873,False,cold,E2022,13679,4313.180788069303,1020030.7039988303,0.00422848133017989,-3.925806451612903,35.306221198156685,2022-12-01,2022-12,12.390131732067216
Nevada,2020-03-01,1114.0,161.0,26.0,31,31,3,36.67590885162251,False,cold,E2019,9580,16805.845511482254,116283.9248434238,0.144524236983842,13.780645161290321,28.825806451612902,2020-03-01,2020-03,22.490574003795064
Nevada,2020-04-01,3939.0,217.0,217.0,30,30,4,36.67590885162251,False,transition,E2019,9580,22651.35699373695,411169.10229645093,0.05509012439705509,20.616666666666667,28.825806451612902,2020-04-01,2020-04,22.490574003795064
Nevada,2020-05-01,3575.0,107.0,174.0,31,31,5,36.67590885162251,False,warm,E2019,9580,11169.10229645094,373173.2776617954,0.02993006993006993,28.038709677419355,28.825806451612902,2020-05-01,2020-05,22.490574003795064
Nevada,2020-06-01,9828.0,189.0,90.0,30,30,6,36.67590885162251,False,warm,E2019,9580,19728.601252609602,1025887.2651356994,0.019230769230769232,31.58,28.825806451612902,2020-06-01,2020-06,22.490574003795064
Nevada,2020-07-01,29632.0,509.0,323.0,31,31,7,36.67590885162251,False,warm,E2019,9580,53131.52400835073,3093110.6471816283,0.017177375809935204,35.690322580645166,28.825806451612902,2020-07-01,2020-07,22.490574003795064
Nevada,2020-08-01,21140.0,346.0,475.0,31,31,8,36.67590885162251,False,warm,E2019,9580,36116.910229645095,2206680.584551148,0.016367076631977295,35.97741935483871,28.825806451612902,2020-08-01,2020-08,22.490574003795064
Nevada,2020-09-01,10752.0,201.0,295.0,30,30,9,36.67590885162251,False,warm,E2020,9580,20981.210855949896,1122338.204592902,0.018694196428571428,30.876666666666665,28.825806451612902,2020-09-01,2020-09,22.490574003795064
Nevada,2020-10-01,20781.0,279.0,177.0,31,31,10,36.67590885162251,False,transition,E2020,9580,29123.173277661794,2169206.6805845513,0.013425725422260719,23.799999999999997,28.825806451612902,2020-10-01,2020-10,22.490574003795064
Nevada,2020-11-01,51410.0,774.0,367.0,30,30,11,36.67590885162251,False,cold,E2020,9580,80793.31941544884,5366388.308977036,0.015055436685469752,14.94,28.825806451612902,2020-11-01,2020-11,22.490574003795064
Nevada,2020-12-01,72560.0,1125.0,978.0,31,31,12,36.67590885162251,False,cold,E2020,9580,117432.15031315241,7574112.734864301,0.015504410143329659,8.693548387096774,28.825806451612902,2020-12-01,2020-12,22.490574003795064
Nevada,2021-01-01,53577.0,962.0,1148.0,31,31,1,36.67590885162251,False,cold,E2020,9580,100417.53653444676,5592588.72651357,0.017955465964872987,8.97741935483871,28.825806451612902,2021-01-01,2021-01,22.490574003795064
Nevada,2021-02-01,15446.0,300.0,687.0,28,28,2,36.67590885162251,False,cold,E2020,9580,31315.240083507306,1612317.3277661796,0.019422504208209245,10.953571428571427,28.825806451612902,2021-02-01,2021-02,22.490574003795064
Nevada,2021-03-01,10008.0,216.0,292.0,31,31,3,36.67590885162251,False,cold,E2020,9580,22546.97286012526,1044676.4091858037,0.02158273381294964,14.14516129032258,28.825806451612902,2021-03-01,2021-03,22.490574003795064
Nevada,2021-04-01,11676.0,164.0,215.0,30,30,4,36.67590885162251,False,transition,E2020,9580,17118.99791231733,1218789.1440501043,0.014045906132237067,22.146666666666665,28.825806451612902,2021-04-01,2021-04,22.490574003795064
Nevada,2021-05-01,8310.0,94.0,122.0,31,31,5,36.67590885162251,False,warm,E2020,9580,9812.108559498956,867432.1503131523,0.01131167268351384,26.980645161290322,28.825806451612902,2021-05-01,2021-05,22.490574003795064
Nevada,2021-06-01,9964.0,143.0,95.0,30,30,6,36.67590885162251,False,warm,E2020,9580,14926.931106471817,1040083.5073068894,0.014351665997591329,34.38666666666666,28.825806451612902,2021-06-01,2021-06,22.490574003795064
Nevada,2021-07-01,22689.0,491.0,231.0,31,31,7,36.67590885162251,False,warm,E2020,9580,51252.609603340294,2368371.607515658,0.02164044250517872,35.561290322580646,28.825806451612902,2021-07-01,2021-07,22.490574003795064
Nevada,2021-08-01,34199.0,638.0,598.0,31,31,8,36.67590885162251,False,warm,E2020,9580,66597.07724425888,3569832.985386221,0.018655516243165006,34.45483870967742,28.825806451612902,2021-08-01,2021-08,22.490574003795064
Nevada,2021-09-01,30719.0,594.0,640.0,30,30,9,36.67590885162251,False,warm,E2021,9580,62004.17536534447,3206576.2004175363,0.01933656694553859,30.726666666666667,28.825806451612902,2021-09-01,2021-09,22.490574003795064
Nevada,2021-10-01,16897.0,405.0,480.0,31,31,10,36.67590885162251,False,transition,E2021,9580,42275.57411273487,1763778.7056367432,0.02396875184944073,19.37741935483871,28.825806451612902,2021-10-01,2021-10,22.490574003795064
Nevada,2021-11-01,19427.0,421.0,386.0,30,30,11,36.67590885162251,False,cold,E2021,9580,43945.72025052192,2027870.5636743214,0.021670870438050136,16.446666666666665,28.825806451612902,2021-11-01,2021-11,22.490574003795064
Nevada,2021-12-01,26998.0,397.0,403.0,31,31,12,36.67590885162251,False,cold,E2021,9580,41440.50104384134,2818162.839248434,0.01470479294762575,9.103225806451613,28.825806451612902,2021-12-01,2021-12,22.490574003795064
Nevada,2022-01-01,172257.0,772.0,531.0,31,31,1,36.67590885162251,False,cold,E2021,9580,80584.55114822547,17980897.70354906,0.004481675635823218,8.493548387096775,28.825806451612902,2022-01-01,2022-01,22.490574003795064
Nevada,2022-02-01,26868.0,442.0,753.0,28,28,2,36.67590885162251,False,cold,E2021,9580,46137.78705636743,2804592.9018789143,0.016450796486526722,11.321428571428571,28.825806451612902,2022-02-01,2022-02,22.490574003795064
Nevada,2022-03-01,29363.0,735.0,388.0,31,31,3,36.67590885162251,False,cold,E2021,9580,76722.3382045929,3065031.3152400837,0.0250315022306985,16.53548387096774,28.825806451612902,2022-03-01,2022-03,22.490574003795064
Nevada,2022-04-01,5546.0,140.0,661.0,30,30,4,36.67590885162251,False,transition,E2021,9580,14613.778705636743,578914.4050104384,0.025243418680129824,21.553333333333335,28.825806451612902,2022-04-01,2022-04,22.490574003795064
Nevada,2022-05-01,16346.0,143.0,120.0,31,31,5,36.67590885162251,False,warm,E2021,9580,14926.931106471817,1706263.0480167014,0.008748317631224764,26.01290322580645,28.825806451612902,2022-05-01,2022-05,22.490574003795064
Nevada,2022-06-01,38820.0,222.0,167.0,30,30,6,36.67590885162251,False,warm,E2021,9580,23173.277661795408,4052192.0668058456,0.00571870170015456,32.690000000000005,28.825806451612902,2022-06-01,2022-06,22.490574003795064
Nevada,2022-07-01,52659.0,164.0,182.0,31,31,7,36.67590885162251,False,warm,E2021,9580,17118.99791231733,5496764.091858038,0.0031143774093697184,35.1741935483871,28.825806451612902,2022-07-01,2022-07,22.490574003795064
Nevada,2022-08-01,15339.0,122.0,179.0,31,31,8,36.67590885162251,False,warm,E2021,9580,12734.864300626305,1601148.2254697287,0.007953582371732186,33.519354838709674,28.825806451612902,2022-08-01,2022-08,22.490574003795064
Nevada,2022-09-01,5493.0,69.0,101.0,30,30,9,36.67590885162251,False,warm,E2022,9580,7202.5052192066805,573382.0459290188,0.012561441835062807,30.986666666666668,28.825806451612902,2022-09-01,2022-09,22.490574003795064
Nevada,2022-10-01,5628.0,56.0,54.0,31,31,10,36.67590885162251,False,transition,E2022,9580,5845.5114822546975,587473.903966597,0.009950248756218905,22.506451612903227,28.825806451612902,2022-10-01,2022-10,22.490574003795064
Nevada,2022-11-01,11446.0,105.0,75.0,30,30,11,36.67590885162251,False,cold,E2022,9580,10960.334029227557,1194780.7933194155,0.009173510396645115,10.09,28.825806451612902,2022-11-01,2022-11,22.490574003795064
Nevada,2022-12-01,11712.0,129.0,121.0,31,31,12,36.67590885162251,False,cold,E2022,9580,13465.553235908143,1222546.9728601254,0.011014344262295082,8.541935483870969,28.825806451612902,2022-12-01,2022-12,22.490574003795064
New Hampshire,2020-04-01,1789.0,157.0,69.0,30,30,4,42.919692985787975,False,transition,E2019,43146,3638.8077689704724,41463.866870625316,0.08775852431525992,5.819999999999999,29.461290322580645,2020-04-01,2020-04,11.183469952986083
New Hampshire,2020-05-01,2505.0,140.0,173.0,31,31,5,42.919692985787975,False,warm,E2019,43146,3244.7967366615676,58058.68446669448,0.05588822355289421,13.36774193548387,29.461290322580645,2020-05-01,2020-05,11.183469952986083
New Hampshire,2020-06-01,1131.0,61.0,126.0,30,30,6,42.919692985787975,False,warm,E2019,43146,1413.80429240254,26213.32220831595,0.053934571175950484,20.626666666666665,29.461290322580645,2020-06-01,2020-06,11.183469952986083
New Hampshire,2020-07-01,801.0,28.0,44.0,31,31,7,42.919692985787975,False,warm,E2019,43146,648.9593473323135,18564.872757613684,0.03495630461922597,23.541935483870965,29.461290322580645,2020-07-01,2020-07,11.183469952986083
New Hampshire,2020-08-01,692.0,10.0,17.0,31,31,8,42.919692985787975,False,warm,E2019,43146,231.77119547582626,16038.566726927178,0.014450867052023121,22.68064516129032,29.461290322580645,2020-08-01,2020-08,11.183469952986083
New Hampshire,2020-09-01,991.0,31.0,7.0,30,30,9,42.919692985787975,False,warm,E2020,43146,718.4907059750615,22968.525471654382,0.03128153380423814,17.89333333333333,29.461290322580645,2020-09-01,2020-09,11.183469952986083
New Hampshire,2020-10-01,2818.0,39.0,44.0,31,31,10,42.919692985787975,False,transition,E2020,43146,903.9076623557224,65313.12288508784,0.013839602555003548,11.258064516129032,29.461290322580645,2020-10-01,2020-10,11.183469952986083
New Hampshire,2020-11-01,9949.0,148.0,43.0,30,30,11,42.919692985787975,False,cold,E2020,43146,3430.213693042229,230589.16237889955,0.014875866921298622,6.989999999999999,29.461290322580645,2020-11-01,2020-11,11.183469952986083
New Hampshire,2020-12-01,23849.0,306.0,233.0,31,31,12,42.919692985787975,False,cold,E2020,43146,7092.198581560284,552751.1240902981,0.01283072665520567,0.2774193548387097,29.461290322580645,2020-12-01,2020-12,11.183469952986083
New Hampshire,2021-01-01,21067.0,192.0,298.0,31,31,1,42.919692985787975,False,cold,E2020,43146,4450.006953135864,488272.3775089232,0.009113779845255613,-2.203225806451613,29.461290322580645,2021-01-01,2021-01,11.183469952986083
New Hampshire,2021-02-01,9475.0,63.0,113.0,28,28,2,42.919692985787975,False,cold,E2020,43146,1460.1585314977056,219603.2077133454,0.006649076517150396,-3.5749999999999997,29.461290322580645,2021-02-01,2021-02,11.183469952986083
New Hampshire,2021-03-01,8752.0,56.0,68.0,31,31,3,42.919692985787975,False,cold,E2020,43146,1297.918694664627,202846.15028044314,0.006398537477148081,3.1870967741935488,29.461290322580645,2021-03-01,2021-03,11.183469952986083
New Hampshire,2021-04-01,10710.0,68.0,65.0,30,30,4,42.919692985787975,False,transition,E2020,43146,1576.0441292356186,248226.95035460993,0.006349206349206349,8.013333333333334,29.461290322580645,2021-04-01,2021-04,11.183469952986083
New Hampshire,2021-05-01,3840.0,26.0,50.0,31,31,5,42.919692985787975,False,warm,E2020,43146,602.6051082371483,89000.13906271728,0.0067708333333333336,14.35483870967742,29.461290322580645,2021-05-01,2021-05,11.183469952986083
New Hampshire,2021-06-01,778.0,17.0,19.0,30,30,6,42.919692985787975,False,warm,E2020,43146,394.01103230890465,18031.799008019283,0.021850899742930592,22.14,29.461290322580645,2021-06-01,2021-06,11.183469952986083
New Hampshire,2021-07-01,1153.0,13.0,15.0,31,31,7,42.919692985787975,False,warm,E2020,43146,301.30255411857416,26723.21883836277,0.011274934952298352,20.27741935483871,29.461290322580645,2021-07-01,2021-07,11.183469952986083
New Hampshire,2021-08-01,7032.0,65.0,30.0,31,31,8,42.919692985787975,False,warm,E2020,43146,1506.5127705928708,162981.50465860104,0.009243458475540386,22.60967741935484,29.461290322580645,2021-08-01,2021-08,11.183469952986083
New Hampshire,2021-09-01,12579.0,77.0,64.0,30,30,9,42.919692985787975,False,warm,E2021,43146,1784.6382051638623,291544.98678904184,0.006121313299944352,18.416666666666668,29.461290322580645,2021-09-01,2021-09,11.183469952986083
New Hampshire,2021-10-01,12173.0,123.0,63.0,31,31,10,42.919692985787975,False,transition,E2021,43146,2850.785704352663,282135.0762527233,0.010104329253265423,13.396774193548387,29.461290322580645,2021-10-01,2021-10,11.183469952986083
New Hampshire,2021-11-01,28803.0,206.0,172.0,30,30,11,42.919692985787975,False,cold,E2021,43146,4774.486626802021,667570.5743290224,0.0071520327743637814,4.916666666666667,29.461290322580645,2021-11-01,2021-11,11.183469952986083
New Hampshire,2021-12-01,37423.0,267.0,245.0,31,31,12,42.919692985787975,False,cold,E2021,43146,6188.290919204561,867357.3448291846,0.007134649814285333,1.3580645161290323,29.461290322580645,2021-12-01,2021-12,11.183469952986083
New Hampshire,2022-01-01,78189.0,198.0,248.0,31,31,1,42.919692985787975,False,cold,E2021,43146,4589.06967042136,1812195.8003059379,0.0025323255189348888,-4.983870967741935,29.461290322580645,2022-01-01,2022-01,11.183469952986083
New Hampshire,2022-02-01,21506.0,103.0,168.0,28,28,2,42.919692985787975,False,cold,E2021,43146,2387.2433134010107,498447.13299031195,0.004789361108527852,-1.542857142857143,29.461290322580645,2022-02-01,2022-02,11.183469952986083
New Hampshire,2022-03-01,4179.0,36.0,75.0,31,31,3,42.919692985787975,False,cold,E2021,43146,834.3763037129745,96857.1825893478,0.008614501076812634,2.9741935483870967,29.461290322580645,2022-03-01,2022-03,11.183469952986083
New Hampshire,2022-04-01,7441.0,43.0,28.0,30,30,4,42.919692985787975,False,transition,E2021,43146,996.616140546053,172460.94655356233,0.005778793172960623,8.156666666666666,29.461290322580645,2022-04-01,2022-04,11.183469952986083
New Hampshire,2022-05-01,15587.0,57.0,57.0,31,31,5,42.919692985787975,False,warm,E2021,43146,1321.0958142122097,361261.7623881704,0.003656893565150446,15.077419354838709,29.461290322580645,2022-05-01,2022-05,11.183469952986083
New Hampshire,2022-06-01,6551.0,46.0,48.0,30,30,6,42.919692985787975,False,warm,E2021,43146,1066.1474991888008,151833.3101562138,0.007021828728438407,18.973333333333336,29.461290322580645,2022-06-01,2022-06,11.183469952986083
New Hampshire,2022-07-01,6183.0,29.0,42.0,31,31,7,42.919692985787975,False,warm,E2021,43146,672.1364668798961,143304.13016270337,0.004690279799450105,24.47741935483871,29.461290322580645,2022-07-01,2022-07,11.183469952986083
New Hampshire,2022-08-01,6083.0,41.0,35.0,31,31,8,42.919692985787975,False,warm,E2021,43146,950.2619014508876,140986.41820794513,0.006740095347690284,23.69677419354839,29.461290322580645,2022-08-01,2022-08,11.183469952986083
New Hampshire,2022-09-01,5967.0,43.0,43.0,30,30,9,42.919692985787975,False,warm,E2022,43146,996.616140546053,138297.87234042553,0.007206301323948383,16.813333333333333,29.461290322580645,2022-09-01,2022-09,11.183469952986083
New Hampshire,2022-10-01,6856.0,70.0,46.0,31,31,10,42.919692985787975,False,transition,E2022,43146,1622.3983683307838,158902.33161822648,0.010210035005834306,11.667741935483871,29.461290322580645,2022-10-01,2022-10,11.183469952986083
New Hampshire,2022-11-01,4161.0,46.0,65.0,30,30,11,42.919692985787975,False,cold,E2022,43146,1066.1474991888008,96439.9944374913,0.011055034847392453,7.583333333333333,29.461290322580645,2022-11-01,2022-11,11.183469952986083
New Hampshire,2022-12-01,6172.0,73.0,40.0,31,31,12,42.919692985787975,False,cold,E2022,43146,1691.9297269735318,143049.18184767998,0.011827608554763449,0.8129032258064517,29.461290322580645,2022-12-01,2022-12,11.183469952986083
New Jersey,2020-03-01,18696.0,5952.0,366.0,31,31,3,40.418263788370275,False,cold,E2019,105267,56541.936219327996,177605.51739861496,0.31835686777920413,7.761290322580645,27.893548387096775,2020-03-01,2020-03,13.596645432366495
New Jersey,2020-04-01,99956.0,6649.0,8371.0,30,30,4,40.418263788370275,False,transition,E2019,105267,63163.194543399164,949547.3415220345,0.06651926847813038,9.146666666666667,27.893548387096775,2020-04-01,2020-04,13.596645432366495
New Jersey,2020-05-01,42108.0,2179.0,4781.0,31,31,5,40.418263788370275,False,warm,E2019,105267,20699.744459327234,400011.3995839152,0.05174788638738482,14.696774193548386,27.893548387096775,2020-05-01,2020-05,13.596645432366495
New Jersey,2020-06-01,11873.0,905.0,1517.0,30,30,6,40.418263788370275,False,warm,E2019,105267,8597.1862027036,112789.38318751365,0.07622336393497853,22.153333333333332,27.893548387096775,2020-06-01,2020-06,13.596645432366495
New Jersey,2020-07-01,11320.0,207.0,784.0,31,31,7,40.418263788370275,False,warm,E2019,105267,1966.428225369774,107536.07493326494,0.018286219081272086,26.370967741935484,27.893548387096775,2020-07-01,2020-07,13.596645432366495
New Jersey,2020-08-01,11547.0,155.0,126.0,31,31,8,40.418263788370275,False,warm,E2019,105267,1472.4462557116665,109692.49622388782,0.013423400017320517,24.229032258064517,27.893548387096775,2020-08-01,2020-08,13.596645432366495
New Jersey,2020-09-01,15161.0,176.0,177.0,30,30,9,40.418263788370275,False,warm,E2020,105267,1671.9389742274407,144024.2431151263,0.011608732933183827,19.970000000000002,27.893548387096775,2020-09-01,2020-09,13.596645432366495
New Jersey,2020-10-01,39429.0,501.0,228.0,31,31,10,40.418263788370275,False,transition,E2020,105267,4759.326284590613,374561.82849326,0.012706383626264932,14.438709677419356,27.893548387096775,2020-10-01,2020-10,13.596645432366495
New Jersey,2020-11-01,117996.0,1477.0,643.0,30,30,11,40.418263788370275,False,cold,E2020,105267,14030.987868942784,1120921.0863803471,0.012517373470287129,10.013333333333332,27.893548387096775,2020-11-01,2020-11,13.596645432366495
New Jersey,2020-12-01,160941.0,2537.0,2049.0,31,31,12,40.418263788370275,False,cold,E2020,105267,24100.62032735805,1528883.6957451054,0.01576354067639694,2.774193548387097,27.893548387096775,2020-12-01,2020-12,13.596645432366495
New Jersey,2021-01-01,167802.0,2098.0,2442.0,31,31,1,40.418263788370275,False,cold,E2020,105267,19930.272545052107,1594060.8167801874,0.012502830717154741,0.8548387096774194,27.893548387096775,2021-01-01,2021-01,13.596645432366495
New Jersey,2021-02-01,92527.0,1316.0,1768.0,28,28,2,40.418263788370275,False,cold,E2020,105267,12501.543693655181,878974.4174337636,0.014222875484993569,-0.27499999999999997,27.893548387096775,2021-02-01,2021-02,13.596645432366495
New Jersey,2021-03-01,119460.0,1097.0,1309.0,31,31,3,40.418263788370275,False,cold,E2020,105267,10421.119629133536,1134828.5787568754,0.009182990122216642,6.516129032258065,27.893548387096775,2021-03-01,2021-03,13.596645432366495
New Jersey,2021-04-01,88407.0,799.0,993.0,30,30,4,40.418263788370275,False,transition,E2020,105267,7590.222956862074,839835.8459916213,0.009037745879851143,11.17,27.893548387096775,2021-04-01,2021-04,13.596645432366495
New Jersey,2021-05-01,19109.0,307.0,658.0,31,31,5,40.418263788370275,False,warm,E2020,105267,2916.3935516353654,181528.87419609184,0.01606572819090481,16.39032258064516,27.893548387096775,2021-05-01,2021-05,13.596645432366495
New Jersey,2021-06-01,7063.0,185.0,245.0,30,30,6,40.418263788370275,False,warm,E2020,105267,1757.4358535913439,67096.05099413871,0.026192835905422623,22.720000000000002,27.893548387096775,2021-06-01,2021-06,13.596645432366495
New Jersey,2021-07-01,15958.0,188.0,145.0,31,31,7,40.418263788370275,False,warm,E2020,105267,1785.9348133793117,151595.46676546306,0.011780924927935832,24.425806451612903,27.893548387096775,2021-07-01,2021-07,13.596645432366495
New Jersey,2021-08-01,52613.0,490.0,280.0,31,31,8,40.418263788370275,False,warm,E2020,105267,4654.830098701397,499805.25710811553,0.009313287590519453,24.664516129032258,27.893548387096775,2021-08-01,2021-08,13.596645432366495
New Jersey,2021-09-01,62604.0,565.0,545.0,30,30,9,40.418263788370275,False,warm,E2021,105267,5367.304093400591,594716.2928553108,0.009024982429237749,20.953333333333333,27.893548387096775,2021-09-01,2021-09,13.596645432366495
New Jersey,2021-10-01,44347.0,449.0,545.0,31,31,10,40.418263788370275,False,transition,E2021,105267,4265.344314932505,421281.1232390018,0.01012469840124473,16.761290322580646,27.893548387096775,2021-10-01,2021-10,13.596645432366495
New Jersey,2021-11-01,53788.0,508.0,418.0,30,30,11,40.418263788370275,False,cold,E2021,105267,4825.823857429204,510967.3496917363,0.009444485758905332,7.08,27.893548387096775,2021-11-01,2021-11,13.596645432366495
New Jersey,2021-12-01,311548.0,1856.0,647.0,31,31,12,40.418263788370275,False,cold,E2021,105267,17631.356455489375,2959597.9746739245,0.005957348466367944,5.82258064516129,27.893548387096775,2021-12-01,2021-12,13.596645432366495
New Jersey,2022-01-01,547603.0,2093.0,2405.0,31,31,1,40.418263788370275,False,cold,E2021,105267,19882.774278738827,5202038.625590166,0.0038221120044996102,-1.5225806451612904,27.893548387096775,2022-01-01,2022-01,13.596645432366495
New Jersey,2022-02-01,55659.0,467.0,1473.0,28,28,2,40.418263788370275,False,cold,E2021,105267,4436.338073660311,528741.2009461655,0.008390377117806644,2.2964285714285713,27.893548387096775,2022-02-01,2022-02,13.596645432366495
New Jersey,2022-03-01,32292.0,185.0,317.0,31,31,3,40.418263788370275,False,cold,E2021,105267,1757.4358535913439,306762.80315768474,0.005728973120277468,6.735483870967743,27.893548387096775,2022-03-01,2022-03,13.596645432366495
New Jersey,2022-04-01,61887.0,247.0,197.0,30,30,4,40.418263788370275,False,transition,E2021,105267,2346.4143558760106,587905.0414659865,0.003991145151647358,10.473333333333333,27.893548387096775,2022-04-01,2022-04,13.596645432366495
New Jersey,2022-05-01,132901.0,339.0,273.0,31,31,5,40.418263788370275,False,warm,E2021,105267,3220.3824560403546,1262513.4182602335,0.002550770874560763,16.9,27.893548387096775,2022-05-01,2022-05,13.596645432366495
New Jersey,2022-06-01,94156.0,247.0,347.0,30,30,6,40.418263788370275,False,warm,E2021,105267,2346.4143558760106,894449.3525986301,0.0026233060028038576,21.796666666666667,27.893548387096775,2022-06-01,2022-06,13.596645432366495
New Jersey,2022-07-01,108924.0,265.0,217.0,31,31,7,40.418263788370275,False,warm,E2021,105267,2517.408114603817,1034740.2319815326,0.002432888986816496,26.358064516129033,27.893548387096775,2022-07-01,2022-07,13.596645432366495
New Jersey,2022-08-01,79257.0,233.0,296.0,31,31,8,40.418263788370275,False,warm,E2021,105267,2213.419210198828,752914.0186383197,0.002939803424303216,25.60967741935484,27.893548387096775,2022-08-01,2022-08,13.596645432366495
New Jersey,2022-09-01,63972.0,164.0,182.0,30,30,9,40.418263788370275,False,warm,E2022,105267,1557.9431350755697,607711.8185186241,0.002563621584443194,20.21333333333333,27.893548387096775,2022-09-01,2022-09,13.596645432366495
New Jersey,2022-10-01,56925.0,192.0,161.0,31,31,10,40.418263788370275,False,transition,E2022,105267,1823.9334264299353,540767.7619766878,0.003372859025032938,12.980645161290322,27.893548387096775,2022-10-01,2022-10,13.596645432366495
New Jersey,2022-11-01,50780.0,337.0,224.0,30,30,11,40.418263788370275,False,cold,E2022,105267,3201.3831495150425,482392.39267766726,0.006636471051595116,9.41,27.893548387096775,2022-11-01,2022-11,13.596645432366495
New Jersey,2022-12-01,78225.0,338.0,381.0,31,31,12,40.418263788370275,False,cold,E2022,105267,3210.8828027776985,743110.3764712588,0.004320869287312241,2.396774193548387,27.893548387096775,2022-12-01,2022-12,13.596645432366495
New Mexico,2020-04-01,3096.0,236.0,119.0,30,30,4,34.22559203172522,False,transition,E2019,76688,3077.4045482996034,40371.3749217609,0.07622739018087855,13.876666666666667,24.07016129032258,2020-04-01,2020-04,14.61838895871154
New Mexico,2020-05-01,4278.0,175.0,233.0,31,31,5,34.22559203172522,False,warm,E2019,76688,2281.9737116628417,55784.47736282078,0.040906965871902755,20.641935483870967,24.07016129032258,2020-05-01,2020-05,14.61838895871154
New Mexico,2020-06-01,4458.0,119.0,141.0,30,30,6,34.22559203172522,False,warm,E2019,76688,1551.7421239307323,58131.650323388276,0.026693584567070435,23.913333333333334,24.07016129032258,2020-06-01,2020-06,14.61838895871154
New Mexico,2020-07-01,8453.0,151.0,145.0,31,31,7,34.22559203172522,False,warm,E2019,76688,1969.017316920509,110225.85019820572,0.017863480421152253,26.138709677419353,24.07016129032258,2020-07-01,2020-07,14.61838895871154
New Mexico,2020-08-01,4752.0,112.0,137.0,31,31,8,34.22559203172522,False,warm,E2019,76688,1460.4631754642187,61965.36615898185,0.02356902356902357,26.24516129032258,24.07016129032258,2020-08-01,2020-08,14.61838895871154
New Mexico,2020-09-01,4083.0,99.0,98.0,30,30,9,34.22559203172522,False,warm,E2020,76688,1290.9451283121218,53241.706655539325,0.024246877296105803,19.216666666666665,24.07016129032258,2020-09-01,2020-09,14.61838895871154
New Mexico,2020-10-01,17055.0,400.0,141.0,31,31,10,34.22559203172522,False,transition,E2020,76688,5215.93991237221,222394.63801377008,0.023453532688361183,15.096774193548388,24.07016129032258,2020-10-01,2020-10,14.61838895871154
New Mexico,2020-11-01,50605.0,830.0,550.0,30,30,11,34.22559203172522,False,cold,E2020,76688,10823.075318172334,659881.5981639891,0.016401541349669004,9.55,24.07016129032258,2020-11-01,2020-11,14.61838895871154
New Mexico,2020-12-01,45769.0,864.0,909.0,31,31,12,34.22559203172522,False,cold,E2020,76688,11266.430210723973,596820.8846234091,0.018877406104568596,3.106451612903226,24.07016129032258,2020-12-01,2020-12,14.61838895871154
New Mexico,2021-01-01,31200.0,580.0,806.0,31,31,1,34.22559203172522,False,cold,E2020,76688,7563.112872939704,406843.31316503236,0.01858974358974359,3.0612903225806454,24.07016129032258,2021-01-01,2021-01,14.61838895871154
New Mexico,2021-02-01,11068.0,265.0,433.0,28,28,2,34.22559203172522,False,cold,E2020,76688,3455.560191946589,144325.05737533903,0.023942898445970365,3.2178571428571425,24.07016129032258,2021-02-01,2021-02,14.61838895871154
New Mexico,2021-03-01,6520.0,131.0,221.0,31,31,3,34.22559203172522,False,cold,E2020,76688,1708.2203213018986,85019.82057166702,0.0200920245398773,8.029032258064516,24.07016129032258,2021-03-01,2021-03,14.61838895871154
New Mexico,2021-04-01,6081.0,111.0,130.0,30,30,4,34.22559203172522,False,transition,E2020,76688,1447.423325683288,79295.32651783852,0.018253576714356193,12.253333333333332,24.07016129032258,2021-04-01,2021-04,14.61838895871154
New Mexico,2021-05-01,5088.0,195.0,196.0,31,31,5,34.22559203172522,False,warm,E2020,76688,2542.770707281452,66346.7556853745,0.038325471698113206,17.738709677419354,24.07016129032258,2021-05-01,2021-05,14.61838895871154
New Mexico,2021-06-01,2721.0,66.0,77.0,30,30,6,34.22559203172522,False,warm,E2020,76688,860.6300855414146,35481.43125391196,0.024255788313120176,23.61,24.07016129032258,2021-06-01,2021-06,14.61838895871154
New Mexico,2021-07-01,4874.0,80.0,70.0,31,31,7,34.22559203172522,False,warm,E2020,76688,1043.187982474442,63556.227832255376,0.016413623307345096,21.593548387096774,24.07016129032258,2021-07-01,2021-07,14.61838895871154
New Mexico,2021-08-01,22198.0,228.0,108.0,31,31,8,34.22559203172522,False,warm,E2020,76688,2973.0857500521593,289458.5854370958,0.010271195603207496,21.574193548387097,24.07016129032258,2021-08-01,2021-08,14.61838895871154
New Mexico,2021-09-01,20410.0,273.0,283.0,30,30,9,34.22559203172522,False,warm,E2021,76688,3559.878990194033,266143.334028792,0.01337579617834395,20.566666666666666,24.07016129032258,2021-09-01,2021-09,14.61838895871154
New Mexico,2021-10-01,22185.0,290.0,248.0,31,31,10,34.22559203172522,False,transition,E2021,76688,3781.556436469852,289289.0673899437,0.013071895424836602,14.283870967741937,24.07016129032258,2021-10-01,2021-10,14.61838895871154
New Mexico,2021-11-01,39055.0,399.0,318.0,30,30,11,34.22559203172522,False,cold,E2021,76688,5202.900062591279,509271.3331942416,0.010216361541415952,10.75,24.07016129032258,2021-11-01,2021-11,14.61838895871154
New Mexico,2021-12-01,35779.0,596.0,488.0,31,31,12,34.22559203172522,False,cold,E2021,76688,7771.750469434593,466552.78531191323,0.016657816037340338,7.583870967741936,24.07016129032258,2021-12-01,2021-12,14.61838895871154
New Mexico,2022-01-01,130044.0,536.0,599.0,31,31,1,34.22559203172522,False,cold,E2021,76688,6989.35948257876,1695754.224911329,0.004121681892282612,3.6903225806451614,24.07016129032258,2022-01-01,2022-01,14.61838895871154
New Mexico,2022-02-01,31347.0,363.0,465.0,28,28,2,34.22559203172522,False,cold,E2021,76688,4733.46547047778,408760.1710828291,0.011580055507704086,2.175,24.07016129032258,2022-02-01,2022-02,14.61838895871154
New Mexico,2022-03-01,6424.0,279.0,355.0,31,31,3,34.22559203172522,False,cold,E2021,76688,3638.118088879616,83767.99499269768,0.04343088418430884,8.296774193548387,24.07016129032258,2022-03-01,2022-03,14.61838895871154
New Mexico,2022-04-01,4471.0,239.0,225.0,30,30,4,34.22559203172522,False,transition,E2021,76688,3116.524097642395,58301.16837054037,0.05345560277342876,15.146666666666667,24.07016129032258,2022-04-01,2022-04,14.61838895871154
New Mexico,2022-05-01,13688.0,208.0,292.0,31,31,5,34.22559203172522,False,warm,E2021,76688,2712.288754433549,178489.46380137702,0.015195791934541203,20.322580645161292,24.07016129032258,2022-05-01,2022-05,14.61838895871154
New Mexico,2022-06-01,27831.0,289.0,150.0,30,30,6,34.22559203172522,False,warm,E2021,76688,3768.5165866889215,362912.05925307743,0.010384104056627501,22.793333333333333,24.07016129032258,2022-06-01,2022-06,14.61838895871154
New Mexico,2022-07-01,27193.0,175.0,305.0,31,31,7,34.22559203172522,False,warm,E2021,76688,2281.9737116628417,354592.63509284373,0.006435479719045342,25.364516129032257,24.07016129032258,2022-07-01,2022-07,14.61838895871154
New Mexico,2022-08-01,20269.0,187.0,201.0,31,31,8,34.22559203172522,False,warm,E2021,76688,2438.4519090340077,264304.7152096808,0.009225911490453402,21.825806451612905,24.07016129032258,2022-08-01,2022-08,14.61838895871154
New Mexico,2022-09-01,7373.0,86.0,120.0,30,30,9,34.22559203172522,False,warm,E2022,76688,1121.427081160025,96142.81243480075,0.011664180116641802,20.303333333333335,24.07016129032258,2022-09-01,2022-09,14.61838895871154
New Mexico,2022-10-01,9560.0,78.0,76.0,31,31,10,34.22559203172522,False,transition,E2022,76688,1017.1082829125809,124660.96390569581,0.008158995815899581,11.993548387096775,24.07016129032258,2022-10-01,2022-10,14.61838895871154
New Mexico,2022-11-01,18323.0,80.0,59.0,30,30,11,34.22559203172522,False,cold,E2022,76688,1043.187982474442,238929.16753598998,0.004366097254816351,4.753333333333333,24.07016129032258,2022-11-01,2022-11,14.61838895871154
New Mexico,2022-12-01,12490.0,141.0,112.0,31,31,12,34.22559203172522,False,cold,E2022,76688,1838.618819111204,162867.72376382223,0.011289031224979984,3.693548387096774,24.07016129032258,2022-12-01,2022-12,14.61838895871154
New York,2020-03-01,75853.0,20079.0,2767.0,31,31,3,41.33499323866982,False,cold,E2019,24913,805964.7573555975,3044715.6103239274,0.2647093720749344,5.448387096774193,29.30967741935484,2020-03-01,2020-03,11.521328950935212
New York,2020-04-01,232456.0,9392.0,21667.0,30,30,4,41.33499323866982,False,transition,E2019,24913,376991.93192309234,9330710.873840967,0.04040334514918952,7.003333333333333,29.30967741935484,2020-04-01,2020-04,11.521328950935212
New York,2020-05-01,65373.0,2027.0,6129.0,31,31,5,41.33499323866982,False,warm,E2019,24913,81363.14374021595,2624051.6999157066,0.031006684716932065,13.206451612903225,29.30967741935484,2020-05-01,2020-05,11.521328950935212
New York,2020-06-01,22227.0,680.0,1346.0,30,30,6,41.33499323866982,False,warm,E2019,24913,27294.986553205155,892184.8031148396,0.030593422414180952,20.846666666666668,29.30967741935484,2020-06-01,2020-06,11.521328950935212
New York,2020-07-01,22235.0,294.0,599.0,31,31,7,41.33499323866982,False,warm,E2019,24913,11801.067715650464,892505.9206037009,0.01322239712165505,24.712903225806453,29.30967741935484,2020-07-01,2020-07,11.521328950935212
New York,2020-08-01,19010.0,326.0,283.0,31,31,8,41.33499323866982,False,warm,E2019,24913,13085.537671095411,763055.4329065146,0.017148869016307206,22.93548387096774,29.30967741935484,2020-08-01,2020-08,11.521328950935212
New York,2020-09-01,24383.0,427.0,367.0,30,30,9,41.33499323866982,False,warm,E2020,24913,17139.645967968532,978725.966362943,0.01751220112373375,17.986666666666668,29.30967741935484,2020-09-01,2020-09,11.521328950935212
New York,2020-10-01,50224.0,706.0,401.0,31,31,10,41.33499323866982,False,transition,E2020,24913,28338.618392004173,2015975.5950708466,0.01405702453010513,12.151612903225805,29.30967741935484,2020-10-01,2020-10,11.521328950935212
New York,2020-11-01,144652.0,2263.0,895.0,30,30,11,41.33499323866982,False,cold,E2020,24913,90836.10966162245,5806285.874844459,0.015644443215441197,7.723333333333333,29.30967741935484,2020-11-01,2020-11,11.521328950935212
New York,2020-12-01,322370.0,5210.0,3345.0,31,31,12,41.33499323866982,False,cold,E2020,24913,209127.76462088065,12939830.610524626,0.016161553494431866,0.9838709677419355,29.30967741935484,2020-12-01,2020-12,11.521328950935212
New York,2021-01-01,441124.0,5024.0,5651.0,31,31,1,41.33499323866982,False,cold,E2020,24913,201661.7830048569,17706578.894553043,0.011389087875517996,-1.4870967741935484,29.30967741935484,2021-01-01,2021-01,11.521328950935212
New York,2021-02-01,223960.0,2603.0,3967.0,28,28,2,41.33499323866982,False,cold,E2020,24913,104483.60293822503,8989684.100670332,0.011622611180567958,-2.932142857142857,29.30967741935484,2021-02-01,2021-02,11.521328950935212
New York,2021-03-01,229271.0,2305.0,2680.0,31,31,3,41.33499323866982,False,cold,E2020,24913,92521.97647814394,9202865.973588087,0.01005360468615743,4.296774193548386,29.30967741935484,2021-03-01,2021-03,11.521328950935212
New York,2021-04-01,175012.0,1357.0,1958.0,30,30,4,41.33499323866982,False,transition,E2020,24913,54469.554048087346,7024926.745072854,0.007753754028295203,9.403333333333334,29.30967741935484,2021-04-01,2021-04,11.521328950935212
New York,2021-05-01,54254.0,517.0,1043.0,31,31,5,41.33499323866982,False,warm,E2020,24913,20752.217717657448,2177738.5300846947,0.00952925129944336,14.103225806451613,29.30967741935484,2021-05-01,2021-05,11.521328950935212
New York,2021-06-01,12582.0,176.0,372.0,30,30,6,41.33499323866982,False,warm,E2020,24913,7064.584754947216,505037.53060651064,0.013988237164202829,20.883333333333333,29.30967741935484,2021-06-01,2021-06,11.521328950935212
New York,2021-07-01,35404.0,431.0,171.0,31,31,7,41.33499323866982,False,warm,E2020,24913,17300.20471239915,1421105.4469554047,0.01217376567619478,22.112903225806452,29.30967741935484,2021-07-01,2021-07,11.521328950935212
New York,2021-08-01,128200.0,971.0,613.0,31,31,8,41.33499323866982,False,warm,E2020,24913,38975.63521053265,5145907.759001325,0.007574102964118565,22.990322580645163,29.30967741935484,2021-08-01,2021-08,11.521328950935212
New York,2021-09-01,148093.0,1147.0,1104.0,30,30,9,41.33499323866982,False,warm,E2021,24913,46040.21996547987,5944406.534740899,0.007745133125806081,18.61,29.30967741935484,2021-09-01,2021-09,11.521328950935212
New York,2021-10-01,132900.0,1060.0,1081.0,31,31,10,41.33499323866982,False,transition,E2021,24913,42548.06727411391,5334564.283707301,0.007975921745673438,14.37741935483871,29.30967741935484,2021-10-01,2021-10,11.521328950935212
New York,2021-11-01,170012.0,1535.0,1095.0,30,30,11,41.33499323866982,False,cold,E2021,24913,61614.41817524987,6824228.31453458,0.009028774439451333,4.843333333333334,29.30967741935484,2021-11-01,2021-11,11.521328950935212
New York,2021-12-01,750685.0,4373.0,1974.0,31,31,12,41.33499323866982,False,cold,E2021,24913,175530.84734877374,30132260.265724722,0.005825346183818779,3.267741935483871,29.30967741935484,2021-12-01,2021-12,11.521328950935212
New York,2022-01-01,1325136.0,3936.0,5338.0,31,31,1,41.33499323866982,False,cold,E2021,24913,157989.80451972867,53190543.089953035,0.002970261165646394,-4.596774193548387,29.30967741935484,2022-01-01,2022-01,11.521328950935212
New York,2022-02-01,119805.0,788.0,2512.0,28,28,2,41.33499323866982,False,cold,E2021,24913,31630.072652831856,4808935.094127564,0.006577354868327699,-0.31428571428571445,29.30967741935484,2022-02-01,2022-02,11.521328950935212
New York,2022-03-01,70513.0,386.0,609.0,31,31,3,41.33499323866982,False,cold,E2021,24913,15493.918837554691,2830369.6865090514,0.005474167883936295,4.290322580645161,29.30967741935484,2022-03-01,2022-03,11.521328950935212
New York,2022-04-01,172388.0,588.0,377.0,30,30,4,41.33499323866982,False,transition,E2021,24913,23602.13543130093,6919600.208726368,0.0034109102721767174,8.453333333333333,29.30967741935484,2022-04-01,2022-04,11.521328950935212
New York,2022-05-01,269689.0,662.0,645.0,31,31,5,41.33499323866982,False,warm,E2021,24913,26572.47220326737,10825231.806687271,0.0024546792787247533,15.748387096774193,29.30967741935484,2022-05-01,2022-05,11.521328950935212
New York,2022-06-01,173282.0,615.0,678.0,30,30,6,41.33499323866982,False,warm,E2021,24913,24685.906956207604,6955485.088106611,0.0035491280109878694,19.706666666666667,29.30967741935484,2022-06-01,2022-06,11.521328950935212
New York,2022-07-01,206851.0,777.0,602.0,31,31,7,41.33499323866982,False,warm,E2021,24913,31188.536105647654,8302934.211054469,0.003756327017998463,24.712903225806453,29.30967741935484,2022-07-01,2022-07,11.521328950935212
New York,2022-08-01,170440.0,750.0,855.0,31,31,8,41.33499323866982,False,warm,E2021,24913,30104.76458074098,6841408.100188657,0.004400375498709223,23.967741935483872,29.30967741935484,2022-08-01,2022-08,11.521328950935212
New York,2022-09-01,132929.0,985.0,704.0,30,30,9,41.33499323866982,False,warm,E2022,24913,39537.59081603982,5335728.3346044235,0.007409970736257702,17.663333333333334,29.30967741935484,2022-09-01,2022-09,11.521328950935212
New York,2022-10-01,130850.0,1067.0,1318.0,31,31,10,41.33499323866982,False,transition,E2022,24913,42829.0450768675,5252277.927186609,0.00815437523882308,11.048387096774194,29.30967741935484,2022-10-01,2022-10,11.521328950935212
New York,2022-11-01,128619.0,1092.0,837.0,30,30,11,41.33499323866982,False,cold,E2022,24913,43832.53722955887,5162726.287480432,0.00849019196230728,7.296666666666667,29.30967741935484,2022-11-01,2022-11,11.521328950935212
New York,2022-12-01,193222.0,1201.0,1156.0,31,31,12,41.33499323866982,False,cold,E2022,24913,48207.76301529322,7755870.4290932445,0.006215648321619692,0.2806451612903226,29.30967741935484,2022-12-01,2022-12,11.521328950935212
North Carolina,2020-03-01,1578.0,245.0,12.0,31,31,3,35.5443369351402,False,cold,E2019,18069,13559.13442913277,87331.89440478168,0.1552598225602028,13.903225806451612,23.012903225806454,2020-03-01,2020-03,16.80520149995482
North Carolina,2020-04-01,9542.0,489.0,394.0,30,30,4,35.5443369351402,False,transition,E2019,18069,27062.925452432344,528086.7784603464,0.051247118004611195,15.44,23.012903225806454,2020-04-01,2020-04,16.80520149995482
North Carolina,2020-05-01,18394.0,511.0,531.0,31,31,5,35.5443369351402,False,warm,E2019,18069,28280.48038076263,1017986.6068957883,0.0277807980863325,18.429032258064513,23.012903225806454,2020-05-01,2020-05,16.80520149995482
North Carolina,2020-06-01,37712.0,460.0,443.0,30,30,6,35.5443369351402,False,warm,E2019,18069,25457.96668326969,2087110.5207814488,0.0121977089520577,23.540000000000003,23.012903225806454,2020-06-01,2020-06,16.80520149995482
North Carolina,2020-07-01,58452.0,789.0,562.0,31,31,7,35.5443369351402,False,warm,E2019,18069,43665.94720239084,3234932.757761913,0.013498254978443851,27.112903225806452,23.012903225806454,2020-07-01,2020-07,16.80520149995482
North Carolina,2020-08-01,47201.0,753.0,760.0,31,31,8,35.5443369351402,False,warm,E2019,18069,41673.58459239582,2612264.098732636,0.01595305184212199,25.225806451612904,23.012903225806454,2020-08-01,2020-08,16.80520149995482
North Carolina,2020-09-01,37753.0,785.0,830.0,30,30,9,35.5443369351402,False,warm,E2020,18069,43444.57357905806,2089379.6004206098,0.020793049558975447,21.236666666666668,23.012903225806454,2020-09-01,2020-09,16.80520149995482
North Carolina,2020-10-01,64003.0,973.0,846.0,31,31,10,35.5443369351402,False,transition,E2020,18069,53849.13387569871,3542144.003541978,0.015202412386919363,17.748387096774195,23.012903225806454,2020-10-01,2020-10,16.80520149995482
North Carolina,2020-11-01,89877.0,1235.0,883.0,30,30,11,35.5443369351402,False,cold,E2020,18069,68349.10620399579,4974099.286070065,0.013741001591063342,13.32,23.012903225806454,2020-11-01,2020-11,16.80520149995482
North Carolina,2020-12-01,175033.0,2099.0,1487.0,31,31,12,35.5443369351402,False,cold,E2020,18069,116165.80884387625,9686922.353201617,0.011992024361120474,6.058064516129033,23.012903225806454,2020-12-01,2020-12,16.80520149995482
North Carolina,2021-01-01,217981.0,2587.0,2587.0,31,31,1,35.5443369351402,False,cold,E2020,18069,143173.3908904754,12063810.946925674,0.011868006844633247,5.306451612903226,23.012903225806454,2021-01-01,2021-01,16.80520149995482
North Carolina,2021-02-01,101022.0,894.0,1877.0,28,28,2,35.5443369351402,False,cold,E2020,18069,49477.00481487631,5590901.544081023,0.008849557522123894,5.675,23.012903225806454,2021-02-01,2021-02,16.80520149995482
North Carolina,2021-03-01,55584.0,660.0,900.0,31,31,3,35.5443369351402,False,cold,E2020,18069,36526.64784990868,3076207.8698323094,0.011873920552677029,12.59032258064516,23.012903225806454,2021-03-01,2021-03,16.80520149995482
North Carolina,2021-04-01,55620.0,478.0,539.0,30,30,4,35.5443369351402,False,transition,E2020,18069,26454.1479882672,3078200.2324423045,0.008594030924128011,16.25,23.012903225806454,2021-04-01,2021-04,16.80520149995482
North Carolina,2021-05-01,31402.0,410.0,427.0,31,31,5,35.5443369351402,False,warm,E2020,18069,22690.79639160994,1737893.6299739885,0.013056493216992548,19.76774193548387,23.012903225806454,2021-05-01,2021-05,16.80520149995482
North Carolina,2021-06-01,12535.0,182.0,356.0,30,30,6,35.5443369351402,False,warm,E2020,18069,10072.499861641485,693729.592119099,0.01451934583167132,23.82,23.012903225806454,2021-06-01,2021-06,16.80520149995482
North Carolina,2021-07-01,34387.0,509.0,201.0,31,31,7,35.5443369351402,False,warm,E2020,18069,28169.79356909624,1903093.6963860756,0.014802105446825836,25.72258064516129,23.012903225806454,2021-07-01,2021-07,16.80520149995482
North Carolina,2021-08-01,165578.0,1752.0,833.0,31,31,8,35.5443369351402,False,warm,E2020,18069,96961.6470197576,9163650.451048758,0.010581115848723864,25.93548387096774,23.012903225806454,2021-08-01,2021-08,16.80520149995482
North Carolina,2021-09-01,181600.0,1885.0,2056.0,30,30,9,35.5443369351402,False,warm,E2021,18069,104322.31999557253,10050362.499308208,0.010379955947136563,22.19333333333333,23.012903225806454,2021-09-01,2021-09,16.80520149995482
North Carolina,2021-10-01,82260.0,901.0,1526.0,31,31,10,35.5443369351402,False,transition,E2021,18069,49864.40865570867,4552548.563838619,0.010953075613907124,18.548387096774192,23.012903225806454,2021-10-01,2021-10,16.80520149995482
North Carolina,2021-11-01,56491.0,586.0,690.0,30,30,11,35.5443369351402,False,cold,E2021,18069,32431.235818252255,3126404.3389230175,0.010373333805384929,9.696666666666665,23.012903225806454,2021-11-01,2021-11,16.80520149995482
North Carolina,2021-12-01,152662.0,1010.0,686.0,31,31,12,35.5443369351402,False,cold,E2021,18069,55896.83989152693,8448835.021307211,0.006615922757464202,11.14516129032258,23.012903225806454,2021-12-01,2021-12,16.80520149995482
North Carolina,2022-01-01,735132.0,2044.0,1331.0,31,31,1,35.5443369351402,False,cold,E2021,18069,113121.92152305052,40684708.61696829,0.0027804530342849993,4.1,23.012903225806454,2022-01-01,2022-01,16.80520149995482
North Carolina,2022-02-01,167718.0,841.0,1813.0,28,28,2,35.5443369351402,False,cold,E2021,18069,46543.80430571697,9282085.339531794,0.005014369358089173,8.253571428571428,23.012903225806454,2022-02-01,2022-02,16.80520149995482
North Carolina,2022-03-01,39845.0,285.0,637.0,31,31,3,35.5443369351402,False,cold,E2021,18069,15772.870662460567,2205158.005423654,0.007152716777512862,12.564516129032258,23.012903225806454,2022-03-01,2022-03,16.80520149995482
North Carolina,2022-04-01,29893.0,1264.0,198.0,30,30,4,35.5443369351402,False,transition,E2021,18069,69954.06497315844,1654380.4305716974,0.04228414679021845,16.01,23.012903225806454,2022-04-01,2022-04,16.80520149995482
North Carolina,2022-05-01,85680.0,513.0,1239.0,31,31,5,35.5443369351402,False,warm,E2021,18069,28391.16719242902,4741823.011788146,0.005987394957983194,20.948387096774194,23.012903225806454,2022-05-01,2022-05,16.80520149995482
North Carolina,2022-06-01,122283.0,295.0,565.0,30,30,6,35.5443369351402,False,warm,E2021,18069,16326.304720792517,6767557.6955005815,0.0024124367246469254,24.716666666666665,23.012903225806454,2022-06-01,2022-06,16.80520149995482
North Carolina,2022-07-01,115912.0,325.0,274.0,31,31,7,35.5443369351402,False,warm,E2021,18069,17986.606895788365,6414964.856937296,0.002803851197460142,26.383870967741935,23.012903225806454,2022-07-01,2022-07,16.80520149995482
North Carolina,2022-08-01,137692.0,698.0,852.0,31,31,8,35.5443369351402,False,warm,E2021,18069,38629.69727157009,7620344.235984283,0.005069285071028092,24.79032258064516,23.012903225806454,2022-08-01,2022-08,16.80520149995482
North Carolina,2022-09-01,78044.0,427.0,190.0,30,30,9,35.5443369351402,False,warm,E2022,18069,23631.634290774255,4319220.764845869,0.005471272615447696,21.92,23.012903225806454,2022-09-01,2022-09,16.80520149995482
North Carolina,2022-10-01,38574.0,420.0,428.0,31,31,10,35.5443369351402,False,transition,E2022,18069,23244.23044994189,2134816.536609663,0.010888163011354798,14.880645161290323,23.012903225806454,2022-10-01,2022-10,16.80520149995482
North Carolina,2022-11-01,37903.0,324.0,418.0,30,30,11,35.5443369351402,False,cold,E2022,18069,17931.26348995517,2097681.1112955892,0.008548136031448697,12.353333333333333,23.012903225806454,2022-11-01,2022-11,16.80520149995482
North Carolina,2022-12-01,41471.0,338.0,258.0,31,31,12,35.5443369351402,False,cold,E2022,18069,18706.0711716199,2295146.383308429,0.00815027368522582,5.790322580645161,23.012903225806454,2022-12-01,2022-12,16.80520149995482
North Dakota,2020-04-01,986.0,38.0,16.0,30,30,4,47.365995809785694,False,transition,E2019,37589,1010.9340498550108,26231.07824097475,0.038539553752535496,3.0566666666666666,37.75691244239631,2020-04-01,2020-04,5.161702304147465
North Dakota,2020-05-01,1519.0,26.0,42.0,31,31,5,47.365995809785694,False,warm,E2019,37589,691.6917183218495,40410.75846657267,0.017116524028966424,11.174193548387096,37.75691244239631,2020-05-01,2020-05,5.161702304147465
North Dakota,2020-06-01,990.0,17.0,18.0,30,30,6,47.365995809785694,False,warm,E2019,37589,452.2599696719785,26337.492351485806,0.01717171717171717,20.09333333333333,37.75691244239631,2020-06-01,2020-06,5.161702304147465
North Dakota,2020-07-01,2975.0,38.0,24.0,31,31,7,47.365995809785694,False,warm,E2019,37589,1010.9340498550108,79145.49469259624,0.012773109243697478,21.56451612903226,37.75691244239631,2020-07-01,2020-07,5.161702304147465
North Dakota,2020-08-01,5386.0,61.0,40.0,31,31,8,47.365995809785694,False,warm,E2019,37589,1622.81518529357,143286.5998031339,0.011325659116227255,20.738709677419354,37.75691244239631,2020-08-01,2020-08,5.161702304147465
North Dakota,2020-09-01,10168.0,229.0,103.0,30,30,9,47.365995809785694,False,warm,E2020,37589,6092.207826757828,270504.6689190987,0.022521636506687648,14.556666666666667,37.75691244239631,2020-09-01,2020-09,5.161702304147465
North Dakota,2020-10-01,23106.0,418.0,278.0,31,31,10,47.365995809785694,False,transition,E2020,37589,11120.27454840512,614701.109367102,0.018090539253873453,4.161290322580645,37.75691244239631,2020-10-01,2020-10,5.161702304147465
North Dakota,2020-11-01,35503.0,393.0,409.0,30,30,11,47.365995809785694,False,cold,E2020,37589,10455.186357711033,944505.0413684854,0.0110694870855984,0.67,37.75691244239631,2020-11-01,2020-11,5.161702304147465
North Dakota,2020-12-01,11336.0,189.0,366.0,31,31,12,47.365995809785694,False,cold,E2020,37589,5028.06672164729,301577.5891883264,0.01667254763585039,-4.016129032258065,37.75691244239631,2020-12-01,2020-12,5.161702304147465
North Dakota,2021-01-01,4989.0,46.0,148.0,31,31,1,47.365995809785694,False,cold,E2020,37589,1223.7622708771182,132724.99933491182,0.009220284626177591,-5.025806451612904,37.75691244239631,2021-01-01,2021-01,5.161702304147465
North Dakota,2021-02-01,2550.0,24.0,28.0,28,28,2,47.365995809785694,False,cold,E2020,37589,638.4846630663226,67838.99545079678,0.009411764705882352,-13.132142857142856,37.75691244239631,2021-02-01,2021-02,5.161702304147465
North Dakota,2021-03-01,3464.0,23.0,22.0,31,31,3,47.365995809785694,False,cold,E2020,37589,611.8811354385591,92154.61970257256,0.0066397228637413395,1.9870967741935484,37.75691244239631,2021-03-01,2021-03,5.161702304147465
North Dakota,2021-04-01,4332.0,22.0,26.0,30,30,4,47.365995809785694,False,transition,E2020,37589,585.2776078107958,115246.48168347123,0.0050784856879039705,4.67,37.75691244239631,2021-04-01,2021-04,5.161702304147465
North Dakota,2021-05-01,2309.0,17.0,20.0,31,31,5,47.365995809785694,False,warm,E2020,37589,452.2599696719785,61427.54529250578,0.0073624945864010395,12.112903225806452,37.75691244239631,2021-05-01,2021-05,5.161702304147465
North Dakota,2021-06-01,764.0,15.0,16.0,30,30,6,47.365995809785694,False,warm,E2020,37589,399.05291441645164,20325.09510761127,0.01963350785340314,21.163333333333334,37.75691244239631,2021-06-01,2021-06,5.161702304147465
North Dakota,2021-07-01,963.0,13.0,11.0,31,31,7,47.365995809785694,False,warm,E2020,37589,345.84585916092476,25619.197105536194,0.013499480789200415,23.43548387096774,37.75691244239631,2021-07-01,2021-07,5.161702304147465
North Dakota,2021-08-01,6258.0,44.0,22.0,31,31,8,47.365995809785694,False,warm,E2020,37589,1170.5552156215915,166484.87589454363,0.007031000319590924,21.274193548387096,37.75691244239631,2021-08-01,2021-08,5.161702304147465
North Dakota,2021-09-01,14828.0,111.0,53.0,30,30,9,47.365995809785694,False,warm,E2021,37589,2952.991566681742,394477.1076644763,0.0074858376045319665,17.89,37.75691244239631,2021-09-01,2021-09,5.161702304147465
North Dakota,2021-10-01,15745.0,152.0,153.0,31,31,10,47.365995809785694,False,transition,E2021,37589,4043.7361994200432,418872.54249913536,0.00965385836773579,9.64516129032258,37.75691244239631,2021-10-01,2021-10,5.161702304147465
North Dakota,2021-11-01,14437.0,144.0,132.0,30,30,11,47.365995809785694,False,cold,E2021,37589,3830.9079783979355,384075.1283620208,0.009974371406801966,0.5766666666666667,37.75691244239631,2021-11-01,2021-11,5.161702304147465
North Dakota,2021-12-01,11629.0,81.0,127.0,31,31,12,47.365995809785694,False,cold,E2021,37589,2154.8857378488387,309372.42278326105,0.006965345257545791,-10.067741935483872,37.75691244239631,2021-12-01,2021-12,5.161702304147465
North Dakota,2022-01-01,51294.0,80.0,83.0,31,31,1,47.365995809785694,False,cold,E2021,37589,2128.2822102210753,1364601.346138498,0.0015596366046711117,-14.064516129032258,37.75691244239631,2022-01-01,2022-01,5.161702304147465
North Dakota,2022-02-01,12271.0,38.0,54.0,28,28,2,47.365995809785694,False,cold,E2021,37589,1010.9340498550108,326451.8875202852,0.003096732132670524,-14.321428571428571,37.75691244239631,2022-02-01,2022-02,5.161702304147465
North Dakota,2022-11-01,3975.0,182.0,0.0,30,30,11,47.365995809785694,False,cold,E2022,37589,4841.842028252946,105749.02232035968,0.04578616352201258,-4.796666666666667,37.75691244239631,2022-11-01,2022-11,5.161702304147465
North Dakota,2022-12-01,3617.0,28.0,195.0,31,31,12,47.365995809785694,False,cold,E2022,37589,744.8987735773763,96224.95942962037,0.007741222007188278,-14.303225806451612,37.75691244239631,2022-12-01,2022-12,5.161702304147465
Ohio,2020-03-01,2199.0,690.0,90.0,31,31,3,40.39834667583883,False,cold,E2019,21772,31692.081572662133,101001.2860554841,0.31377899045020463,6.67741935483871,29.151958525345623,2020-03-01,2020-03,11.728744239631336
Ohio,2020-04-01,15828.0,1161.0,992.0,30,30,4,40.39834667583883,False,transition,E2019,21772,53325.372037479334,726988.792945067,0.07335102350265353,8.02,29.151958525345623,2020-04-01,2020-04,11.728744239631336
Ohio,2020-05-01,17486.0,628.0,1051.0,31,31,5,40.39834667583883,False,warm,E2019,21772,28844.387286422927,803141.6498254639,0.0359144458423882,13.980645161290322,29.151958525345623,2020-05-01,2020-05,11.728744239631336
Ohio,2020-06-01,16276.0,455.0,467.0,30,30,6,40.39834667583883,False,warm,E2019,21772,20898.401616755466,747565.6806907955,0.027955271565495207,20.933333333333334,29.151958525345623,2020-06-01,2020-06,11.728744239631336
Ohio,2020-07-01,39370.0,732.0,608.0,31,31,7,40.39834667583883,False,warm,E2019,21772,33621.164798824175,1808285.871761896,0.018592837185674373,24.448387096774194,29.151958525345623,2020-07-01,2020-07,11.728744239631336
Ohio,2020-08-01,31996.0,627.0,704.0,31,31,8,40.39834667583883,False,warm,E2019,21772,28798.45673341907,1469593.9739114458,0.019596199524940617,22.05483870967742,29.151958525345623,2020-08-01,2020-08,11.728744239631336
Ohio,2020-09-01,30832.0,652.0,558.0,30,30,9,40.39834667583883,False,warm,E2020,21772,29946.720558515524,1416130.810214955,0.02114686040477426,18.55,29.151958525345623,2020-09-01,2020-09,11.728744239631336
Ohio,2020-10-01,61710.0,1915.0,854.0,31,31,10,40.39834667583883,False,transition,E2020,21772,87957.00900238838,2834374.4258680874,0.031032247609787716,11.683870967741935,29.151958525345623,2020-10-01,2020-10,11.728744239631336
Ohio,2020-11-01,205366.0,5097.0,2759.0,30,30,11,40.39834667583883,False,cold,E2020,21772,234108.02866066506,9432573.948190337,0.02481910345432058,7.566666666666666,29.151958525345623,2020-11-01,2020-11,11.728744239631336
Ohio,2020-12-01,279317.0,4439.0,5537.0,31,31,12,40.39834667583883,False,cold,E2020,21772,203885.7247841264,12829184.273378652,0.01589233738010934,0.14838709677419357,29.151958525345623,2020-12-01,2020-12,11.728744239631336
Ohio,2021-01-01,195412.0,2070.0,3704.0,31,31,1,40.39834667583883,False,cold,E2020,21772,95076.24471798641,8975381.223589933,0.01059300350029681,-1.2193548387096773,29.151958525345623,2021-01-01,2021-01,11.728744239631336
Ohio,2021-02-01,71630.0,677.0,1366.0,28,28,2,40.39834667583883,False,cold,E2020,21772,31094.98438361198,3290005.5116663603,0.009451347200893481,-4.703571428571428,29.151958525345623,2021-02-01,2021-02,11.728744239631336
Ohio,2021-03-01,50144.0,518.0,600.0,31,31,3,40.39834667583883,False,cold,E2020,21772,23792.02645599853,2303141.649825464,0.010330248883216337,6.683870967741935,29.151958525345623,2021-03-01,2021-03,11.728744239631336
Ohio,2021-04-01,54746.0,504.0,555.0,30,30,4,40.39834667583883,False,transition,E2020,21772,23148.998713944515,2514514.054749219,0.009206152047638184,10.24,29.151958525345623,2021-04-01,2021-04,11.728744239631336
Ohio,2021-05-01,29622.0,325.0,460.0,31,31,5,40.39834667583883,False,warm,E2020,21772,14927.429726253904,1360554.8410802865,0.010971575180609006,14.916129032258064,29.151958525345623,2021-05-01,2021-05,11.728744239631336
Ohio,2021-06-01,9390.0,147.0,235.0,30,30,6,40.39834667583883,False,warm,E2020,21772,6751.79129156715,431287.8927062282,0.015654952076677317,21.68,29.151958525345623,2021-06-01,2021-06,11.728744239631336
Ohio,2021-07-01,17953.0,439.0,165.0,31,31,7,40.39834667583883,False,warm,E2020,21772,20163.512768693734,824591.2180782657,0.0244527377040049,22.32903225806452,29.151958525345623,2021-07-01,2021-07,11.728744239631336
Ohio,2021-08-01,91623.0,1765.0,736.0,31,31,8,40.39834667583883,False,warm,E2020,21772,81067.42605180967,4208295.057872497,0.019263721991203082,23.274193548387096,29.151958525345623,2021-08-01,2021-08,11.728744239631336
Ohio,2021-09-01,193072.0,2541.0,2174.0,30,30,9,40.39834667583883,False,warm,E2021,21772,116709.53518280361,8867903.729560904,0.013160893345487694,19.39333333333333,29.151958525345623,2021-09-01,2021-09,11.728744239631336
Ohio,2021-10-01,131355.0,1987.0,2484.0,31,31,10,40.39834667583883,False,transition,E2021,21772,91264.00881866617,6033207.78982179,0.01512694606219786,15.47741935483871,29.151958525345623,2021-10-01,2021-10,11.728744239631336
Ohio,2021-11-01,144890.0,3228.0,2041.0,30,30,11,40.39834667583883,False,cold,E2021,21772,148263.82509645415,6654877.8247290095,0.022278970253295602,4.343333333333334,29.151958525345623,2021-11-01,2021-11,11.728744239631336
Ohio,2021-12-01,325865.0,4461.0,3757.0,31,31,12,40.39834667583883,False,cold,E2021,21772,204896.19695021128,14967159.65460224,0.013689718134810428,4.183870967741935,29.151958525345623,2021-12-01,2021-12,11.728744239631336
Ohio,2022-01-01,564323.0,2730.0,4393.0,31,31,1,40.39834667583883,False,cold,E2021,21772,125390.4097005328,25919667.462796252,0.004837655030895427,-4.374193548387097,29.151958525345623,2022-01-01,2022-01,11.728744239631336
Ohio,2022-02-01,73535.0,608.0,1734.0,28,28,2,40.39834667583883,False,cold,E2021,21772,27925.776226345766,3377503.21513871,0.00826817161895696,-1.1642857142857144,29.151958525345623,2022-02-01,2022-02,11.728744239631336
Ohio,2022-03-01,18861.0,195.0,475.0,31,31,3,40.39834667583883,False,cold,E2021,21772,8956.457835752342,866296.1602057689,0.01033879433752187,5.619354838709677,29.151958525345623,2022-03-01,2022-03,11.728744239631336
Ohio,2022-04-01,24257.0,153.0,149.0,30,30,4,40.39834667583883,False,transition,E2021,21772,7027.3746095903,1114137.4242145875,0.006307457641093293,8.673333333333334,29.151958525345623,2022-04-01,2022-04,11.728744239631336
Ohio,2022-05-01,66065.0,240.0,171.0,31,31,5,40.39834667583883,False,warm,E2021,21772,11023.33272092596,3034401.98419989,0.00363278589268145,17.419354838709676,29.151958525345623,2022-05-01,2022-05,11.728744239631336
Ohio,2022-06-01,85330.0,240.0,228.0,30,30,6,40.39834667583883,False,warm,E2021,21772,11023.33272092596,3919254.0878192172,0.002812609867572952,21.433333333333334,29.151958525345623,2022-06-01,2022-06,11.728744239631336
Ohio,2022-07-01,99789.0,409.0,302.0,31,31,7,40.39834667583883,False,warm,E2021,21772,18785.59617857799,4583363.953702003,0.004098648147591418,23.338709677419356,29.151958525345623,2022-07-01,2022-07,11.728744239631336
Ohio,2022-08-01,101304.0,388.0,430.0,31,31,8,40.39834667583883,False,warm,E2021,21772,17821.05456549697,4652948.7415028475,0.003830056068862039,21.725806451612904,29.151958525345623,2022-08-01,2022-08,11.728744239631336
Ohio,2022-09-01,94200.0,309.0,355.0,30,30,9,40.39834667583883,False,warm,E2022,21772,14192.540878192174,4326658.092963439,0.0032802547770700635,18.133333333333333,29.151958525345623,2022-09-01,2022-09,11.728744239631336
Ohio,2022-10-01,41292.0,355.0,305.0,31,31,10,40.39834667583883,False,transition,E2022,21772,16305.346316369649,1896564.3946353113,0.008597306984403759,11.074193548387097,29.151958525345623,2022-10-01,2022-10,11.728744239631336
Ohio,2022-11-01,42721.0,401.0,366.0,30,30,11,40.39834667583883,False,cold,E2022,21772,18418.151754547125,1962199.1548778247,0.009386484398773437,6.333333333333333,29.151958525345623,2022-11-01,2022-11,11.728744239631336
Ohio,2022-12-01,79809.0,468.0,436.0,31,31,12,40.39834667583883,False,cold,E2022,21772,21495.498805805622,3665671.504684916,0.005864000300717964,-0.09677419354838687,29.151958525345623,2022-12-01,2022-12,11.728744239631336
Oklahoma,2020-03-01,568.0,163.0,23.0,31,31,3,35.589254707587955,False,cold,E2019,20211,8064.91514521795,28103.507990698134,0.2869718309859155,13.83548387096774,30.396198156682026,2020-03-01,2020-03,17.28087917626728
Oklahoma,2020-04-01,3050.0,140.0,199.0,30,30,4,35.589254707587955,False,transition,E2019,20211,6926.92098362278,150907.92142892483,0.04590163934426229,14.823333333333332,30.396198156682026,2020-04-01,2020-04,17.28087917626728
Oklahoma,2020-05-01,2800.0,65.0,112.0,31,31,5,35.589254707587955,False,warm,E2019,20211,3216.070456682005,138538.41967245558,0.023214285714285715,19.958064516129035,30.396198156682026,2020-05-01,2020-05,17.28087917626728
Oklahoma,2020-06-01,7339.0,92.0,53.0,30,30,6,35.589254707587955,False,warm,E2019,20211,4551.976646380684,363119.09356291126,0.012535767815778717,26.793333333333333,30.396198156682026,2020-06-01,2020-06,17.28087917626728
Oklahoma,2020-07-01,22730.0,254.0,154.0,31,31,7,35.589254707587955,False,warm,E2019,20211,12567.413784572758,1124635.099698184,0.01117465904091509,28.451612903225808,30.396198156682026,2020-07-01,2020-07,17.28087917626728
Oklahoma,2020-08-01,22246.0,233.0,259.0,31,31,8,35.589254707587955,False,warm,E2019,20211,11528.375637029341,1100687.7442976597,0.010473793041445653,26.783870967741933,30.396198156682026,2020-08-01,2020-08,17.28087917626728
Oklahoma,2020-09-01,28466.0,262.0,231.0,30,30,9,35.589254707587955,False,warm,E2020,20211,12963.237840779773,1408440.9479986145,0.009203962622075458,21.933333333333334,30.396198156682026,2020-09-01,2020-09,17.28087917626728
Oklahoma,2020-10-01,35563.0,414.0,306.0,31,31,10,35.589254707587955,False,transition,E2020,20211,20483.89490871308,1759586.3638612637,0.011641312600174338,15.583870967741936,30.396198156682026,2020-10-01,2020-10,17.28087917626728
Oklahoma,2020-11-01,74983.0,594.0,406.0,30,30,11,35.589254707587955,False,cold,E2020,20211,29389.936173370937,3710009.400821335,0.007921795607004255,13.053333333333335,30.396198156682026,2020-11-01,2020-11,17.28087917626728
Oklahoma,2020-12-01,93464.0,922.0,746.0,31,31,12,35.589254707587955,False,cold,E2020,20211,45618.722477858595,4624412.448666568,0.009864760763502525,6.061290322580645,30.396198156682026,2020-12-01,2020-12,17.28087917626728
Oklahoma,2021-01-01,98988.0,1041.0,1058.0,31,31,1,35.589254707587955,False,cold,E2020,20211,51506.60531393795,4897728.959477512,0.010516426233482846,4.841935483870968,30.396198156682026,2021-01-01,2021-01,17.28087917626728
Oklahoma,2021-02-01,35360.0,607.0,881.0,28,28,2,35.589254707587955,False,cold,E2020,20211,30033.15026470734,1749542.3284350107,0.017166289592760182,0.5392857142857144,30.396198156682026,2021-02-01,2021-02,17.28087917626728
Oklahoma,2021-03-01,14183.0,1928.0,525.0,31,31,3,35.589254707587955,False,cold,E2020,20211,95393.59754589085,701746.5736480134,0.13593738983289855,13.016129032258064,30.396198156682026,2021-03-01,2021-03,17.28087917626728
Oklahoma,2021-04-01,8565.0,202.0,1835.0,30,30,4,35.589254707587955,False,transition,E2020,20211,9994.557419227154,423779.1301766365,0.023584354932866317,14.746666666666666,30.396198156682026,2021-04-01,2021-04,17.28087917626728
Oklahoma,2021-05-01,4472.0,436.0,503.0,31,31,5,35.589254707587955,False,warm,E2020,20211,21572.411063282372,221265.64741972194,0.09749552772808587,19.03548387096774,30.396198156682026,2021-05-01,2021-05,17.28087917626728
Oklahoma,2021-06-01,5074.0,100.0,97.0,30,30,6,35.589254707587955,False,warm,E2020,20211,4947.8007025877,251051.4076492999,0.019708316909735908,25.4,30.396198156682026,2021-06-01,2021-06,17.28087917626728
Oklahoma,2021-07-01,22784.0,222.0,97.0,31,31,7,35.589254707587955,False,warm,E2020,20211,10984.117559744693,1127306.9120775815,0.009743679775280898,27.151612903225807,30.396198156682026,2021-07-01,2021-07,17.28087917626728
Oklahoma,2021-08-01,71323.0,764.0,327.0,31,31,8,35.589254707587955,False,warm,E2020,20211,37801.19736777003,3528919.8951066253,0.010711832087825807,28.032258064516128,30.396198156682026,2021-08-01,2021-08,17.28087917626728
Oklahoma,2021-09-01,61807.0,2100.0,1137.0,30,30,9,35.589254707587955,False,warm,E2021,20211,103903.8147543417,3058087.1802483797,0.03397673402689016,26.283333333333335,30.396198156682026,2021-09-01,2021-09,17.28087917626728
Oklahoma,2021-10-01,30213.0,1232.0,1761.0,31,31,10,35.589254707587955,False,transition,E2021,20211,60956.90465588046,1494879.0262728217,0.04077714890940986,19.229032258064517,30.396198156682026,2021-10-01,2021-10,17.28087917626728
Oklahoma,2021-11-01,22949.0,520.0,1203.0,30,30,11,35.589254707587955,False,cold,E2021,20211,25728.56365345604,1135470.7832368512,0.022658939387337138,11.770000000000001,30.396198156682026,2021-11-01,2021-11,17.28087917626728
Oklahoma,2021-12-01,42011.0,676.0,506.0,31,31,12,35.589254707587955,False,cold,E2021,20211,33447.13274949285,2078620.5531641184,0.016091023779486326,11.880645161290323,30.396198156682026,2021-12-01,2021-12,17.28087917626728
Oklahoma,2022-01-01,267976.0,1255.0,914.0,31,31,1,35.589254707587955,False,cold,E2021,20211,62094.89881747563,13258918.410766413,0.004683255216885094,3.3225806451612905,30.396198156682026,2022-01-01,2022-01,17.28087917626728
Oklahoma,2022-02-01,44681.0,950.0,1279.0,28,28,2,35.589254707587955,False,cold,E2021,20211,47004.10667458315,2210726.83192321,0.021261833889125132,4.571428571428571,30.396198156682026,2022-02-01,2022-02,17.28087917626728
Oklahoma,2022-03-01,11663.0,268.0,829.0,31,31,3,35.589254707587955,False,cold,E2021,20211,13260.105882935035,577061.9959428034,0.022978650432993228,11.038709677419355,30.396198156682026,2022-03-01,2022-03,17.28087917626728
Oklahoma,2022-06-01,26501.0,775.0,0.0,30,30,6,35.589254707587955,False,warm,E2021,20211,38345.45544505467,1311216.6641927664,0.029244179464925853,27.21333333333333,30.396198156682026,2022-06-01,2022-06,17.28087917626728
Oklahoma,2022-07-01,44584.0,303.0,811.0,31,31,7,35.589254707587955,False,warm,E2021,20211,14991.83612884073,2205927.4652417,0.0067961600574197025,30.93548387096774,30.396198156682026,2022-07-01,2022-07,17.28087917626728
Oklahoma,2022-08-01,49291.0,279.0,392.0,31,31,8,35.589254707587955,False,warm,E2021,20211,13804.363960219682,2438820.444312503,0.005660262522570043,28.693548387096776,30.396198156682026,2022-08-01,2022-08,17.28087917626728
Oklahoma,2022-09-01,27537.0,250.0,262.0,30,30,9,35.589254707587955,False,warm,E2022,20211,12369.50175646925,1362475.879471575,0.009078694120637687,25.44,30.396198156682026,2022-09-01,2022-09,17.28087917626728
Oklahoma,2022-10-01,10554.0,153.0,194.0,31,31,10,35.589254707587955,False,transition,E2022,20211,7570.13507495918,522190.8861511058,0.014496873223422399,17.75483870967742,30.396198156682026,2022-10-01,2022-10,17.28087917626728
Oklahoma,2022-11-01,12404.0,148.0,154.0,30,30,11,35.589254707587955,False,cold,E2022,20211,7322.745039829796,613725.1991489782,0.011931634956465657,9.643333333333334,30.396198156682026,2022-11-01,2022-11,17.28087917626728
Oklahoma,2022-12-01,29293.0,232.0,158.0,31,31,12,35.589254707587955,False,cold,E2022,20211,11478.897630003463,1449359.2598090149,0.007919980882804765,5.170967741935483,30.396198156682026,2022-12-01,2022-12,17.28087917626728
Oregon,2020-03-01,689.0,74.0,18.0,31,31,3,44.66039539962666,False,cold,E2019,107100,690.9430438842204,6433.239962651727,0.10740203193033382,1.0161290322580645,20.048387096774192,2020-03-01,2020-03,7.5293828499141595
Oregon,2020-04-01,1820.0,67.0,85.0,30,30,4,44.66039539962666,False,transition,E2019,107100,625.5835667600373,16993.46405228758,0.036813186813186814,5.65,20.048387096774192,2020-04-01,2020-04,7.5293828499141595
Oregon,2020-05-01,1733.0,45.0,50.0,31,31,5,44.66039539962666,False,warm,E2019,107100,420.16806722689074,16181.139122315593,0.025966532025389497,8.77741935483871,20.048387096774192,2020-05-01,2020-05,7.5293828499141595
Oregon,2020-06-01,4413.0,79.0,54.0,30,30,6,44.66039539962666,False,warm,E2019,107100,737.6283846872083,41204.48179271709,0.01790165420348969,10.983333333333333,20.048387096774192,2020-06-01,2020-06,7.5293828499141595
Oregon,2020-07-01,9836.0,145.0,115.0,31,31,7,44.66039539962666,False,warm,E2019,107100,1353.874883286648,91839.40242763772,0.014741764945099633,15.051612903225806,20.048387096774192,2020-07-01,2020-07,7.5293828499141595
Oregon,2020-08-01,8221.0,115.0,137.0,31,31,8,44.66039539962666,False,warm,E2019,107100,1073.762838468721,76760.03734827264,0.013988565867899282,16.025806451612905,20.048387096774192,2020-08-01,2020-08,7.5293828499141595
Oregon,2020-09-01,6796.0,106.0,100.0,30,30,9,44.66039539962666,False,warm,E2020,107100,989.7292250233427,63454.7152194211,0.015597410241318423,15.203333333333335,20.048387096774192,2020-09-01,2020-09,7.5293828499141595
Oregon,2020-10-01,11412.0,184.0,130.0,31,31,10,44.66039539962666,False,transition,E2020,107100,1718.0205415499534,106554.6218487395,0.016123378899404135,8.40967741935484,20.048387096774192,2020-10-01,2020-10,7.5293828499141595
Oregon,2020-11-01,30510.0,528.0,223.0,30,30,11,44.66039539962666,False,cold,E2020,107100,4929.971988795518,284873.9495798319,0.017305801376597835,2.5266666666666664,20.048387096774192,2020-11-01,2020-11,7.5293828499141595
Oregon,2020-12-01,38478.0,496.0,565.0,31,31,12,44.66039539962666,False,cold,E2020,107100,4631.185807656396,359271.7086834734,0.012890482873330215,1.261290322580645,20.048387096774192,2020-12-01,2020-12,7.5293828499141595
Oregon,2021-01-01,28507.0,312.0,480.0,31,31,1,44.66039539962666,False,cold,E2020,107100,2913.1652661064427,266171.802054155,0.01094468025397271,1.4903225806451614,20.048387096774192,2021-01-01,2021-01,7.5293828499141595
Oregon,2021-02-01,13181.0,208.0,251.0,28,28,2,44.66039539962666,False,cold,E2020,107100,1942.110177404295,123071.8954248366,0.015780289811091724,-0.19285714285714284,20.048387096774192,2021-02-01,2021-02,7.5293828499141595
Oregon,2021-03-01,9415.0,104.0,175.0,31,31,3,44.66039539962666,False,cold,E2020,107100,971.0550887021475,87908.49673202615,0.011046202867764206,-0.0064516129032258125,20.048387096774192,2021-03-01,2021-03,7.5293828499141595
Oregon,2021-04-01,19800.0,146.0,112.0,30,30,4,44.66039539962666,False,transition,E2020,107100,1363.2119514472456,184873.94957983194,0.0073737373737373735,5.2733333333333325,20.048387096774192,2021-04-01,2021-04,7.5293828499141595
Oregon,2021-05-01,16663.0,143.0,176.0,31,31,5,44.66039539962666,False,warm,E2020,107100,1335.200746965453,155583.56676003736,0.00858188801536338,8.496774193548386,20.048387096774192,2021-05-01,2021-05,7.5293828499141595
Oregon,2021-06-01,7165.0,77.0,103.0,30,30,6,44.66039539962666,False,warm,E2020,107100,718.9542483660131,66900.0933706816,0.010746685275645498,15.013333333333332,20.048387096774192,2021-06-01,2021-06,7.5293828499141595
Oregon,2021-07-01,11115.0,179.0,84.0,31,31,7,44.66039539962666,False,warm,E2020,107100,1671.3352007469655,103781.51260504202,0.016104363472784527,18.148387096774194,20.048387096774192,2021-07-01,2021-07,7.5293828499141595
Oregon,2021-08-01,56532.0,612.0,340.0,31,31,8,44.66039539962666,False,warm,E2020,107100,5714.285714285715,527843.1372549019,0.010825727021863723,17.287096774193547,20.048387096774192,2021-08-01,2021-08,7.5293828499141595
Oregon,2021-09-01,53767.0,651.0,593.0,30,30,9,44.66039539962666,False,warm,E2021,107100,6078.431372549019,502026.14379084966,0.0121077984637417,12.983333333333333,20.048387096774192,2021-09-01,2021-09,7.5293828499141595
Oregon,2021-10-01,34999.0,639.0,581.0,31,31,10,44.66039539962666,False,transition,E2021,107100,5966.3865546218485,326788.04855275445,0.018257664504700136,6.319354838709677,20.048387096774192,2021-10-01,2021-10,7.5293828499141595
Oregon,2021-11-01,26046.0,645.0,789.0,30,30,11,44.66039539962666,False,cold,E2021,107100,6022.408963585434,243193.27731092437,0.024763879290486065,4.3566666666666665,20.048387096774192,2021-11-01,2021-11,7.5293828499141595
Oregon,2021-12-01,30164.0,377.0,494.0,31,31,12,44.66039539962666,False,cold,E2021,107100,3520.074696545285,281643.3239962652,0.012498342394907836,-0.1451612903225807,20.048387096774192,2021-12-01,2021-12,7.5293828499141595
Oregon,2022-01-01,212613.0,520.0,445.0,31,31,1,44.66039539962666,False,cold,E2021,107100,4855.275443510737,1985182.0728291317,0.002445758255609958,0.20645161290322583,20.048387096774192,2022-01-01,2022-01,7.5293828499141595
Oregon,2022-02-01,60053.0,519.0,522.0,28,28,2,44.66039539962666,False,cold,E2021,107100,4845.93837535014,560718.9542483661,0.008642365910112734,-0.34285714285714286,20.048387096774192,2022-02-01,2022-02,7.5293828499141595
Oregon,2022-03-01,10223.0,502.0,522.0,31,31,3,44.66039539962666,False,cold,E2021,107100,4687.208216619982,95452.84780578899,0.049104959405262646,1.9483870967741934,20.048387096774192,2022-03-01,2022-03,7.5293828499141595
Oregon,2022-04-01,17159.0,109.0,358.0,30,30,4,44.66039539962666,False,transition,E2021,107100,1017.7404295051354,160214.75256769374,0.006352351535637275,1.6966666666666668,20.048387096774192,2022-04-01,2022-04,7.5293828499141595
Oregon,2022-05-01,44137.0,143.0,133.0,31,31,5,44.66039539962666,False,warm,E2021,107100,1335.200746965453,412110.1774042951,0.0032399120918956883,5.829032258064516,20.048387096774192,2022-05-01,2022-05,7.5293828499141595
Oregon,2022-06-01,46244.0,267.0,178.0,30,30,6,44.66039539962666,False,warm,E2021,107100,2492.997198879552,431783.3800186741,0.005773721996367096,11.21,20.048387096774192,2022-06-01,2022-06,7.5293828499141595
Oregon,2022-07-01,38660.0,346.0,288.0,31,31,7,44.66039539962666,False,warm,E2021,107100,3230.62558356676,360971.0550887021,0.008949818934299017,17.406451612903226,20.048387096774192,2022-07-01,2022-07,7.5293828499141595
Oregon,2022-08-01,27796.0,178.0,311.0,31,31,8,44.66039539962666,False,warm,E2021,107100,1661.9981325863678,259533.14659197011,0.006403799107785293,18.906451612903226,20.048387096774192,2022-08-01,2022-08,7.5293828499141595
Oregon,2022-09-01,16628.0,125.0,149.0,30,30,9,44.66039539962666,False,warm,E2022,107100,1167.1335200746964,155256.76937441644,0.007517440461871542,14.966666666666667,20.048387096774192,2022-09-01,2022-09,7.5293828499141595
Oregon,2022-10-01,13412.0,142.0,119.0,31,31,10,44.66039539962666,False,transition,E2022,107100,1325.8636788048552,125228.75816993463,0.010587533552042947,11.070967741935483,20.048387096774192,2022-10-01,2022-10,7.5293828499141595
Oregon,2022-11-01,16444.0,161.0,184.0,30,30,11,44.66039539962666,False,cold,E2022,107100,1503.2679738562092,153538.7488328665,0.009790805156896133,0.3133333333333333,20.048387096774192,2022-11-01,2022-11,7.5293828499141595
Oregon,2022-12-01,14671.0,193.0,98.0,31,31,12,44.66039539962666,False,cold,E2022,107100,1802.0541549953314,136984.12698412698,0.013155204144230114,-1.1419354838709677,20.048387096774192,2022-12-01,2022-12,7.5293828499141595
Pennsylvania,2020-03-01,4963.0,1649.0,63.0,31,31,3,40.47103564303458,False,cold,E2019,449058,3672.1314395913223,11052.024460092014,0.33225871448720534,7.077419354838709,29.2258064516129,2020-03-01,2020-03,12.711726755218216
Pennsylvania,2020-04-01,42990.0,3245.0,2466.0,30,30,4,40.47103564303458,False,transition,E2019,449058,7226.23803606661,95733.73595393023,0.07548267038846243,8.693333333333333,29.2258064516129,2020-04-01,2020-04,12.711726755218216
Pennsylvania,2020-05-01,27710.0,1536.0,3044.0,31,31,5,40.47103564303458,False,warm,E2019,449058,3420.4935665326084,61706.950995194384,0.05543125225550343,14.23225806451613,29.2258064516129,2020-05-01,2020-05,12.711726755218216
Pennsylvania,2020-06-01,14810.0,624.0,1089.0,30,30,6,40.47103564303458,False,warm,E2019,449058,1389.575511403872,32980.14955751818,0.04213369345037137,21.783333333333335,29.2258064516129,2020-06-01,2020-06,12.711726755218216
Pennsylvania,2020-07-01,25679.0,488.0,547.0,31,31,7,40.47103564303458,False,warm,E2019,449058,1086.7193102004642,57184.14993163467,0.019003855290315043,26.306451612903224,29.2258064516129,2020-07-01,2020-07,12.711726755218216
Pennsylvania,2020-08-01,22274.0,445.0,454.0,31,31,8,40.47103564303458,False,warm,E2019,449058,990.9633054082101,49601.61048238758,0.01997845021100835,24.23548387096774,29.2258064516129,2020-08-01,2020-08,12.711726755218216
Pennsylvania,2020-09-01,25512.0,560.0,470.0,30,30,9,40.47103564303458,False,warm,E2020,449058,1247.05494613168,56812.26033162754,0.021950454687989965,19.06,29.2258064516129,2020-09-01,2020-09,12.711726755218216
Pennsylvania,2020-10-01,49513.0,1238.0,665.0,31,31,10,40.47103564303458,False,transition,E2020,449058,2756.882184483964,110259.69919253192,0.025003534425302447,13.387096774193548,29.2258064516129,2020-10-01,2020-10,12.711726755218216
Pennsylvania,2020-11-01,155565.0,4150.0,1559.0,30,30,11,40.47103564303458,False,cold,E2020,449058,9241.567904368701,346425.1833838836,0.0266769517565005,8.726666666666667,29.2258064516129,2020-11-01,2020-11,12.711726755218216
Pennsylvania,2020-12-01,279558.0,6199.0,5673.0,31,31,12,40.47103564303458,False,cold,E2020,449058,13804.452876911224,622543.1904119289,0.022174289414003533,1.5806451612903225,29.2258064516129,2020-12-01,2020-12,12.711726755218216
Pennsylvania,2021-01-01,203060.0,3456.0,5626.0,31,31,1,40.47103564303458,False,cold,E2020,449058,7696.110524698369,452191.0310026767,0.017019600118191668,0.07096774193548386,29.2258064516129,2021-01-01,2021-01,12.711726755218216
Pennsylvania,2021-02-01,87993.0,1201.0,2339.0,28,28,2,40.47103564303458,False,cold,E2020,449058,2674.487482685978,195950.18906243736,0.013648812973759276,-1.8107142857142857,29.2258064516129,2021-02-01,2021-02,12.711726755218216
Pennsylvania,2021-03-01,95393.0,1044.0,1094.0,31,31,3,40.47103564303458,False,cold,E2020,449058,2324.8667210026324,212429.12942203457,0.010944199259903767,6.290322580645161,29.2258064516129,2021-03-01,2021-03,12.711726755218216
Pennsylvania,2021-04-01,127806.0,1121.0,1120.0,30,30,4,40.47103564303458,False,transition,E2020,449058,2496.336776095738,284609.1150809027,0.008771106207846267,10.856666666666666,29.2258064516129,2021-04-01,2021-04,12.711726755218216
Pennsylvania,2021-05-01,52431.0,610.0,1005.0,31,31,5,40.47103564303458,False,warm,E2020,449058,1358.3991377505802,116757.74621541092,0.011634338463885868,15.33548387096774,29.2258064516129,2021-05-01,2021-05,12.711726755218216
Pennsylvania,2021-06-01,10643.0,245.0,464.0,30,30,6,40.47103564303458,False,warm,E2020,449058,545.5865389326101,23700.724627999054,0.023019825237245137,22.133333333333333,29.2258064516129,2021-06-01,2021-06,12.711726755218216
Pennsylvania,2021-07-01,14205.0,261.0,172.0,31,31,7,40.47103564303458,False,warm,E2020,449058,581.2166802506581,31632.88483892949,0.018373812038014782,23.85483870967742,29.2258064516129,2021-07-01,2021-07,12.711726755218216
Pennsylvania,2021-08-01,71310.0,858.0,385.0,31,31,8,40.47103564303458,False,warm,E2020,449058,1910.6663281803242,158799.0860868752,0.012031973075305007,24.406451612903226,29.2258064516129,2021-08-01,2021-08,12.711726755218216
Pennsylvania,2021-09-01,132222.0,1883.0,1165.0,30,30,9,40.47103564303458,False,warm,E2021,449058,4193.222256367774,294443.0340846839,0.014241200405378832,19.63,29.2258064516129,2021-09-01,2021-09,12.711726755218216
Pennsylvania,2021-10-01,137297.0,2109.0,2052.0,31,31,10,40.47103564303458,False,transition,E2021,449058,4696.498002485202,305744.4695340023,0.01536086003335834,15.729032258064517,29.2258064516129,2021-10-01,2021-10,12.711726755218216
Pennsylvania,2021-11-01,155986.0,2691.0,1969.0,30,30,11,40.47103564303458,False,cold,E2021,449058,5992.544392929199,347362.70147731475,0.017251548215865525,5.6466666666666665,29.2258064516129,2021-11-01,2021-11,12.711726755218216
Pennsylvania,2021-12-01,299504.0,3747.0,3284.0,31,31,12,40.47103564303458,False,cold,E2021,449058,8344.133719920366,666960.6153325406,0.01251068433142796,4.635483870967741,29.2258064516129,2021-12-01,2021-12,12.711726755218216
Pennsylvania,2022-01-01,625057.0,3427.0,3876.0,31,31,1,40.47103564303458,False,cold,E2021,449058,7631.530893559407,1391929.3276146958,0.005482699977762028,-2.9193548387096775,29.2258064516129,2022-01-01,2022-01,12.711726755218216
Pennsylvania,2022-02-01,95944.0,1261.0,2635.0,28,28,2,40.47103564303458,False,cold,E2021,449058,2808.100512628658,213656.14241367485,0.013143083465354791,1.0107142857142857,29.2258064516129,2022-02-01,2022-02,12.711726755218216
Pennsylvania,2022-03-01,23928.0,528.0,1059.0,31,31,3,40.47103564303458,False,cold,E2021,449058,1175.794663495584,53284.876341140785,0.022066198595787363,5.719354838709678,29.2258064516129,2022-03-01,2022-03,12.711726755218216
Pennsylvania,2022-04-01,38866.0,320.0,402.0,30,30,4,40.47103564303458,False,transition,E2021,449058,712.6028263609601,86550.06702920336,0.00823341738280245,9.456666666666667,29.2258064516129,2022-04-01,2022-04,12.711726755218216
Pennsylvania,2022-05-01,87105.0,682.0,470.0,31,31,5,40.47103564303458,False,warm,E2021,449058,1518.734773681796,193972.7162192857,0.007829630905229321,16.716129032258067,29.2258064516129,2022-05-01,2022-05,12.711726755218216
Pennsylvania,2022-06-01,98933.0,467.0,619.0,30,30,6,40.47103564303458,False,warm,E2021,449058,1039.954749720526,220312.2981886527,0.004720366308511821,21.46333333333333,29.2258064516129,2022-06-01,2022-06,12.711726755218216
Pennsylvania,2022-07-01,74336.0,467.0,398.0,31,31,7,40.47103564303458,False,warm,E2021,449058,1039.954749720526,165537.63656365103,0.00628228583727938,25.37741935483871,29.2258064516129,2022-07-01,2022-07,12.711726755218216
Pennsylvania,2022-08-01,105309.0,584.0,552.0,31,31,8,40.47103564303458,False,warm,E2021,449058,1300.5001581087522,234510.90950389483,0.005545584897777018,24.22258064516129,29.2258064516129,2022-08-01,2022-08,12.711726755218216
Pennsylvania,2022-09-01,68601.0,484.0,497.0,30,30,9,40.47103564303458,False,warm,E2022,449058,1077.8117748709521,152766.4577849632,0.0070552907392020525,19.1,29.2258064516129,2022-09-01,2022-09,12.711726755218216
Pennsylvania,2022-10-01,50886.0,544.0,492.0,31,31,10,40.47103564303458,False,transition,E2022,449058,1211.4248048136321,113317.21069438691,0.0106905632197461,11.564516129032258,29.2258064516129,2022-10-01,2022-10,12.711726755218216
Pennsylvania,2022-11-01,55408.0,672.0,682.0,30,30,11,40.47103564303458,False,cold,E2022,449058,1496.4659353580162,123387.17938440024,0.012128212532486284,7.8100000000000005,29.2258064516129,2022-11-01,2022-11,12.711726755218216
Pennsylvania,2022-12-01,55345.0,599.0,505.0,31,31,12,40.47103564303458,False,cold,E2022,449058,1333.903415594422,123246.88570296043,0.010823019242930708,0.8161290322580645,29.2258064516129,2022-12-01,2022-12,12.711726755218216
Puerto Rico,2020-04-01,710.0,63.0,84.0,30,30,4,17.84316234446089,False,transition,E2019,42043,1498.4658563851294,16887.472349737174,0.08873239436619719,26.456666666666667,3.389746543778802,2020-04-01,2020-04,26.75937019969278
Puerto Rico,2020-07-01,4304.0,194.0,66.0,31,31,7,17.84316234446089,False,warm,E2019,42043,4614.323430773256,102371.38168066027,0.04507434944237918,28.009677419354837,3.389746543778802,2020-07-01,2020-07,26.75937019969278
Puerto Rico,2020-08-01,9479.0,235.0,215.0,31,31,8,17.84316234446089,False,warm,E2019,42043,5589.515496039769,225459.64845515304,0.024791644688258254,28.229032258064517,3.389746543778802,2020-08-01,2020-08,26.75937019969278
Puerto Rico,2020-09-01,8524.0,165.0,227.0,30,30,9,17.84316234446089,False,warm,E2020,42043,3924.553433389625,202744.80888614038,0.01935710933833881,28.026666666666664,3.389746543778802,2020-09-01,2020-09,26.75937019969278
Puerto Rico,2020-10-01,10138.0,238.0,161.0,31,31,10,17.84316234446089,False,transition,E2020,42043,5660.871013010489,241134.07701638798,0.02347603077530085,27.40967741935484,3.389746543778802,2020-10-01,2020-10,26.75937019969278
Puerto Rico,2020-11-01,18407.0,370.0,284.0,30,30,11,17.84316234446089,False,cold,E2020,42043,8800.51375972219,437813.6669600171,0.020101048514152224,26.73,3.389746543778802,2020-11-01,2020-11,26.75937019969278
Puerto Rico,2020-12-01,23746.0,350.0,397.0,31,31,12,17.84316234446089,False,cold,E2020,42043,8324.81031325072,564802.7019955759,0.014739324517813526,25.774193548387096,3.389746543778802,2020-12-01,2020-12,26.75937019969278
Puerto Rico,2021-01-01,17333.0,247.0,326.0,31,31,1,17.84316234446089,False,cold,E2020,42043,5874.937563922651,412268.39188449923,0.01425027404373161,25.322580645161292,3.389746543778802,2021-01-01,2021-01,26.75937019969278
Puerto Rico,2021-02-01,6673.0,117.0,207.0,28,28,2,17.84316234446089,False,cold,E2020,42043,2782.8651618580975,158718.45491520586,0.01753334332384235,25.467857142857145,3.389746543778802,2021-02-01,2021-02,26.75937019969278
Puerto Rico,2021-03-01,7173.0,142.0,82.0,31,31,3,17.84316234446089,False,cold,E2020,42043,3377.494469947435,170611.0410769926,0.019796458943259446,25.287096774193547,3.389746543778802,2021-03-01,2021-03,26.75937019969278
Puerto Rico,2021-04-01,24486.0,233.0,192.0,30,30,4,17.84316234446089,False,transition,E2020,42043,5541.9451513926215,582403.7295150204,0.009515641591113289,25.8,3.389746543778802,2021-04-01,2021-04,26.75937019969278
Puerto Rico,2021-05-01,6801.0,72.0,195.0,31,31,5,17.84316234446089,False,warm,E2020,42043,1712.5324072972908,161762.95697262327,0.0105866784296427,26.725806451612904,3.389746543778802,2021-05-01,2021-05,26.75937019969278
Puerto Rico,2021-06-01,1301.0,23.0,44.0,30,30,6,17.84316234446089,False,warm,E2020,42043,547.0589634421901,30944.509192969104,0.017678708685626442,26.853333333333335,3.389746543778802,2021-06-01,2021-06,26.75937019969278
Puerto Rico,2021-07-01,6743.0,172.0,31.0,31,31,7,17.84316234446089,False,warm,E2020,42043,4091.049639654639,160383.41697785602,0.025507934153937418,27.480645161290322,3.389746543778802,2021-07-01,2021-07,26.75937019969278
Puerto Rico,2021-08-01,24025.0,354.0,295.0,31,31,8,17.84316234446089,False,warm,E2020,42043,8419.951002545013,571438.765073853,0.014734651404786681,27.774193548387096,3.389746543778802,2021-08-01,2021-08,26.75937019969278
Puerto Rico,2021-09-01,10422.0,123.0,274.0,30,30,9,17.84316234446089,False,warm,E2021,42043,2925.5761957995387,247889.06595628287,0.01180195739781232,27.96333333333333,3.389746543778802,2021-09-01,2021-09,26.75937019969278
Puerto Rico,2021-10-01,4034.0,47.0,85.0,31,31,10,17.84316234446089,False,transition,E2021,42043,1117.9030992079538,95949.38515329543,0.011650966782350025,27.780645161290323,3.389746543778802,2021-10-01,2021-10,26.75937019969278
Puerto Rico,2021-11-01,3166.0,25.0,36.0,30,30,11,17.84316234446089,False,cold,E2021,42043,594.6293080893371,75303.85557643365,0.007896399241945672,27.12,3.389746543778802,2021-11-01,2021-11,26.75937019969278
Puerto Rico,2021-12-01,84276.0,344.0,35.0,31,31,12,17.84316234446089,False,cold,E2021,42043,8182.099279309278,2004519.182741479,0.004081826379989558,26.55806451612903,3.389746543778802,2021-12-01,2021-12,26.75937019969278
Puerto Rico,2022-01-01,185211.0,453.0,550.0,31,31,1,17.84316234446089,False,cold,E2021,42043,10774.683062578788,4405275.551221369,0.0024458590472488137,25.532258064516128,3.389746543778802,2022-01-01,2022-01,26.75937019969278
Puerto Rico,2022-02-01,15996.0,70.0,255.0,28,28,2,17.84316234446089,False,cold,E2021,42043,1664.962062650144,380467.61648788146,0.004376094023505877,24.839285714285715,3.389746543778802,2022-02-01,2022-02,26.75937019969278
Puerto Rico,2022-03-01,7079.0,36.0,60.0,31,31,3,17.84316234446089,False,cold,E2021,42043,856.2662036486454,168375.23487857668,0.0050854640485944345,25.429032258064513,3.389746543778802,2022-03-01,2022-03,26.75937019969278
Puerto Rico,2022-04-01,56704.0,113.0,37.0,30,30,4,17.84316234446089,False,transition,E2021,42043,2687.724472563804,1348714.411435911,0.0019928047404063204,25.83,3.389746543778802,2022-04-01,2022-04,26.75937019969278
Puerto Rico,2022-05-01,132954.0,191.0,156.0,31,31,5,17.84316234446089,False,warm,E2021,42043,4542.967913802536,3162333.801108389,0.0014365870902718232,26.67096774193548,3.389746543778802,2022-05-01,2022-05,26.75937019969278
Puerto Rico,2022-06-01,102981.0,214.0,208.0,30,30,6,17.84316234446089,False,warm,E2021,42043,5090.026877244725,2449420.831053921,0.002078053233120673,27.576666666666664,3.389746543778802,2022-06-01,2022-06,26.75937019969278
Puerto Rico,2022-07-01,80855.0,201.0,197.0,31,31,7,17.84316234446089,False,warm,E2021,42043,4780.81963703827,1923150.1082225342,0.0024859316059612888,27.483870967741936,3.389746543778802,2022-07-01,2022-07,26.75937019969278
Puerto Rico,2022-08-01,69543.0,176.0,203.0,31,31,8,17.84316234446089,False,warm,E2021,42043,4186.190328948933,1654092.2388982708,0.002530808276893433,27.896774193548385,3.389746543778802,2022-08-01,2022-08,26.75937019969278
Puerto Rico,2022-09-01,33277.0,147.0,181.0,30,30,9,17.84316234446089,False,warm,E2022,42043,3496.420331565302,791499.1794115548,0.004417465516723262,27.66,3.389746543778802,2022-09-01,2022-09,26.75937019969278
Puerto Rico,2022-10-01,25048.0,90.0,108.0,31,31,10,17.84316234446089,False,transition,E2022,42043,2140.6655091216135,595770.9963608687,0.0035931012456084316,27.41290322580645,3.389746543778802,2022-10-01,2022-10,26.75937019969278
Puerto Rico,2022-11-01,28755.0,168.0,107.0,30,30,11,17.84316234446089,False,cold,E2022,42043,3995.9089503603454,683942.6301643555,0.00584246218049035,26.616666666666667,3.389746543778802,2022-11-01,2022-11,26.75937019969278
Puerto Rico,2022-12-01,43112.0,152.0,174.0,31,31,12,17.84316234446089,False,cold,E2022,42043,3615.34619318317,1025426.3492139,0.0035257005010205975,25.822580645161292,3.389746543778802,2022-12-01,2022-12,26.75937019969278
Rhode Island,2020-04-01,8133.0,511.0,353.0,30,30,4,39.0407267199561,False,transition,E2019,125577,4069.216496651457,64765.04455433718,0.06283044387065044,10.6,15.999999999999998,2020-04-01,2020-04,17.813801843317975
Rhode Island,2020-05-01,6307.0,219.0,463.0,31,31,5,39.0407267199561,False,warm,E2019,125577,1743.9499271363386,50224.16525319127,0.03472332329158078,13.983870967741936,15.999999999999998,2020-05-01,2020-05,17.813801843317975
Rhode Island,2020-06-01,1885.0,73.0,150.0,30,30,6,39.0407267199561,False,warm,E2019,125577,581.3166423787795,15010.710560054787,0.03872679045092838,20.313333333333333,15.999999999999998,2020-06-01,2020-06,17.813801843317975
Rhode Island,2020-07-01,2209.0,47.0,49.0,31,31,7,39.0407267199561,False,warm,E2019,125577,374.272358791817,17590.800863215398,0.02127659574468085,24.4741935483871,15.999999999999998,2020-07-01,2020-07,17.813801843317975
Rhode Island,2020-08-01,2927.0,53.0,52.0,31,31,8,39.0407267199561,False,warm,E2019,125577,422.0518088503468,23308.408386886134,0.018107277075503928,25.225806451612904,15.999999999999998,2020-08-01,2020-08,17.813801843317975
Rhode Island,2020-09-01,2799.0,67.0,47.0,30,30,9,39.0407267199561,False,warm,E2020,125577,533.5371923202497,22289.113452304166,0.023937120400142908,23.13,15.999999999999998,2020-09-01,2020-09,17.813801843317975
Rhode Island,2020-10-01,8126.0,147.0,91.0,31,31,10,39.0407267199561,False,transition,E2020,125577,1170.5965264339807,64709.30186260223,0.018090081220772828,20.716129032258067,15.999999999999998,2020-10-01,2020-10,17.813801843317975
Rhode Island,2020-11-01,23849.0,448.0,199.0,30,30,11,39.0407267199561,False,cold,E2020,125577,3567.5322710368937,189915.35074097963,0.018784854710889344,16.326666666666668,15.999999999999998,2020-11-01,2020-11,17.813801843317975
Rhode Island,2020-12-01,31226.0,453.0,515.0,31,31,12,39.0407267199561,False,cold,E2020,125577,3607.3484794190017,248660.18458794206,0.01450714148466022,13.606451612903227,15.999999999999998,2020-12-01,2020-12,17.813801843317975
Rhode Island,2021-01-01,26489.0,256.0,411.0,31,31,1,39.0407267199561,False,cold,E2020,125577,2038.5898691639393,210938.30876673275,0.009664388991656914,9.806451612903226,15.999999999999998,2021-01-01,2021-01,17.813801843317975
Rhode Island,2021-02-01,11184.0,107.0,161.0,28,28,2,39.0407267199561,False,cold,E2020,125577,852.0668593771153,89060.8949090996,0.009567238912732475,10.592857142857143,15.999999999999998,2021-02-01,2021-02,17.813801843317975
Rhode Island,2021-03-01,11707.0,63.0,117.0,31,31,3,39.0407267199561,False,cold,E2020,125577,501.68422561456316,93225.67030586812,0.005381395746134791,11.16451612903226,15.999999999999998,2021-03-01,2021-03,17.813801843317975
Rhode Island,2021-04-01,10857.0,46.0,52.0,30,30,4,39.0407267199561,False,transition,E2020,125577,366.30911711539534,86456.91488090972,0.004236897853919131,12.926666666666668,15.999999999999998,2021-04-01,2021-04,17.813801843317975
Rhode Island,2021-05-01,3557.0,20.0,37.0,31,31,5,39.0407267199561,False,warm,E2020,125577,159.26483352843275,28325.250643031766,0.0056227157717177395,16.81935483870968,15.999999999999998,2021-05-01,2021-05,17.813801843317975
Rhode Island,2021-06-01,870.0,14.0,22.0,30,30,6,39.0407267199561,False,warm,E2020,125577,111.48538346990293,6928.020258486825,0.016091954022988506,22.009999999999998,15.999999999999998,2021-06-01,2021-06,17.813801843317975
Rhode Island,2021-07-01,1726.0,15.0,10.0,31,31,7,39.0407267199561,False,warm,E2020,125577,119.44862514632456,13744.555133503747,0.00869061413673233,24.835483870967742,15.999999999999998,2021-07-01,2021-07,17.813801843317975
Rhode Island,2021-08-01,8278.0,63.0,30.0,31,31,8,39.0407267199561,False,warm,E2020,125577,501.68422561456316,65919.71459741832,0.007610533945397439,25.806451612903224,15.999999999999998,2021-08-01,2021-08,17.813801843317975
Rhode Island,2021-09-01,9744.0,55.0,68.0,30,30,9,39.0407267199561,False,warm,E2021,125577,437.97829220319005,77593.82689505244,0.005644499178981938,24.206666666666667,15.999999999999998,2021-09-01,2021-09,17.813801843317975
Rhode Island,2021-10-01,7044.0,35.0,40.0,31,31,10,39.0407267199561,False,transition,E2021,125577,278.7134586747573,56093.07436871401,0.004968767745599092,20.496774193548386,15.999999999999998,2021-10-01,2021-10,17.813801843317975
Rhode Island,2021-11-01,12358.0,100.0,54.0,30,30,11,39.0407267199561,False,cold,E2021,125577,796.3241676421637,98409.7406372186,0.00809192425958893,15.66,15.999999999999998,2021-11-01,2021-11,17.813801843317975
Rhode Island,2021-12-01,39333.0,234.0,134.0,31,31,12,39.0407267199561,False,cold,E2021,125577,1863.3985522826633,313218.1848586923,0.005949202959347113,14.506451612903225,15.999999999999998,2021-12-01,2021-12,17.813801843317975
Rhode Island,2022-01-01,112683.0,162.0,250.0,31,31,1,39.0407267199561,False,cold,E2021,125577,1290.0451515803054,897321.9618242194,0.0014376614041159714,11.412903225806453,15.999999999999998,2022-01-01,2022-01,17.813801843317975
Rhode Island,2022-02-01,12146.0,29.0,96.0,28,28,2,39.0407267199561,False,cold,E2021,125577,230.9340086162275,96721.53340181721,0.0023876173225753335,10.603571428571428,15.999999999999998,2022-02-01,2022-02,17.813801843317975
Rhode Island,2022-03-01,5337.0,101.0,110.0,31,31,3,39.0407267199561,False,cold,E2021,125577,804.2874093185854,42499.82082706228,0.0189244894135282,11.425806451612903,15.999999999999998,2022-03-01,2022-03,17.813801843317975
Rhode Island,2022-04-01,10367.0,30.0,18.0,30,30,4,39.0407267199561,False,transition,E2021,125577,238.89725029264912,82554.92645946312,0.0028937976270859457,14.396666666666667,15.999999999999998,2022-04-01,2022-04,17.813801843317975
Rhode Island,2022-05-01,21161.0,39.0,39.0,31,31,5,39.0407267199561,False,warm,E2021,125577,310.5664253804439,168510.15711475827,0.0018430130901186145,18.816129032258065,15.999999999999998,2022-05-01,2022-05,17.813801843317975
Rhode Island,2022-06-01,9979.0,24.0,30.0,30,30,6,39.0407267199561,False,warm,E2021,125577,191.1178002341193,79465.18868901153,0.0024050506062731737,20.573333333333334,15.999999999999998,2022-06-01,2022-06,17.813801843317975
Rhode Island,2022-07-01,7630.0,11.0,21.0,31,31,7,39.0407267199561,False,warm,E2021,125577,87.59565844063802,60759.533991097094,0.0014416775884665792,23.812903225806455,15.999999999999998,2022-07-01,2022-07,17.813801843317975
Rhode Island,2022-08-01,6239.0,25.0,13.0,31,31,8,39.0407267199561,False,warm,E2021,125577,199.08104191054093,49682.6648191946,0.0040070524122455525,25.62258064516129,15.999999999999998,2022-08-01,2022-08,17.813801843317975
Rhode Island,2022-09-01,8823.0,25.0,26.0,30,30,9,39.0407267199561,False,warm,E2022,125577,199.08104191054093,70259.68131106811,0.0028335033435339455,22.473333333333336,15.999999999999998,2022-09-01,2022-09,17.813801843317975
Rhode Island,2022-10-01,6581.0,45.0,27.0,31,31,10,39.0407267199561,False,transition,E2022,125577,358.3458754389737,52406.093472530796,0.006837866585625285,21.183870967741935,15.999999999999998,2022-10-01,2022-10,17.813801843317975
Rhode Island,2022-11-01,4862.0,39.0,47.0,30,30,11,39.0407267199561,False,cold,E2022,125577,310.5664253804439,38717.281030762,0.008021390374331552,17.413333333333334,15.999999999999998,2022-11-01,2022-11,17.813801843317975
Rhode Island,2022-12-01,6741.0,42.0,27.0,31,31,12,39.0407267199561,False,cold,E2022,125577,334.4561504097088,53680.21214075826,0.006230529595015576,12.912903225806453,15.999999999999998,2022-12-01,2022-12,17.813801843317975
South Carolina,2020-03-01,1083.0,121.0,22.0,31,31,3,34.0646144999731,False,cold,E2019,280979,430.6371650550397,3854.3805764843637,0.11172668513388735,15.358064516129033,21.86774193548387,2020-03-01,2020-03,18.438395454956176
South Carolina,2020-04-01,5012.0,292.0,222.0,30,30,4,34.0646144999731,False,transition,E2019,280979,1039.2235718683603,17837.631993850075,0.05826017557861133,17.06,21.86774193548387,2020-04-01,2020-04,18.438395454956176
South Carolina,2020-05-01,5766.0,237.0,250.0,31,31,5,34.0646144999731,False,warm,E2019,280979,843.4794059342513,20521.10655956495,0.041103017689906346,20.19677419354839,21.86774193548387,2020-05-01,2020-05,18.438395454956176
South Carolina,2020-06-01,24538.0,568.0,245.0,30,30,6,34.0646144999731,False,warm,E2019,280979,2021.5033863740707,87330.36988529391,0.02314777080446654,24.503333333333334,21.86774193548387,2020-06-01,2020-06,18.438395454956176
South Carolina,2020-07-01,52617.0,1238.0,973.0,31,31,7,34.0646144999731,False,warm,E2019,280979,4406.023225935034,187263.1050719093,0.02352851739931961,28.177419354838708,21.86774193548387,2020-07-01,2020-07,18.438395454956176
South Carolina,2020-08-01,29976.0,753.0,1008.0,31,31,8,34.0646144999731,False,warm,E2019,280979,2679.91558087971,106684.12941892455,0.02512009607686149,26.509677419354837,21.86774193548387,2020-08-01,2020-08,18.438395454956176
South Carolina,2020-09-01,28950.0,496.0,658.0,30,30,9,34.0646144999731,False,warm,E2020,280979,1765.2564782421462,103032.61097804463,0.01713298791018998,23.016666666666666,21.86774193548387,2020-09-01,2020-09,18.438395454956176
South Carolina,2020-10-01,28670.0,566.0,557.0,31,31,10,34.0646144999731,False,transition,E2020,280979,2014.3854167037393,102036.09522419824,0.019741890477851413,19.761290322580646,21.86774193548387,2020-10-01,2020-10,18.438395454956176
South Carolina,2020-11-01,40875.0,688.0,446.0,30,30,11,34.0646144999731,False,cold,E2020,280979,2448.581566593945,145473.50513739462,0.016831804281345567,15.09,21.86774193548387,2020-11-01,2020-11,18.438395454956176
South Carolina,2020-12-01,90020.0,1411.0,915.0,31,31,12,34.0646144999731,False,cold,E2020,280979,5021.727602418686,320379.8148616089,0.015674294601199734,7.693548387096774,21.86774193548387,2020-12-01,2020-12,18.438395454956176
South Carolina,2021-01-01,135879.0,1951.0,1746.0,31,31,1,34.0646144999731,False,cold,E2020,280979,6943.57941340812,483591.30041746894,0.014358362955276385,8.029032258064516,21.86774193548387,2021-01-01,2021-01,18.438395454956176
South Carolina,2021-02-01,73437.0,683.0,1504.0,28,28,2,34.0646144999731,False,cold,E2020,280979,2430.7866424181166,261361.16934005744,0.0093004888543922,8.428571428571429,21.86774193548387,2021-02-01,2021-02,18.438395454956176
South Carolina,2021-03-01,34807.0,358.0,600.0,31,31,3,34.0646144999731,False,cold,E2020,280979,1274.116570989291,123877.58515760965,0.01028528744218117,14.103225806451613,21.86774193548387,2021-03-01,2021-03,18.438395454956176
South Carolina,2021-04-01,27029.0,307.0,351.0,30,30,4,34.0646144999731,False,transition,E2020,280979,1092.6083443958446,96195.80110969147,0.011358170853527692,17.9,21.86774193548387,2021-04-01,2021-04,18.438395454956176
South Carolina,2021-05-01,14603.0,129.0,239.0,31,31,5,34.0646144999731,False,warm,E2020,280979,459.10904373636464,51971.85554792351,0.00883380127371088,21.925806451612903,21.86774193548387,2021-05-01,2021-05,18.438395454956176
South Carolina,2021-06-01,3578.0,69.0,83.0,30,30,6,34.0646144999731,False,warm,E2020,280979,245.5699536264276,12734.047740222579,0.019284516489659027,24.5,21.86774193548387,2021-06-01,2021-06,18.438395454956176
South Carolina,2021-07-01,20308.0,343.0,85.0,31,31,7,34.0646144999731,False,warm,E2020,280979,1220.7317984618066,72275.86403254335,0.01688989560764231,26.425806451612903,21.86774193548387,2021-07-01,2021-07,18.438395454956176
South Carolina,2021-08-01,118139.0,1615.0,694.0,31,31,8,34.0646144999731,False,warm,E2020,280979,5747.760508792472,420454.9094416309,0.013670337483811442,26.306451612903224,21.86774193548387,2021-08-01,2021-08,18.438395454956176
South Carolina,2021-09-01,122099.0,1584.0,1874.0,30,30,9,34.0646144999731,False,warm,E2021,280979,5637.4319789023375,434548.4893888867,0.012973079222598057,23.05666666666667,21.86774193548387,2021-09-01,2021-09,18.438395454956176
South Carolina,2021-10-01,39766.0,684.0,1244.0,31,31,10,34.0646144999731,False,transition,E2021,280979,2434.345627253282,141526.59095519595,0.017200623648342805,19.638709677419353,21.86774193548387,2021-10-01,2021-10,18.438395454956176
South Carolina,2021-11-01,21169.0,416.0,494.0,30,30,11,34.0646144999731,False,cold,E2021,280979,1480.5376914288968,75340.14997562095,0.01965137701355756,11.273333333333333,21.86774193548387,2021-11-01,2021-11,18.438395454956176
South Carolina,2021-12-01,56999.0,596.0,426.0,31,31,12,34.0646144999731,False,cold,E2021,280979,2121.154961758708,202858.576619605,0.010456323795154302,12.832258064516129,21.86774193548387,2021-12-01,2021-12,18.438395454956176
South Carolina,2022-01-01,379796.0,1425.0,630.0,31,31,1,34.0646144999731,False,cold,E2021,280979,5071.553390111005,1351688.2044565608,0.003752014239223162,6.309677419354839,21.86774193548387,2022-01-01,2022-01,18.438395454956176
South Carolina,2022-02-01,106039.0,847.0,1599.0,28,28,2,34.0646144999731,False,cold,E2021,280979,3014.460155385278,377391.1929361269,0.00798762719376833,11.282142857142857,21.86774193548387,2022-02-01,2022-02,18.438395454956176
South Carolina,2022-03-01,6985.0,354.0,726.0,31,31,3,34.0646144999731,False,cold,E2021,280979,1259.8806316486287,24859.509073631838,0.050680028632784535,14.832258064516129,21.86774193548387,2022-03-01,2022-03,18.438395454956176
South Carolina,2022-04-01,6132.0,157.0,176.0,30,30,4,34.0646144999731,False,transition,E2021,280979,558.7606191210019,21823.695009235566,0.025603392041748205,17.58,21.86774193548387,2022-04-01,2022-04,18.438395454956176
South Carolina,2022-05-01,21490.0,116.0,138.0,31,31,5,34.0646144999731,False,warm,E2021,280979,412.8422408792116,76482.58410770912,0.0053978594695207075,23.429032258064513,21.86774193548387,2022-05-01,2022-05,18.438395454956176
South Carolina,2022-06-01,50644.0,125.0,128.0,30,30,6,34.0646144999731,False,warm,E2021,280979,444.87310439570217,180241.22799212753,0.0024682094621277942,27.266666666666666,21.86774193548387,2022-06-01,2022-06,18.438395454956176
South Carolina,2022-07-01,58759.0,95.0,159.0,31,31,7,34.0646144999731,False,warm,E2021,280979,338.1035593407336,209122.3899294965,0.001616773600639902,26.725806451612904,21.86774193548387,2022-07-01,2022-07,18.438395454956176
South Carolina,2022-08-01,69116.0,104.0,71.0,31,31,8,34.0646144999731,False,warm,E2021,280979,370.1344228572242,245982.79586730682,0.0015047167081428323,25.925806451612903,21.86774193548387,2022-08-01,2022-08,18.438395454956176
South Carolina,2022-09-01,33793.0,196.0,102.0,30,30,9,34.0646144999731,False,warm,E2022,280979,697.561027692461,120268.7745347517,0.005800017755156393,23.59333333333333,21.86774193548387,2022-09-01,2022-09,18.438395454956176
South Carolina,2022-10-01,13619.0,152.0,213.0,31,31,10,34.0646144999731,False,transition,E2022,280979,540.9656949451738,48469.814470120546,0.011160878184888758,16.467741935483872,21.86774193548387,2022-10-01,2022-10,18.438395454956176
South Carolina,2022-11-01,16686.0,132.0,133.0,30,30,11,34.0646144999731,False,cold,E2022,280979,469.7859982418615,59385.22095957349,0.007910823444804028,13.996666666666666,21.86774193548387,2022-11-01,2022-11,18.438395454956176
South Carolina,2022-12-01,31680.0,258.0,123.0,31,31,12,34.0646144999731,False,cold,E2022,280979,918.2180874727293,112748.63957804676,0.008143939393939394,7.709677419354839,21.86774193548387,2022-12-01,2022-12,18.438395454956176
South Dakota,2020-04-01,2341.0,40.0,16.0,30,30,4,44.019343828825924,False,transition,E2019,2756,14513.78809869376,849419.4484760523,0.01708671507902606,6.803333333333333,34.68387096774194,2020-04-01,2020-04,10.16322508640553
South Dakota,2020-05-01,2544.0,33.0,45.0,31,31,5,44.019343828825924,False,warm,E2019,2756,11973.87518142235,923076.9230769231,0.012971698113207548,13.661290322580646,34.68387096774194,2020-05-01,2020-05,10.16322508640553
South Dakota,2020-06-01,1771.0,37.0,29.0,30,30,6,44.019343828825924,False,warm,E2019,2756,13425.253991291727,642597.9680696662,0.020892151326933936,23.163333333333334,34.68387096774194,2020-06-01,2020-06,10.16322508640553
South Dakota,2020-07-01,2000.0,41.0,39.0,31,31,7,44.019343828825924,False,warm,E2019,2756,14876.632801161102,725689.404934688,0.0205,25.05483870967742,34.68387096774194,2020-07-01,2020-07,10.16322508640553
South Dakota,2020-08-01,4745.0,43.0,37.0,31,31,8,44.019343828825924,False,warm,E2019,2756,15602.32220609579,1721698.1132075472,0.009062170706006322,24.851612903225806,34.68387096774194,2020-08-01,2020-08,10.16322508640553
South Dakota,2020-09-01,8880.0,131.0,56.0,30,30,9,44.019343828825924,False,warm,E2020,2756,47532.65602322206,3222060.9579100143,0.014752252252252252,17.89333333333333,34.68387096774194,2020-09-01,2020-09,10.16322508640553
South Dakota,2020-10-01,23603.0,444.0,202.0,31,31,10,44.019343828825924,False,transition,E2020,2756,161103.04789550073,8564223.51233672,0.01881116807185527,7.367741935483871,34.68387096774194,2020-10-01,2020-10,10.16322508640553
South Dakota,2020-11-01,34472.0,604.0,521.0,30,30,11,44.019343828825924,False,cold,E2020,2756,219158.20029027577,12507982.583454281,0.017521466697609654,4.25,34.68387096774194,2020-11-01,2020-11,10.16322508640553
South Dakota,2020-12-01,18700.0,292.0,542.0,31,31,12,44.019343828825924,False,cold,E2020,2756,105950.65312046444,6785195.936139332,0.015614973262032086,-2.148387096774193,34.68387096774194,2020-12-01,2020-12,10.16322508640553
South Dakota,2021-01-01,9086.0,190.0,290.0,31,31,1,44.019343828825924,False,cold,E2020,2756,68940.49346879535,3296806.9666182874,0.020911292097732775,-2.1451612903225805,34.68387096774194,2021-01-01,2021-01,10.16322508640553
South Dakota,2021-02-01,4177.0,60.0,110.0,28,28,2,44.019343828825924,False,cold,E2020,2756,21770.68214804064,1515602.3222060958,0.014364376346660282,-8.642857142857142,34.68387096774194,2021-02-01,2021-02,10.16322508640553
South Dakota,2021-03-01,5332.0,31.0,47.0,31,31,3,44.019343828825924,False,cold,E2020,2756,11248.185776487664,1934687.953555878,0.005813953488372093,4.906451612903226,34.68387096774194,2021-03-01,2021-03,10.16322508640553
South Dakota,2021-04-01,4901.0,47.0,32.0,30,30,4,44.019343828825924,False,transition,E2020,2756,17053.701015965165,1778301.8867924528,0.009589879616404815,7.836666666666667,34.68387096774194,2021-04-01,2021-04,10.16322508640553
South Dakota,2021-05-01,1531.0,26.0,47.0,31,31,5,44.019343828825924,False,warm,E2020,2756,9433.962264150943,555515.2394775036,0.016982364467668192,15.32258064516129,34.68387096774194,2021-05-01,2021-05,10.16322508640553
South Dakota,2021-07-01,679.0,16.0,10.0,31,31,7,44.019343828825924,False,warm,E2020,2756,5805.515239477503,246371.55297532657,0.023564064801178203,25.770967741935483,34.68387096774194,2021-07-01,2021-07,10.16322508640553
South Dakota,2021-08-01,7034.0,50.0,26.0,31,31,8,44.019343828825924,False,warm,E2020,2756,18142.235123367198,2552249.6371552977,0.0071083309638896785,24.53548387096774,34.68387096774194,2021-08-01,2021-08,10.16322508640553
South Dakota,2021-09-01,12759.0,105.0,72.0,30,30,9,44.019343828825924,False,warm,E2021,2756,38098.69375907112,4629535.5587808415,0.008229485069362802,20.19,34.68387096774194,2021-09-01,2021-09,10.16322508640553
South Dakota,2021-10-01,9464.0,91.0,92.0,31,31,10,44.019343828825924,False,transition,E2021,2756,33018.8679245283,3433962.2641509436,0.009615384615384616,11.925806451612903,34.68387096774194,2021-10-01,2021-10,10.16322508640553
South Dakota,2021-11-01,11726.0,144.0,99.0,30,30,11,44.019343828825924,False,cold,E2021,2756,52249.63715529753,4254716.981132075,0.012280402524304963,3.61,34.68387096774194,2021-11-01,2021-11,10.16322508640553
South Dakota,2021-12-01,12996.0,152.0,152.0,31,31,12,44.019343828825924,False,cold,E2021,2756,55152.394775036286,4715529.7532656025,0.011695906432748537,-2.2838709677419353,34.68387096774194,2021-12-01,2021-12,10.16322508640553
South Dakota,2022-01-01,47209.0,171.0,164.0,31,31,1,44.019343828825924,False,cold,E2021,2756,62046.44412191582,17129535.55878084,0.0036221906839797495,-6.245161290322581,34.68387096774194,2022-01-01,2022-01,10.16322508640553
South Dakota,2022-02-01,9469.0,103.0,155.0,28,28,2,44.019343828825924,False,cold,E2021,2756,37373.00435413643,3435776.48766328,0.010877600591403528,-5.710714285714286,34.68387096774194,2022-02-01,2022-02,10.16322508640553
South Dakota,2022-03-01,1227.0,26.0,78.0,31,31,3,44.019343828825924,False,cold,E2021,2756,9433.962264150943,445210.44992743107,0.021189894050529748,1.3709677419354838,34.68387096774194,2022-03-01,2022-03,10.16322508640553
South Dakota,2022-04-01,703.0,18.0,29.0,30,30,4,44.019343828825924,False,transition,E2021,2756,6531.204644412192,255079.8258345428,0.025604551920341393,5.586666666666667,34.68387096774194,2022-04-01,2022-04,10.16322508640553
South Dakota,2022-05-01,1892.0,12.0,15.0,31,31,5,44.019343828825924,False,warm,E2021,2756,4354.136429608127,686502.1770682147,0.006342494714587738,14.793548387096775,34.68387096774194,2022-05-01,2022-05,10.16322508640553
South Dakota,2022-06-01,4819.0,16.0,11.0,30,30,6,44.019343828825924,False,warm,E2021,2756,5805.515239477503,1748548.6211901307,0.0033201909109773814,22.35666666666667,34.68387096774194,2022-06-01,2022-06,10.16322508640553
South Dakota,2022-07-01,5763.0,32.0,18.0,31,31,7,44.019343828825924,False,warm,E2021,2756,11611.030478955006,2091074.0203193033,0.0055526635432934235,25.17096774193548,34.68387096774194,2022-07-01,2022-07,10.16322508640553
South Dakota,2022-08-01,7261.0,38.0,37.0,31,31,8,44.019343828825924,False,warm,E2021,2756,13788.098693759071,2634615.3846153845,0.005233438920258918,24.1,34.68387096774194,2022-08-01,2022-08,10.16322508640553
South Dakota,2022-09-01,3824.0,32.0,28.0,30,30,9,44.019343828825924,False,warm,E2022,2756,11611.030478955006,1387518.1422351233,0.008368200836820083,20.21333333333333,34.68387096774194,2022-09-01,2022-09,10.16322508640553
South Dakota,2022-10-01,2816.0,39.0,38.0,31,31,10,44.019343828825924,False,transition,E2022,2756,14150.943396226416,1021770.6821480406,0.013849431818181818,10.899999999999999,34.68387096774194,2022-10-01,2022-10,10.16322508640553
South Dakota,2022-11-01,4610.0,28.0,40.0,30,30,11,44.019343828825924,False,cold,E2022,2756,10159.651669085632,1672714.0783744557,0.006073752711496746,-0.3233333333333334,34.68387096774194,2022-11-01,2022-11,10.16322508640553
South Dakota,2022-12-01,3059.0,29.0,19.0,31,31,12,44.019343828825924,False,cold,E2022,2756,10522.496371552976,1109941.9448476052,0.009480222294867604,-8.912903225806453,34.68387096774194,2022-12-01,2022-12,10.16322508640553
Tennessee,2020-03-01,2391.0,157.0,0.0,31,31,3,34.318710119315035,False,cold,E2019,144657,1085.3259780031385,16528.754225512766,0.06566290255123379,14.474193548387097,21.974193548387095,2020-03-01,2020-03,17.36277017258516
Tennessee,2020-04-01,9416.0,156.0,199.0,30,30,4,34.318710119315035,False,transition,E2019,144657,1078.413073684647,65091.90706291434,0.01656754460492778,16.113333333333333,21.974193548387095,2020-04-01,2020-04,17.36277017258516
Tennessee,2020-05-01,11467.0,213.0,165.0,31,31,5,34.318710119315035,False,warm,E2019,144657,1472.4486198386528,79270.27382014005,0.018575041423214443,19.15806451612903,21.974193548387095,2020-05-01,2020-05,17.36277017258516
Tennessee,2020-06-01,20422.0,345.0,240.0,30,30,6,34.318710119315035,False,warm,E2019,144657,2384.951989879508,141175.33199222988,0.01689354617569288,24.240000000000002,21.974193548387095,2020-06-01,2020-06,17.36277017258516
Tennessee,2020-07-01,60844.0,678.0,456.0,31,31,7,34.318710119315035,False,warm,E2019,144657,4686.9491279371205,420608.75035428634,0.01114325159424101,27.299999999999997,21.974193548387095,2020-07-01,2020-07,17.36277017258516
Tennessee,2020-08-01,48796.0,684.0,694.0,31,31,8,34.318710119315035,False,warm,E2019,144657,4728.426553848069,337322.07912510284,0.01401754242150996,25.92258064516129,21.974193548387095,2020-08-01,2020-08,17.36277017258516
Tennessee,2020-09-01,41128.0,737.0,700.0,30,30,9,34.318710119315035,False,warm,E2020,144657,5094.810482728109,284313.9288109113,0.01791966543474032,21.993333333333332,21.974193548387095,2020-09-01,2020-09,17.36277017258516
Tennessee,2020-10-01,62933.0,1241.0,899.0,31,31,10,34.318710119315035,False,transition,E2020,144657,8578.914259247738,435049.8074756147,0.019719384106907347,18.33225806451613,21.974193548387095,2020-10-01,2020-10,17.36277017258516
Tennessee,2020-11-01,113676.0,1925.0,1249.0,30,30,11,34.318710119315035,False,cold,E2020,144657,13307.340813095805,785831.3113088201,0.016934093388226188,13.803333333333335,21.974193548387095,2020-11-01,2020-11,17.36277017258516
Tennessee,2020-12-01,214432.0,2548.0,2305.0,31,31,12,34.318710119315035,False,cold,E2020,144657,17614.080203515903,1482347.8988227325,0.011882554842560811,6.541935483870968,21.974193548387095,2020-12-01,2020-12,17.36277017258516
Tennessee,2021-01-01,135917.0,2449.0,2743.0,31,31,1,34.318710119315035,False,cold,E2020,144657,16929.702675985263,939581.2162563858,0.018018349433845657,6.641935483870968,21.974193548387095,2021-01-01,2021-01,17.36277017258516
Tennessee,2021-02-01,47212.0,517.0,1761.0,28,28,2,34.318710119315035,False,cold,E2020,144657,3573.9715326600162,326372.03868461255,0.010950605778191985,7.2,21.974193548387095,2021-02-01,2021-02,17.36277017258516
Tennessee,2021-03-01,37634.0,414.0,439.0,31,31,3,34.318710119315035,False,cold,E2020,144657,2861.94238785541,260160.24112210263,0.011000690864643673,13.490322580645161,21.974193548387095,2021-03-01,2021-03,17.36277017258516
Tennessee,2021-04-01,35489.0,253.0,287.0,30,30,4,34.318710119315035,False,transition,E2020,144657,1748.9647925783058,245332.06135893872,0.007128969539857421,16.293333333333333,21.974193548387095,2021-04-01,2021-04,17.36277017258516
Tennessee,2021-05-01,17218.0,151.0,253.0,31,31,5,34.318710119315035,False,warm,E2020,144657,1043.8485520921904,119026.38655578368,0.008769891973516087,20.229032258064517,21.974193548387095,2021-05-01,2021-05,17.36277017258516
Tennessee,2021-06-01,6615.0,134.0,112.0,30,30,6,34.318710119315035,False,warm,E2020,144657,926.329178677838,45728.86206682013,0.020256991685563115,24.38,21.974193548387095,2021-06-01,2021-06,17.36277017258516
Tennessee,2021-07-01,32118.0,514.0,185.0,31,31,7,34.318710119315035,False,warm,E2020,144657,3553.2328197045426,222028.66090130445,0.016003487141166946,26.04516129032258,21.974193548387095,2021-07-01,2021-07,17.36277017258516
Tennessee,2021-08-01,161868.0,1501.0,774.0,31,31,8,34.318710119315035,False,warm,E2020,144657,10376.269382055483,1118977.9962255543,0.009272987866656783,25.980645161290322,21.974193548387095,2021-08-01,2021-08,17.36277017258516
Tennessee,2021-09-01,169988.0,1484.0,1682.0,30,30,9,34.318710119315035,False,warm,E2021,144657,10258.750008641131,1175110.7792917038,0.00873002800197661,22.383333333333333,21.974193548387095,2021-09-01,2021-09,17.36277017258516
Tennessee,2021-10-01,50596.0,704.0,1176.0,31,31,10,34.318710119315035,False,transition,E2021,144657,4866.684640217894,349765.3068983872,0.013914143410546288,18.141935483870967,21.974193548387095,2021-10-01,2021-10,17.36277017258516
Tennessee,2021-11-01,36332.0,1346.0,820.0,30,30,11,34.318710119315035,False,cold,E2021,144657,9304.769212689327,251159.63969942692,0.03704723109104921,10.076666666666666,21.974193548387095,2021-11-01,2021-11,17.36277017258516
Tennessee,2021-12-01,119528.0,3878.0,3622.0,31,31,12,34.318710119315035,False,cold,E2021,144657,26808.242947109367,826285.6273806314,0.03244428083796266,11.641935483870967,21.974193548387095,2021-12-01,2021-12,17.36277017258516
Tennessee,2022-01-01,442458.0,1923.0,1888.0,31,31,1,34.318710119315035,False,cold,E2021,144657,13293.515004458823,3058669.818951036,0.00434617523019134,5.325806451612903,21.974193548387095,2022-01-01,2022-01,17.36277017258516
Tennessee,2022-02-01,126715.0,1480.0,1849.0,28,28,2,34.318710119315035,False,cold,E2021,144657,10231.098391367164,875968.6707176286,0.011679753778163595,9.432142857142859,21.974193548387095,2022-02-01,2022-02,17.36277017258516
Tennessee,2022-03-01,13038.0,693.0,1107.0,31,31,3,34.318710119315035,False,cold,E2021,144657,4790.64269271449,90130.44650448993,0.05315232397606995,12.935483870967742,21.974193548387095,2022-03-01,2022-03,17.36277017258516
Tennessee,2022-04-01,10948.0,234.0,549.0,30,30,4,34.318710119315035,False,transition,E2021,144657,1617.6196105269707,75682.47647884306,0.021373766898063574,15.943333333333333,21.974193548387095,2022-04-01,2022-04,17.36277017258516
Tennessee,2022-05-01,34224.0,257.0,317.0,31,31,5,34.318710119315035,False,warm,E2021,144657,1776.6164098522713,236587.2373960472,0.007509350163627864,21.812903225806455,21.974193548387095,2022-05-01,2022-05,17.36277017258516
Tennessee,2022-06-01,62335.0,323.0,240.0,30,30,6,34.318710119315035,False,warm,E2021,144657,2232.8680948726987,430915.8906931569,0.005181679634234378,25.84,21.974193548387095,2022-06-01,2022-06,17.36277017258516
Tennessee,2022-07-01,81399.0,377.0,317.0,31,31,7,34.318710119315035,False,warm,E2021,144657,2606.1649280712304,562703.4986208756,0.004631506529564245,26.548387096774192,21.974193548387095,2022-07-01,2022-07,17.36277017258516
Tennessee,2022-08-01,94816.0,391.0,456.0,31,31,8,34.318710119315035,False,warm,E2021,144657,2702.945588530109,655453.9358620738,0.004123776577792777,25.33225806451613,21.974193548387095,2022-08-01,2022-08,17.36277017258516
Tennessee,2022-09-01,38608.0,366.0,387.0,30,30,9,34.318710119315035,False,warm,E2022,144657,2530.122980567826,266893.40992831317,0.009479900538748446,22.13,21.974193548387095,2022-09-01,2022-09,17.36277017258516
Tennessee,2022-10-01,25309.0,225.0,250.0,31,31,10,34.318710119315035,False,transition,E2022,144657,1555.4034716605488,174958.695396697,0.008890118139792168,15.793548387096774,21.974193548387095,2022-10-01,2022-10,17.36277017258516
Tennessee,2022-11-01,29392.0,259.0,210.0,30,30,11,34.318710119315035,False,cold,E2022,144657,1790.442218489254,203184.0837290971,0.008811921611322809,12.266666666666667,21.974193548387095,2022-11-01,2022-11,17.36277017258516
Tennessee,2022-12-01,44542.0,326.0,258.0,31,31,12,34.318710119315035,False,cold,E2022,144657,2253.606807828173,307914.5841542407,0.007318934937811504,6.590322580645162,21.974193548387095,2022-12-01,2022-12,17.36277017258516
Texas,2020-03-01,3533.0,637.0,76.0,31,31,3,30.47745530398597,False,cold,E2019,11840,53800.67567567567,298395.2702702703,0.18030002830455705,20.05483870967742,22.802764976958528,2020-03-01,2020-03,21.385285759465077
Texas,2020-04-01,19910.0,976.0,851.0,30,30,4,30.47745530398597,False,transition,E2019,11840,82432.43243243243,1681587.8378378379,0.049020592667001504,19.983333333333334,22.802764976958528,2020-04-01,2020-04,21.385285759465077
Texas,2020-05-01,30255.0,862.0,952.0,31,31,5,30.47745530398597,False,warm,E2019,11840,72804.05405405405,2555320.945945946,0.028491158486200627,24.05483870967742,22.802764976958528,2020-05-01,2020-05,21.385285759465077
Texas,2020-06-01,112456.0,2778.0,981.0,30,30,6,30.47745530398597,False,warm,E2019,11840,234628.37837837837,9497972.972972972,0.02470299494913566,27.653333333333332,22.802764976958528,2020-06-01,2020-06,21.385285759465077
Texas,2020-07-01,253084.0,6553.0,4841.0,31,31,7,30.47745530398597,False,warm,E2019,11840,553462.8378378379,21375337.837837838,0.025892589021826746,29.393548387096775,22.802764976958528,2020-07-01,2020-07,21.385285759465077
Texas,2020-08-01,235776.0,3629.0,5436.0,31,31,8,30.47745530398597,False,warm,E2019,11840,306503.3783783784,19913513.513513513,0.015391727741585233,30.716129032258067,22.802764976958528,2020-08-01,2020-08,21.385285759465077
Texas,2020-09-01,129941.0,2534.0,3162.0,30,30,9,30.47745530398597,False,warm,E2020,11840,214020.27027027027,10974746.621621622,0.01950115821796046,25.386666666666667,22.802764976958528,2020-09-01,2020-09,21.385285759465077
Texas,2020-10-01,148312.0,3383.0,2515.0,31,31,10,30.47745530398597,False,transition,E2020,11840,285726.35135135136,12526351.35135135,0.022810022115540212,21.051612903225806,22.802764976958528,2020-10-01,2020-10,21.385285759465077
Texas,2020-11-01,303922.0,4839.0,3558.0,30,30,11,30.47745530398597,False,cold,E2020,11840,408699.3243243243,25669087.837837838,0.01592184836898941,18.346666666666668,22.802764976958528,2020-11-01,2020-11,21.385285759465077
Texas,2020-12-01,568809.0,7799.0,5718.0,31,31,12,30.47745530398597,False,cold,E2020,11840,658699.3243243244,48041300.675675675,0.013711105133709206,11.67741935483871,22.802764976958528,2020-12-01,2020-12,21.385285759465077
Texas,2021-01-01,604733.0,8186.0,9018.0,31,31,1,30.47745530398597,False,cold,E2020,11840,691385.1351351351,51075422.2972973,0.013536552495068072,11.151612903225805,22.802764976958528,2021-01-01,2021-01,21.385285759465077
Texas,2021-02-01,283302.0,5147.0,6682.0,28,28,2,30.47745530398597,False,cold,E2020,11840,434712.8378378378,23927533.783783782,0.018167891508002063,8.571428571428571,22.802764976958528,2021-02-01,2021-02,21.385285759465077
Texas,2021-03-01,139105.0,2370.0,4425.0,31,31,3,30.47745530398597,False,cold,E2020,11840,200168.9189189189,11748733.108108109,0.01703748966607958,16.567741935483873,22.802764976958528,2021-03-01,2021-03,21.385285759465077
Texas,2021-04-01,99966.0,1380.0,1951.0,30,30,4,30.47745530398597,False,transition,E2020,11840,116554.05405405405,8443074.324324325,0.01380469359582258,19.52,22.802764976958528,2021-04-01,2021-04,21.385285759465077
Texas,2021-05-01,60592.0,940.0,1247.0,31,31,5,30.47745530398597,False,warm,E2020,11840,79391.8918918919,5117567.567567567,0.01551359915500396,22.835483870967742,22.802764976958528,2021-05-01,2021-05,21.385285759465077
Texas,2021-06-01,44555.0,780.0,826.0,30,30,6,30.47745530398597,False,warm,E2020,11840,65878.37837837837,3763091.2162162163,0.01750645269891146,26.9,22.802764976958528,2021-06-01,2021-06,21.385285759465077
Texas,2021-07-01,137355.0,2372.0,935.0,31,31,7,30.47745530398597,False,warm,E2020,11840,200337.83783783784,11600929.054054054,0.01726912016308107,27.18064516129032,22.802764976958528,2021-07-01,2021-07,21.385285759465077
Texas,2021-08-01,464733.0,7183.0,3818.0,31,31,8,30.47745530398597,False,warm,E2020,11840,606672.2972972973,39251097.972972974,0.01545618667062593,28.980645161290322,22.802764976958528,2021-08-01,2021-08,21.385285759465077
Texas,2021-09-01,456476.0,7367.0,8136.0,30,30,9,30.47745530398597,False,warm,E2021,11840,622212.8378378379,38553716.216216214,0.016138855054811205,27.46,22.802764976958528,2021-09-01,2021-09,21.385285759465077
Texas,2021-10-01,175340.0,3555.0,5976.0,31,31,10,30.47745530398597,False,transition,E2021,11840,300253.3783783784,14809121.621621622,0.020274894490703774,23.296774193548387,22.802764976958528,2021-10-01,2021-10,21.385285759465077
Texas,2021-11-01,94240.0,1792.0,2611.0,30,30,11,30.47745530398597,False,cold,E2021,11840,151351.35135135136,7959459.459459459,0.019015280135823428,15.793333333333333,22.802764976958528,2021-11-01,2021-11,21.385285759465077
Texas,2021-12-01,260356.0,2763.0,1925.0,31,31,12,30.47745530398597,False,cold,E2021,11840,233361.48648648648,21989527.027027026,0.010612392262901565,18.241935483870968,22.802764976958528,2021-12-01,2021-12,21.385285759465077
Texas,2022-01-01,1607020.0,5831.0,3744.0,31,31,1,30.47745530398597,False,cold,E2021,11840,492483.1081081081,135728040.54054055,0.0036284551530161415,10.096774193548388,22.802764976958528,2022-01-01,2022-01,21.385285759465077
Texas,2022-02-01,357293.0,3120.0,5410.0,28,28,2,30.47745530398597,False,cold,E2021,11840,263513.5135135135,30176773.64864865,0.008732328928918284,9.417857142857143,22.802764976958528,2022-02-01,2022-02,21.385285759465077
Texas,2022-03-01,121150.0,983.0,2444.0,31,31,3,30.47745530398597,False,cold,E2021,11840,83023.64864864865,10232263.513513513,0.008113908378043747,15.680645161290323,22.802764976958528,2022-03-01,2022-03,21.385285759465077
Texas,2022-04-01,96742.0,345.0,673.0,30,30,4,30.47745530398597,False,transition,E2021,11840,29138.513513513513,8170777.027027027,0.003566186351326208,22.06,22.802764976958528,2022-04-01,2022-04,21.385285759465077
Texas,2022-05-01,120380.0,258.0,260.0,31,31,5,30.47745530398597,False,warm,E2021,11840,21790.54054054054,10167229.72972973,0.002143213158331949,26.887096774193548,22.802764976958528,2022-05-01,2022-05,21.385285759465077
Texas,2022-06-01,243547.0,467.0,343.0,30,30,6,30.47745530398597,False,warm,E2021,11840,39442.56756756757,20569847.972972974,0.0019174943645374404,30.793333333333333,22.802764976958528,2022-06-01,2022-06,21.385285759465077
Texas,2022-07-01,344794.0,858.0,548.0,31,31,7,30.47745530398597,False,warm,E2021,11840,72466.21621621621,29121114.864864863,0.0024884423742872557,31.374193548387098,22.802764976958528,2022-07-01,2022-07,21.385285759465077
Texas,2022-08-01,303315.0,728.0,941.0,31,31,8,30.47745530398597,False,warm,E2021,11840,61486.48648648649,25617820.945945945,0.002400145063712642,29.0258064516129,22.802764976958528,2022-08-01,2022-08,21.385285759465077
Texas,2022-09-01,146721.0,433.0,606.0,30,30,9,30.47745530398597,False,warm,E2022,11840,36570.94594594595,12391976.35135135,0.0029511794494312335,27.173333333333336,22.802764976958528,2022-09-01,2022-09,21.385285759465077
Texas,2022-10-01,54775.0,282.0,342.0,31,31,10,30.47745530398597,False,transition,E2022,11840,23817.567567567567,4626266.891891892,0.005148334094020995,22.26774193548387,22.802764976958528,2022-10-01,2022-10,21.385285759465077
Texas,2022-11-01,63160.0,349.0,244.0,30,30,11,30.47745530398597,False,cold,E2022,11840,29476.35135135135,5334459.459459459,0.005525649145028499,14.953333333333335,22.802764976958528,2022-11-01,2022-11,21.385285759465077
Texas,2022-12-01,125728.0,634.0,399.0,31,31,12,30.47745530398597,False,cold,E2022,11840,53547.2972972973,10618918.918918919,0.005042631712904047,12.551612903225807,22.802764976958528,2022-12-01,2022-12,21.385285759465077
Utah,2020-03-01,888.0,32.0,5.0,31,31,3,40.2422809672315,False,cold,E2019,260213,122.97617720867136,3412.58891754063,0.036036036036036036,-1.9774193548387096,28.275460829493085,2020-03-01,2020-03,4.767861660793351
Utah,2020-04-01,3784.0,60.0,41.0,30,30,4,40.2422809672315,False,transition,E2019,260213,230.5803322662588,14541.932954925389,0.015856236786469344,0.9866666666666667,28.275460829493085,2020-04-01,2020-04,4.767861660793351
Utah,2020-05-01,5125.0,66.0,67.0,31,31,5,40.2422809672315,False,warm,E2019,260213,253.63836549288467,19695.403381076274,0.012878048780487804,6.606451612903226,28.275460829493085,2020-05-01,2020-05,4.767861660793351
Utah,2020-06-01,12420.0,93.0,59.0,30,30,6,40.2422809672315,False,warm,E2019,260213,357.39951501270116,47730.12877911557,0.00748792270531401,12.353333333333333,28.275460829493085,2020-06-01,2020-06,4.767861660793351
Utah,2020-07-01,17979.0,132.0,132.0,31,31,7,40.2422809672315,False,warm,E2019,260213,507.27673098576935,69093.39656358445,0.0073418988820290335,18.58709677419355,28.275460829493085,2020-07-01,2020-07,4.767861660793351
Utah,2020-08-01,11911.0,58.0,103.0,31,31,8,40.2422809672315,False,warm,E2019,260213,222.89432119071682,45774.03896039014,0.0048694484090336665,20.429032258064513,28.275460829493085,2020-08-01,2020-08,4.767861660793351
Utah,2020-09-01,20935.0,116.0,52.0,30,30,9,40.2422809672315,False,warm,E2020,260213,445.78864238143365,80453.32093323546,0.005540960114640554,13.113333333333333,28.275460829493085,2020-09-01,2020-09,4.767861660793351
Utah,2020-10-01,41614.0,230.0,145.0,31,31,10,40.2422809672315,False,transition,E2020,260213,883.8912736873253,159922.83244880155,0.005526986110443601,6.448387096774193,28.275460829493085,2020-10-01,2020-10,4.767861660793351
Utah,2020-11-01,81050.0,374.0,267.0,30,30,11,40.2422809672315,False,cold,E2020,260213,1437.2840711263466,311475.5988363379,0.004614435533621221,-2.6566666666666667,28.275460829493085,2020-11-01,2020-11,4.767861660793351
Utah,2020-12-01,80906.0,386.0,398.0,31,31,12,40.2422809672315,False,cold,E2020,260213,1483.4001375795983,310922.2060388989,0.004770968778582552,-7.638709677419354,28.275460829493085,2020-12-01,2020-12,4.767861660793351
Utah,2021-01-01,70012.0,305.0,396.0,31,31,1,40.2422809672315,False,cold,E2020,260213,1172.116689020149,269056.50371042185,0.004356396046392047,-7.396774193548388,28.275460829493085,2021-01-01,2021-01,4.767861660793351
Utah,2021-02-01,24611.0,210.0,270.0,28,28,2,40.2422809672315,False,cold,E2020,260213,807.0311629319058,94580.20929008159,0.008532769899638373,-6.939285714285715,28.275460829493085,2021-02-01,2021-02,4.767861660793351
Utah,2021-03-01,14406.0,115.0,187.0,31,31,3,40.2422809672315,False,cold,E2020,260213,441.94563684366267,55362.337777128734,0.00798278495071498,-3.351612903225807,28.275460829493085,2021-03-01,2021-03,4.767861660793351
Utah,2021-04-01,11682.0,112.0,80.0,30,30,4,40.2422809672315,False,transition,E2020,260213,430.41662023034974,44893.990692240586,0.009587399417907892,0.6733333333333333,28.275460829493085,2021-04-01,2021-04,4.767861660793351
Utah,2021-05-01,8847.0,41.0,100.0,31,31,5,40.2422809672315,False,warm,E2020,260213,157.56322704861017,33999.06999265986,0.004634339324064655,6.035483870967742,28.275460829493085,2021-05-01,2021-05,4.767861660793351
Utah,2021-06-01,8969.0,94.0,69.0,30,30,6,40.2422809672315,False,warm,E2020,260213,361.24252055047214,34467.91666826792,0.01048054409633181,17.03666666666667,28.275460829493085,2021-06-01,2021-06,4.767861660793351
Utah,2021-07-01,17328.0,148.0,80.0,31,31,7,40.2422809672315,False,warm,E2020,260213,568.764819590105,66591.59995849554,0.008541089566020314,19.98709677419355,28.275460829493085,2021-07-01,2021-07,4.767861660793351
Utah,2021-08-01,31955.0,257.0,183.0,31,31,8,40.2422809672315,False,warm,E2020,260213,987.6524232071419,122803.24195947166,0.008042559849788765,16.480645161290322,28.275460829493085,2021-08-01,2021-08,4.767861660793351
Utah,2021-09-01,44072.0,289.0,298.0,30,30,9,40.2422809672315,False,warm,E2021,260213,1110.6286004158133,169368.94006064264,0.00655745144309312,13.173333333333334,28.275460829493085,2021-09-01,2021-09,4.767861660793351
Utah,2021-10-01,41388.0,310.0,276.0,31,31,10,40.2422809672315,False,transition,E2021,260213,1191.3317167090038,159054.31319726532,0.007490093746979801,2.2806451612903227,28.275460829493085,2021-10-01,2021-10,4.767861660793351
Utah,2021-11-01,45919.0,310.0,320.0,30,30,11,40.2422809672315,False,cold,E2021,260213,1191.3317167090038,176466.97128890562,0.0067510180970839955,1.2333333333333334,28.275460829493085,2021-11-01,2021-11,4.767861660793351
Utah,2021-12-01,41191.0,292.0,259.0,31,31,12,40.2422809672315,False,cold,E2021,260213,1122.1576170291262,158297.24110632442,0.007088927192833386,-5.064516129032258,28.275460829493085,2021-12-01,2021-12,4.767861660793351
Utah,2022-01-01,248531.0,329.0,331.0,31,31,1,40.2422809672315,False,cold,E2021,260213,1264.3488219266524,955106.0093077595,0.0013237785225987905,-6.464516129032258,28.275460829493085,2022-01-01,2022-01,4.767861660793351
Utah,2022-02-01,37329.0,213.0,293.0,28,28,2,40.2422809672315,False,cold,E2021,260213,818.5601795452187,143455.5537194529,0.005706019448686008,-7.846428571428571,28.275460829493085,2022-02-01,2022-02,4.767861660793351
Utah,2022-03-01,5070.0,168.0,303.0,31,31,3,40.2422809672315,False,cold,E2021,260213,645.6249303455246,19484.03807649887,0.033136094674556214,-2.674193548387097,28.275460829493085,2022-03-01,2022-03,4.767861660793351
Utah,2022-04-01,4331.0,25.0,33.0,30,30,4,40.2422809672315,False,transition,E2021,260213,96.0751384442745,16644.056984086114,0.005772338951743246,-0.20333333333333328,28.275460829493085,2022-04-01,2022-04,4.767861660793351
Utah,2022-05-01,16726.0,41.0,30.0,31,31,5,40.2422809672315,False,warm,E2021,260213,157.56322704861017,64278.11062475741,0.0024512734664594044,3.658064516129032,28.275460829493085,2022-05-01,2022-05,4.767861660793351
Utah,2022-06-01,33916.0,78.0,57.0,30,30,6,40.2422809672315,False,warm,E2021,260213,299.75443194613644,130339.37581904055,0.0022997995046585683,13.0,28.275460829493085,2022-06-01,2022-06,4.767861660793351
Utah,2022-07-01,27397.0,69.0,66.0,31,31,7,40.2422809672315,False,warm,E2021,260213,265.16738210619764,105286.82271831154,0.002518523925977297,19.219354838709677,28.275460829493085,2022-07-01,2022-07,4.767861660793351
Utah,2022-08-01,16520.0,48.0,68.0,31,31,8,40.2422809672315,False,warm,E2021,260213,184.46426581300705,63486.45148397659,0.0029055690072639223,17.200000000000003,28.275460829493085,2022-08-01,2022-08,4.767861660793351
Utah,2022-09-01,11604.0,46.0,53.0,30,30,9,40.2422809672315,False,warm,E2022,260213,176.7782547374651,44594.23626029445,0.003964150293002413,14.413333333333332,28.275460829493085,2022-09-01,2022-09,4.767861660793351
Utah,2022-10-01,7056.0,42.0,35.0,31,31,10,40.2422809672315,False,transition,E2022,260213,161.40623258638115,27116.247074512034,0.005952380952380952,4.800000000000001,28.275460829493085,2022-10-01,2022-10,4.767861660793351
Utah,2022-11-01,13402.0,72.0,54.0,30,30,11,40.2422809672315,False,cold,E2022,260213,276.69639871951057,51503.96021720667,0.005372332487688405,-6.239999999999999,28.275460829493085,2022-11-01,2022-11,4.767861660793351
Utah,2022-12-01,15954.0,73.0,77.0,31,31,12,40.2422809672315,False,cold,E2022,260213,280.53940425728155,61311.310349598214,0.004575655008148427,-7.15483870967742,28.275460829493085,2022-12-01,2022-12,4.767861660793351
Vermont,2020-04-01,573.0,14.0,36.0,30,30,4,42.80521247210115,False,transition,E2019,55062,254.25883549453343,10406.450909883404,0.02443280977312391,6.123333333333333,27.35483870967742,2020-04-01,2020-04,9.280113978494624
Vermont,2020-11-01,1993.0,48.0,11.0,30,30,11,42.80521247210115,False,cold,E2020,55062,871.7445788384003,36195.561367186085,0.02408429503261415,8.09,27.35483870967742,2020-11-01,2020-11,9.280113978494624
Vermont,2020-12-01,3240.0,57.0,67.0,31,31,12,42.80521247210115,False,cold,E2020,55062,1035.1966873706003,58842.75907159202,0.017592592592592594,1.7967741935483872,27.35483870967742,2020-12-01,2020-12,9.280113978494624
Vermont,2021-01-01,4553.0,29.0,38.0,31,31,1,42.80521247210115,False,cold,E2020,55062,526.6790163815335,82688.60557190077,0.006369426751592357,-1.1419354838709677,27.35483870967742,2021-01-01,2021-01,9.280113978494624
Vermont,2021-02-01,3233.0,22.0,30.0,28,28,2,42.80521247210115,False,cold,E2020,55062,399.54959863426683,58715.62965384476,0.006804825239715435,-1.6500000000000001,27.35483870967742,2021-02-01,2021-02,9.280113978494624
Vermont,2021-03-01,4077.0,24.0,23.0,31,31,3,42.80521247210115,False,cold,E2020,55062,435.8722894192002,74043.80516508663,0.005886681383370125,3.3129032258064517,27.35483870967742,2021-03-01,2021-03,9.280113978494624
Vermont,2021-04-01,3677.0,12.0,19.0,30,30,4,42.80521247210115,False,transition,E2020,55062,217.9361447096001,66779.26700809997,0.003263530051672559,8.053333333333333,27.35483870967742,2021-04-01,2021-04,9.280113978494624
Vermont,2021-05-01,1268.0,1.0,9.0,31,31,5,42.80521247210115,False,warm,E2020,55062,18.161345392466675,23028.58595764774,0.0007886435331230284,14.174193548387096,27.35483870967742,2021-05-01,2021-05,9.280113978494624
Vermont,2021-08-01,3311.0,31.0,16.0,31,31,8,42.80521247210115,False,warm,E2020,55062,563.0017071664669,60132.21459445716,0.009362730292962852,22.63225806451613,27.35483870967742,2021-08-01,2021-08,9.280113978494624
Vermont,2021-09-01,5462.0,50.0,41.0,30,30,9,42.80521247210115,False,warm,E2021,55062,908.0672696233337,99197.26853365297,0.009154155986818015,19.026666666666664,27.35483870967742,2021-09-01,2021-09,9.280113978494624
Vermont,2021-10-01,6529.0,53.0,47.0,31,31,10,42.80521247210115,False,transition,E2021,55062,962.5513058007338,118575.42406741492,0.008117629039669168,14.148387096774194,27.35483870967742,2021-10-01,2021-10,9.280113978494624
Vermont,2021-11-01,9823.0,51.0,46.0,30,30,11,42.80521247210115,False,cold,E2021,55062,926.2286150158004,178398.89579020013,0.005191896569276188,6.02,27.35483870967742,2021-11-01,2021-11,9.280113978494624
Vermont,2021-12-01,14433.0,59.0,61.0,31,31,12,42.80521247210115,False,cold,E2021,55062,1071.5193781555338,262122.6980494715,0.004087854222961269,2.987096774193548,27.35483870967742,2021-12-01,2021-12,9.280113978494624
Vermont,2022-01-01,40025.0,69.0,65.0,31,31,1,42.80521247210115,False,cold,E2021,55062,1253.1328320802006,726907.8493334786,0.0017239225484072455,-3.4870967741935486,27.35483870967742,2022-01-01,2022-01,9.280113978494624
Vermont,2022-02-01,7892.0,28.0,62.0,28,28,2,42.80521247210115,False,cold,E2021,55062,508.51767098906686,143329.337837347,0.0035478966041561076,-0.375,27.35483870967742,2022-02-01,2022-02,9.280113978494624
Vermont,2022-03-01,4275.0,15.0,19.0,31,31,3,42.80521247210115,False,cold,E2021,55062,272.42018088700013,77639.75155279503,0.0035087719298245615,3.512903225806452,27.35483870967742,2022-03-01,2022-03,9.280113978494624
Vermont,2022-04-01,7203.0,28.0,20.0,30,30,4,42.80521247210115,False,transition,E2021,55062,508.51767098906686,130816.17086193745,0.003887269193391642,8.45,27.35483870967742,2022-04-01,2022-04,9.280113978494624
Vermont,2022-05-01,7618.0,25.0,24.0,31,31,5,42.80521247210115,False,warm,E2021,55062,454.03363481166684,138353.1291998111,0.003281701233919664,14.358064516129033,27.35483870967742,2022-05-01,2022-05,9.280113978494624
Vermont,2022-06-01,4208.0,10.0,22.0,30,30,6,42.80521247210115,False,warm,E2021,55062,181.61345392466674,76422.94141149976,0.002376425855513308,18.566666666666666,27.35483870967742,2022-06-01,2022-06,9.280113978494624
Vermont,2022-07-01,1981.0,13.0,10.0,31,31,7,42.80521247210115,False,warm,E2021,55062,236.09749010206676,35977.62522247648,0.006562342251388188,23.86774193548387,27.35483870967742,2022-07-01,2022-07,9.280113978494624
Vermont,2022-08-01,2659.0,17.0,14.0,31,31,8,42.80521247210115,False,warm,E2021,55062,308.7428716719335,48291.01739856889,0.006393380970289583,23.200000000000003,27.35483870967742,2022-08-01,2022-08,9.280113978494624
Vermont,2022-09-01,2135.0,15.0,12.0,30,30,9,42.80521247210115,False,warm,E2022,55062,272.42018088700013,38774.47241291635,0.00702576112412178,17.33,27.35483870967742,2022-09-01,2022-09,9.280113978494624
Vermont,2022-10-01,2452.0,29.0,21.0,31,31,10,42.80521247210115,False,transition,E2022,55062,526.6790163815335,44531.618902328286,0.011827079934747145,12.47741935483871,27.35483870967742,2022-10-01,2022-10,9.280113978494624
Vermont,2022-11-01,1882.0,28.0,30.0,30,30,11,42.80521247210115,False,cold,E2022,55062,508.51767098906686,34179.65202862228,0.01487778958554729,8.503333333333334,27.35483870967742,2022-11-01,2022-11,9.280113978494624
Vermont,2022-12-01,1616.0,93.0,21.0,31,31,12,42.80521247210115,False,cold,E2022,55062,1689.0051214994007,29348.734154226146,0.05754950495049505,2.0258064516129033,27.35483870967742,2022-12-01,2022-12,9.280113978494624
Virginia,2020-03-01,1249.0,321.0,27.0,31,31,3,37.799101309493665,False,cold,E2019,68280,4701.230228471002,18292.325717633274,0.2570056044835869,11.654838709677419,26.835483870967742,2020-03-01,2020-03,15.531170371374358
Virginia,2020-04-01,14598.0,776.0,525.0,30,30,4,37.799101309493665,False,transition,E2019,68280,11364.967779730521,213796.13356766256,0.05315796684477326,12.843333333333334,26.835483870967742,2020-04-01,2020-04,15.531170371374358
Virginia,2020-05-01,28760.0,511.0,823.0,31,31,5,37.799101309493665,False,warm,E2019,68280,7483.889865260691,421206.7955477446,0.017767732962447845,17.187096774193545,26.835483870967742,2020-05-01,2020-05,15.531170371374358
Virginia,2020-06-01,18180.0,437.0,388.0,30,30,6,37.799101309493665,False,warm,E2019,68280,6400.117164616286,266256.5905096661,0.02403740374037404,23.73,26.835483870967742,2020-06-01,2020-06,15.531170371374358
Virginia,2020-07-01,27101.0,388.0,411.0,31,31,7,37.799101309493665,False,warm,E2019,68280,5682.483889865261,396909.7832454599,0.01431681487767979,28.051612903225806,26.835483870967742,2020-07-01,2020-07,15.531170371374358
Virginia,2020-08-01,30706.0,585.0,406.0,31,31,8,37.799101309493665,False,warm,E2019,68280,8567.662565905097,449707.08845928527,0.01905165114309907,24.75483870967742,26.835483870967742,2020-08-01,2020-08,15.531170371374358
Virginia,2020-09-01,27677.0,494.0,628.0,30,30,9,37.799101309493665,False,warm,E2020,68280,7234.915055653193,405345.63561804336,0.017848755284170972,19.996666666666666,26.835483870967742,2020-09-01,2020-09,15.531170371374358
Virginia,2020-10-01,32919.0,423.0,446.0,31,31,10,37.799101309493665,False,transition,E2020,68280,6195.079086115993,482117.7504393673,0.012849722045019593,15.709677419354838,26.835483870967742,2020-10-01,2020-10,15.531170371374358
Virginia,2020-11-01,56645.0,716.0,408.0,30,30,11,37.799101309493665,False,cold,E2020,68280,10486.233157586408,829598.7111892209,0.012640127107423427,11.696666666666665,26.835483870967742,2020-11-01,2020-11,15.531170371374358
Virginia,2020-12-01,111749.0,1286.0,970.0,31,31,12,37.799101309493665,False,cold,E2020,68280,18834.21206795548,1636628.5881663738,0.011507932956894468,4.480645161290322,26.835483870967742,2020-12-01,2020-12,15.531170371374358
Virginia,2021-01-01,155195.0,1391.0,1432.0,31,31,1,37.799101309493665,False,cold,E2020,68280,20371.997656707674,2272920.3280609255,0.008962917619768678,2.7225806451612904,26.835483870967742,2021-01-01,2021-01,15.531170371374358
Virginia,2021-02-01,71271.0,2786.0,2088.0,28,28,2,37.799101309493665,False,cold,E2020,68280,40802.57762155829,1043804.920913884,0.039090233054117386,2.882142857142857,26.835483870967742,2021-02-01,2021-02,15.531170371374358
Virginia,2021-03-01,42926.0,523.0,1700.0,31,31,3,37.799101309493665,False,cold,E2020,68280,7659.6367896895135,628676.0398359696,0.012183758095326841,10.041935483870969,26.835483870967742,2021-03-01,2021-03,15.531170371374358
Virginia,2021-04-01,40614.0,434.0,518.0,30,30,4,37.799101309493665,False,transition,E2020,68280,6356.18043350908,594815.4657293498,0.010685970355049982,14.139999999999999,26.835483870967742,2021-04-01,2021-04,15.531170371374358
Virginia,2021-05-01,15948.0,286.0,416.0,31,31,5,37.799101309493665,False,warm,E2020,68280,4188.63503222027,233567.6625659051,0.017933283170303488,18.53548387096774,26.835483870967742,2021-05-01,2021-05,15.531170371374358
Virginia,2021-06-01,4802.0,131.0,229.0,30,30,6,37.799101309493665,False,warm,E2020,68280,1918.5705916813122,70328.06092560047,0.027280299875052063,24.033333333333335,26.835483870967742,2021-06-01,2021-06,15.531170371374358
Virginia,2021-07-01,14044.0,156.0,117.0,31,31,7,37.799101309493665,False,warm,E2020,68280,2284.7100175746923,205682.48388986525,0.011107946454001708,26.219354838709677,26.835483870967742,2021-07-01,2021-07,15.531170371374358
Virginia,2021-08-01,72051.0,717.0,310.0,31,31,8,37.799101309493665,False,warm,E2020,68280,10500.878734622143,1055228.4710017575,0.009951284506807679,25.603225806451615,26.835483870967742,2021-08-01,2021-08,15.531170371374358
Virginia,2021-09-01,100341.0,1260.0,908.0,30,30,9,37.799101309493665,False,warm,E2021,68280,18453.42706502636,1469551.8453427064,0.012557180016144946,22.033333333333335,26.835483870967742,2021-09-01,2021-09,15.531170371374358
Virginia,2021-10-01,57995.0,868.0,1157.0,31,31,10,37.799101309493665,False,transition,E2021,68280,12712.36086701816,849370.2401874634,0.014966807483403741,17.98709677419355,26.835483870967742,2021-10-01,2021-10,15.531170371374358
Virginia,2021-11-01,44345.0,682.0,803.0,30,30,11,37.799101309493665,False,cold,E2021,68280,9988.283538371412,649458.1136496778,0.01537941143308152,8.356666666666666,26.835483870967742,2021-11-01,2021-11,15.531170371374358
Virginia,2021-12-01,149402.0,678.0,877.0,31,31,12,37.799101309493665,False,cold,E2021,68280,9929.701230228471,2188078.5002929117,0.0045380918595467265,8.712903225806452,26.835483870967742,2021-12-01,2021-12,15.531170371374358
Virginia,2022-01-01,427132.0,2293.0,630.0,31,31,1,37.799101309493665,False,cold,E2021,68280,33582.308142940834,6255594.610427651,0.005368363878145398,1.2161290322580645,26.835483870967742,2022-01-01,2022-01,15.531170371374358
Virginia,2022-02-01,94292.0,1375.0,2554.0,28,28,2,37.799101309493665,False,cold,E2021,68280,20137.66842413591,1380960.7498535442,0.014582361175921606,5.735714285714286,26.835483870967742,2022-02-01,2022-02,15.531170371374358
Virginia,2022-03-01,28949.0,604.0,921.0,31,31,3,37.799101309493665,False,cold,E2021,68280,8845.928529584065,423974.8096074985,0.020864278558844866,10.496774193548386,26.835483870967742,2022-03-01,2022-03,15.531170371374358
Virginia,2022-04-01,32567.0,214.0,544.0,30,30,4,37.799101309493665,False,transition,E2021,68280,3134.1534856473345,476962.50732278853,0.006571068873399454,14.166666666666666,26.835483870967742,2022-04-01,2022-04,15.531170371374358
Virginia,2022-05-01,86298.0,129.0,153.0,31,31,5,37.799101309493665,False,warm,E2021,68280,1889.2794376098418,1263884.007029877,0.001494820273934506,19.596774193548388,26.835483870967742,2022-05-01,2022-05,15.531170371374358
Virginia,2022-06-01,81475.0,386.0,209.0,30,30,6,37.799101309493665,False,warm,E2021,68280,5653.19273579379,1193248.388986526,0.004737649585762504,24.113333333333333,26.835483870967742,2022-06-01,2022-06,15.531170371374358
Virginia,2022-07-01,85485.0,396.0,320.0,31,31,7,37.799101309493665,False,warm,E2021,68280,5799.648506151142,1251977.1528998243,0.004632391647657484,26.60967741935484,26.835483870967742,2022-07-01,2022-07,15.531170371374358
Virginia,2022-08-01,85390.0,480.0,498.0,31,31,8,37.799101309493665,False,warm,E2021,68280,7029.8769771529,1250585.8230814293,0.005621267127298279,25.293548387096774,26.835483870967742,2022-08-01,2022-08,15.531170371374358
Virginia,2022-09-01,47254.0,379.0,433.0,30,30,9,37.799101309493665,False,warm,E2022,68280,5550.673696543644,692062.0972466315,0.008020485038303635,21.69333333333333,26.835483870967742,2022-09-01,2022-09,15.531170371374358
Virginia,2022-10-01,32920.0,196.0,350.0,31,31,10,37.799101309493665,False,transition,E2022,68280,2870.5330990041007,482132.39601640304,0.005953827460510328,13.47741935483871,26.835483870967742,2022-10-01,2022-10,15.531170371374358
Virginia,2022-11-01,29232.0,322.0,219.0,30,30,11,37.799101309493665,False,cold,E2022,68280,4715.875805506737,428119.5079086116,0.011015325670498084,10.596666666666666,26.835483870967742,2022-11-01,2022-11,15.531170371374358
Virginia,2022-12-01,49790.0,336.0,252.0,31,31,12,37.799101309493665,False,cold,E2022,68280,4920.91388400703,729203.280609256,0.006748343040771239,3.6903225806451614,26.835483870967742,2022-12-01,2022-12,15.531170371374358
Washington,2020-03-01,5425.0,631.0,224.0,31,31,3,47.214833468969495,False,cold,E2019,250873,2515.216862715398,21624.487290381985,0.11631336405529955,1.1483870967741936,23.709677419354836,2020-03-01,2020-03,7.8082980934309205
Washington,2020-04-01,8895.0,336.0,611.0,30,30,4,47.214833468969495,False,transition,E2019,250873,1339.3230837914004,35456.18699501341,0.03777403035413154,5.526666666666667,23.709677419354836,2020-04-01,2020-04,7.8082980934309205
Washington,2020-05-01,7375.0,187.0,287.0,31,31,5,47.214833468969495,False,warm,E2019,250873,745.3970734196187,29397.344473099936,0.02535593220338983,10.40967741935484,23.709677419354836,2020-05-01,2020-05,7.8082980934309205
Washington,2020-06-01,11737.0,232.0,180.0,30,30,6,47.214833468969495,False,warm,E2019,250873,924.7707007131098,46784.62807874901,0.019766550225781717,12.833333333333334,23.709677419354836,2020-06-01,2020-06,7.8082980934309205
Washington,2020-07-01,24147.0,360.0,300.0,31,31,7,47.214833468969495,False,warm,E2019,250873,1434.989018347929,96251.88840568734,0.014908684308609765,16.82903225806452,23.709677419354836,2020-07-01,2020-07,7.8082980934309205
Washington,2020-08-01,17916.0,200.0,309.0,31,31,8,47.214833468969495,False,warm,E2019,250873,797.216121304405,71414.62014644861,0.011163206072784104,17.661290322580644,23.709677419354836,2020-08-01,2020-08,7.8082980934309205
Washington,2020-09-01,13961.0,208.0,188.0,30,30,9,47.214833468969495,False,warm,E2020,250873,829.1047661565813,55649.671347653995,0.014898646228780173,16.323333333333334,23.709677419354836,2020-09-01,2020-09,7.8082980934309205
Washington,2020-10-01,21345.0,347.0,245.0,31,31,10,47.214833468969495,False,transition,E2020,250873,1383.1699704631428,85082.89054621263,0.016256734598266574,8.887096774193548,23.709677419354836,2020-10-01,2020-10,7.8082980934309205
Washington,2020-11-01,61154.0,511.0,417.0,30,30,11,47.214833468969495,False,cold,E2020,250873,2036.8871899327548,243764.7734112479,0.00835595382149982,2.0033333333333334,23.709677419354836,2020-11-01,2020-11,7.8082980934309205
Washington,2020-12-01,74790.0,959.0,697.0,31,31,12,47.214833468969495,False,cold,E2020,250873,3822.651301654622,298118.96856178227,0.012822569862281053,-1.038709677419355,23.709677419354836,2020-12-01,2020-12,7.8082980934309205
Washington,2021-01-01,64845.0,757.0,826.0,31,31,1,47.214833468969495,False,cold,E2020,250873,3017.463019137173,258477.3969299207,0.011673991826663583,-0.05161290322580641,23.709677419354836,2021-01-01,2021-01,7.8082980934309205
Washington,2021-02-01,28176.0,352.0,671.0,28,28,2,47.214833468969495,False,cold,E2020,250873,1403.1003734957528,112311.80716936458,0.01249290176036343,-1.3178571428571428,23.709677419354836,2021-02-01,2021-02,7.8082980934309205
Washington,2021-03-01,24713.0,248.0,291.0,31,31,3,47.214833468969495,False,cold,E2020,250873,988.5479904174622,98508.01002897881,0.010035204143568163,1.567741935483871,23.709677419354836,2021-03-01,2021-03,7.8082980934309205
Washington,2021-04-01,38554.0,280.0,252.0,30,30,4,47.214833468969495,False,transition,E2020,250873,1116.102569826167,153679.35170385014,0.007262540851792292,4.53,23.709677419354836,2021-04-01,2021-04,7.8082980934309205
Washington,2021-05-01,32809.0,136.0,266.0,31,31,5,47.214833468969495,False,warm,E2020,250873,542.1069624869954,130779.31861938113,0.004145204059861623,8.974193548387097,23.709677419354836,2021-05-01,2021-05,7.8082980934309205
Washington,2021-06-01,15746.0,225.0,165.0,30,30,6,47.214833468969495,False,warm,E2020,250873,896.8681364674557,62764.825230295806,0.014289343325288962,16.906666666666666,23.709677419354836,2021-06-01,2021-06,7.8082980934309205
Washington,2021-07-01,21481.0,293.0,192.0,31,31,7,47.214833468969495,False,warm,E2020,250873,1167.9216177109533,85624.99750869963,0.013639960895675247,20.02258064516129,23.709677419354836,2021-07-01,2021-07,7.8082980934309205
Washington,2021-08-01,89965.0,959.0,452.0,31,31,8,47.214833468969495,False,warm,E2020,250873,3822.651301654622,358607.741765754,0.010659700994831323,18.39032258064516,23.709677419354836,2021-08-01,2021-08,7.8082980934309205
Washington,2021-09-01,94585.0,1102.0,1152.0,30,30,9,47.214833468969495,False,warm,E2021,250873,4392.660828387272,377023.43416788575,0.011650896019453402,13.363333333333333,23.709677419354836,2021-09-01,2021-09,7.8082980934309205
Washington,2021-10-01,67809.0,693.0,902.0,31,31,10,47.214833468969495,False,transition,E2021,250873,2762.3538603197635,270292.139847652,0.010219882316506659,6.583870967741936,23.709677419354836,2021-10-01,2021-10,7.8082980934309205
Washington,2021-11-01,49030.0,615.0,675.0,30,30,11,47.214833468969495,False,cold,E2021,250873,2451.4395730110455,195437.5321377749,0.01254334081174791,2.496666666666667,23.709677419354836,2021-11-01,2021-11,7.8082980934309205
Washington,2021-12-01,74610.0,676.0,550.0,31,31,12,47.214833468969495,False,cold,E2021,250873,2694.590490008889,297401.4740526083,0.009060447661171424,-2.4096774193548383,23.709677419354836,2021-12-01,2021-12,7.8082980934309205
Washington,2022-01-01,490662.0,1214.0,923.0,31,31,1,47.214833468969495,False,cold,E2021,250873,4839.101856317739,1955818.2825573098,0.0024742083144812517,-1.6516129032258065,23.709677419354836,2022-01-01,2022-01,7.8082980934309205
Washington,2022-02-01,84253.0,740.0,1090.0,28,28,2,47.214833468969495,False,cold,E2021,250873,2949.6996488262985,335839.24934130016,0.008783070039049054,-0.06785714285714287,23.709677419354836,2022-02-01,2022-02,7.8082980934309205
Washington,2022-03-01,30782.0,295.0,612.0,31,31,3,47.214833468969495,False,cold,E2021,250873,1175.8937789239974,122699.53322996097,0.009583522838022222,2.7161290322580647,23.709677419354836,2022-03-01,2022-03,7.8082980934309205
Washington,2022-04-01,43344.0,213.0,225.0,30,30,4,47.214833468969495,False,transition,E2021,250873,849.0351691891914,172772.67780909064,0.004914174972314507,2.0566666666666666,23.709677419354836,2022-04-01,2022-04,7.8082980934309205
Washington,2022-05-01,75535.0,252.0,216.0,31,31,5,47.214833468969495,False,warm,E2021,250873,1004.4923128435503,301088.59861364117,0.0033362017607731515,6.854838709677419,23.709677419354836,2022-05-01,2022-05,7.8082980934309205
Washington,2022-06-01,85501.0,394.0,320.0,30,30,6,47.214833468969495,False,warm,E2021,250873,1570.5157589696778,340813.87793823966,0.00460813323820774,12.866666666666667,23.709677419354836,2022-06-01,2022-06,7.8082980934309205
Washington,2022-07-01,70797.0,411.0,365.0,31,31,7,47.214833468969495,False,warm,E2021,250873,1638.2791292805523,282202.5486999398,0.00580533073435315,18.825806451612905,23.709677419354836,2022-07-01,2022-07,7.8082980934309205
Washington,2022-08-01,54779.0,325.0,435.0,31,31,8,47.214833468969495,False,warm,E2021,250873,1295.476197119658,218353.50954467,0.005932930502564851,20.416129032258063,23.709677419354836,2022-08-01,2022-08,7.8082980934309205
Washington,2022-09-01,31455.0,271.0,300.0,30,30,9,47.214833468969495,False,warm,E2022,250873,1080.2278443674688,125382.1654781503,0.008615482435224925,15.94,23.709677419354836,2022-09-01,2022-09,7.8082980934309205
Washington,2022-10-01,22023.0,189.0,238.0,31,31,10,47.214833468969495,False,transition,E2022,250873,753.3692346326627,87785.45319743456,0.00858193706579485,12.02258064516129,23.709677419354836,2022-10-01,2022-10,7.8082980934309205
Washington,2022-11-01,19443.0,286.0,128.0,30,30,11,47.214833468969495,False,cold,E2022,250873,1140.019053465299,77501.36523260773,0.014709664146479453,-0.8433333333333334,23.709677419354836,2022-11-01,2022-11,7.8082980934309205
Washington,2022-12-01,26027.0,321.0,333.0,31,31,12,47.214833468969495,False,cold,E2022,250873,1279.53187469357,103745.71994594875,0.012333346140546356,-3.293548387096774,23.709677419354836,2022-12-01,2022-12,7.8082980934309205
West Virginia,2020-04-01,963.0,44.0,40.0,30,30,4,38.71626293256997,False,transition,E2019,20394,2157.497303128371,47219.7705207414,0.04569055036344756,9.656666666666666,26.183870967741935,2020-04-01,2020-04,13.46877664170507
West Virginia,2020-05-01,885.0,19.0,34.0,31,31,5,38.71626293256997,False,warm,E2019,20394,931.6465627145238,43395.116210650194,0.021468926553672316,14.480645161290322,26.183870967741935,2020-05-01,2020-05,13.46877664170507
West Virginia,2020-06-01,895.0,12.0,18.0,30,30,6,38.71626293256997,False,warm,E2019,20394,588.4083553986467,43885.45650681573,0.013407821229050279,20.4,26.183870967741935,2020-06-01,2020-06,13.46877664170507
West Virginia,2020-07-01,3674.0,70.0,23.0,31,31,7,38.71626293256997,False,warm,E2019,20394,3432.382073158772,180151.024811219,0.01905280348394121,24.419354838709676,26.183870967741935,2020-07-01,2020-07,13.46877664170507
West Virginia,2020-08-01,3670.0,144.0,99.0,31,31,8,38.71626293256997,False,warm,E2019,20394,7060.90026478376,179954.88869275278,0.03923705722070845,22.19677419354839,26.183870967741935,2020-08-01,2020-08,13.46877664170507
West Virginia,2020-09-01,5601.0,99.0,140.0,30,30,9,38.71626293256997,False,warm,E2020,20394,4854.368932038835,274639.59988231835,0.017675415104445636,18.48,26.183870967741935,2020-09-01,2020-09,13.46877664170507
West Virginia,2020-10-01,8610.0,244.0,104.0,31,31,10,38.71626293256997,False,transition,E2020,20394,11964.30322643915,422182.994998529,0.028339140534262487,14.27741935483871,26.183870967741935,2020-10-01,2020-10,13.46877664170507
West Virginia,2020-11-01,23382.0,471.0,276.0,30,30,11,38.71626293256997,False,cold,E2020,20394,23095.02794939688,1146513.680494263,0.02014370028226841,10.053333333333335,26.183870967741935,2020-11-01,2020-11,13.46877664170507
West Virginia,2020-12-01,37492.0,720.0,603.0,31,31,12,38.71626293256997,False,cold,E2020,20394,35304.5013239188,1838383.8383838383,0.019204096873999786,2.403225806451613,26.183870967741935,2020-12-01,2020-12,13.46877664170507
West Virginia,2021-01-01,35667.0,412.0,686.0,31,31,1,38.71626293256997,False,cold,E2020,20394,20202.0202020202,1748896.7343336276,0.011551293913141,0.6806451612903226,26.183870967741935,2021-01-01,2021-01,13.46877664170507
West Virginia,2021-02-01,10854.0,345.0,276.0,28,28,2,38.71626293256997,False,cold,E2020,20394,16916.740217711093,532215.3574580759,0.03178551686014373,0.5964285714285714,26.183870967741935,2021-02-01,2021-02,13.46877664170507
West Virginia,2021-03-01,9883.0,56.0,362.0,31,31,3,38.71626293256997,False,cold,E2020,20394,2745.9056585270177,484603.3147004021,0.005666295659212789,8.8,26.183870967741935,2021-03-01,2021-03,13.46877664170507
West Virginia,2021-04-01,11390.0,110.0,17.0,30,30,4,38.71626293256997,False,transition,E2020,20394,5393.743257820927,558497.5973325488,0.009657594381035996,11.276666666666667,26.183870967741935,2021-04-01,2021-04,13.46877664170507
West Virginia,2021-05-01,8159.0,91.0,113.0,31,31,5,38.71626293256997,False,warm,E2020,20394,4462.096695106404,400068.64764146315,0.011153327613678148,15.241935483870968,26.183870967741935,2021-05-01,2021-05,13.46877664170507
West Virginia,2021-06-01,2754.0,57.0,99.0,30,30,6,38.71626293256997,False,warm,E2020,20394,2794.939688143572,135039.7175639894,0.020697167755991286,21.279999999999998,26.183870967741935,2021-06-01,2021-06,13.46877664170507
West Virginia,2021-07-01,2975.0,88.0,55.0,31,31,7,38.71626293256997,False,warm,E2020,20394,4314.994606256742,145876.23810924782,0.02957983193277311,22.596774193548388,26.183870967741935,2021-07-01,2021-07,13.46877664170507
West Virginia,2021-08-01,22674.0,433.0,138.0,31,31,8,38.71626293256997,False,warm,E2020,20394,21231.734823967832,1111797.5875257428,0.0190967628120314,23.06451612903226,26.183870967741935,2021-08-01,2021-08,13.46877664170507
West Virginia,2021-09-01,50769.0,797.0,586.0,30,30,9,38.71626293256997,False,warm,E2021,20394,39080.12160439345,2489408.6496028244,0.01569855620555851,19.133333333333333,26.183870967741935,2021-09-01,2021-09,13.46877664170507
West Virginia,2021-10-01,32073.0,488.0,756.0,31,31,10,38.71626293256997,False,transition,E2021,20394,23928.6064528783,1572668.4318917328,0.015215290119415085,15.864516129032259,26.183870967741935,2021-10-01,2021-10,13.46877664170507
West Virginia,2021-11-01,22262.0,485.0,442.0,30,30,11,38.71626293256997,False,cold,E2021,20394,23781.504364028635,1091595.5673237226,0.021786003054532387,5.819999999999999,26.183870967741935,2021-11-01,2021-11,13.46877664170507
West Virginia,2021-12-01,33368.0,398.0,468.0,31,31,12,38.71626293256997,False,cold,E2021,20394,19515.543787388448,1636167.5002451702,0.011927595300887077,7.467741935483871,26.183870967741935,2021-12-01,2021-12,13.46877664170507
West Virginia,2022-01-01,118609.0,574.0,427.0,31,31,1,38.71626293256997,False,cold,E2021,20394,28145.53299990193,5815877.21878984,0.004839430397356018,-1.7645161290322582,26.183870967741935,2022-01-01,2022-01,13.46877664170507
West Virginia,2022-02-01,43340.0,468.0,554.0,28,28,2,38.71626293256997,False,cold,E2021,20394,22947.92586054722,2125134.8435814455,0.010798338717120442,3.335714285714286,26.183870967741935,2022-02-01,2022-02,13.46877664170507
West Virginia,2022-03-01,7658.0,171.0,424.0,31,31,3,38.71626293256997,False,cold,E2021,20394,8384.819064430714,375502.5988035697,0.022329589971271872,8.0,26.183870967741935,2022-03-01,2022-03,13.46877664170507
West Virginia,2022-04-01,3435.0,93.0,115.0,30,30,4,38.71626293256997,False,transition,E2021,20394,4560.164754339512,168431.8917328626,0.027074235807860263,10.903333333333334,26.183870967741935,2022-04-01,2022-04,13.46877664170507
West Virginia,2022-05-01,14721.0,103.0,92.0,31,31,5,38.71626293256997,False,warm,E2021,20394,5050.50505050505,721829.9499852898,0.0069968072821139865,18.293548387096774,26.183870967741935,2022-05-01,2022-05,13.46877664170507
West Virginia,2022-06-01,16578.0,103.0,116.0,30,30,6,38.71626293256997,False,warm,E2021,20394,5050.50505050505,812886.1429832304,0.006213053444323802,21.183333333333334,26.183870967741935,2022-06-01,2022-06,13.46877664170507
West Virginia,2022-07-01,22604.0,113.0,92.0,31,31,7,38.71626293256997,False,warm,E2021,20394,5540.84534667059,1108365.2054525842,0.004999115200849408,23.274193548387096,26.183870967741935,2022-07-01,2022-07,13.46877664170507
West Virginia,2022-08-01,27559.0,145.0,130.0,31,31,8,38.71626293256997,False,warm,E2021,20394,7109.934294400314,1351328.8222026087,0.00526143909430676,21.848387096774193,26.183870967741935,2022-08-01,2022-08,13.46877664170507
West Virginia,2022-09-01,17892.0,108.0,130.0,30,30,9,38.71626293256997,False,warm,E2022,20394,5295.67519858782,877316.8578993821,0.006036217303822937,18.05666666666667,26.183870967741935,2022-09-01,2022-09,13.46877664170507
West Virginia,2022-10-01,7546.0,100.0,106.0,31,31,10,38.71626293256997,False,transition,E2022,20394,4903.402961655389,370010.78748651565,0.013252054068380599,11.293548387096775,26.183870967741935,2022-10-01,2022-10,13.46877664170507
West Virginia,2022-11-01,6542.0,19.0,84.0,30,30,11,38.71626293256997,False,cold,E2022,20394,931.6465627145238,320780.6217514955,0.002904310608376643,8.386666666666667,26.183870967741935,2022-11-01,2022-11,13.46877664170507
Wisconsin,2020-03-01,1412.0,265.0,43.0,31,31,3,43.712786614597164,False,cold,E2019,72999,3630.1867148865053,19342.730722338663,0.18767705382436262,2.429032258064516,35.40967741935484,2020-03-01,2020-03,9.387843363151712
Wisconsin,2020-04-01,5442.0,264.0,314.0,30,30,4,43.712786614597164,False,transition,E2019,72999,3616.4878970944806,74548.9664241976,0.04851157662624035,5.753333333333333,35.40967741935484,2020-04-01,2020-04,9.387843363151712
Wisconsin,2020-05-01,11549.0,247.0,293.0,31,31,5,43.712786614597164,False,warm,E2019,72999,3383.6079946300633,158207.6466800915,0.021387133085115594,12.951612903225806,35.40967741935484,2020-05-01,2020-05,9.387843363151712
Wisconsin,2020-06-01,10256.0,122.0,165.0,30,30,6,43.712786614597164,False,warm,E2019,72999,1671.255770626995,140495.07527500376,0.01189547581903276,20.67,35.40967741935484,2020-06-01,2020-06,9.387843363151712
Wisconsin,2020-07-01,24281.0,224.0,163.0,31,31,7,43.712786614597164,False,warm,E2019,72999,3068.5351854134988,332620.99480814807,0.009225320209217083,24.1,35.40967741935484,2020-07-01,2020-07,9.387843363151712
Wisconsin,2020-08-01,22663.0,185.0,208.0,31,31,8,43.712786614597164,False,warm,E2019,72999,2534.2812915245413,310456.3076206523,0.008163085204959626,22.26451612903226,35.40967741935484,2020-08-01,2020-08,9.387843363151712
Wisconsin,2020-09-01,46671.0,599.0,216.0,30,30,9,43.712786614597164,False,warm,E2020,72999,8205.591857422705,639337.5251715777,0.0128345225086242,16.026666666666667,35.40967741935484,2020-09-01,2020-09,9.387843363151712
Wisconsin,2020-10-01,115595.0,1233.0,937.0,31,31,10,43.712786614597164,False,transition,E2020,72999,16890.642337566267,1583514.8426690777,0.010666551321423938,7.064516129032258,35.40967741935484,2020-10-01,2020-10,9.387843363151712
Wisconsin,2020-11-01,173861.0,1608.0,1155.0,30,30,11,43.712786614597164,False,cold,E2020,72999,22027.699009575474,2381690.16013918,0.009248767693732349,5.489999999999999,35.40967741935484,2020-11-01,2020-11,9.387843363151712
Wisconsin,2020-12-01,108708.0,1339.0,1748.0,31,31,12,43.712786614597164,False,cold,E2020,72999,18342.71702352087,1489171.0845354046,0.012317400743275564,-2.583870967741935,35.40967741935484,2020-12-01,2020-12,9.387843363151712
Wisconsin,2021-01-01,71702.0,781.0,1192.0,31,31,1,43.712786614597164,False,cold,E2020,72999,10698.776695571172,982232.6333237442,0.010892304259295417,-6.064516129032258,35.40967741935484,2021-01-01,2021-01,9.387843363151712
Wisconsin,2021-02-01,25227.0,369.0,580.0,28,28,2,43.712786614597164,False,cold,E2020,72999,5054.863765257059,345580.0764394033,0.014627185158758473,-10.860714285714286,35.40967741935484,2021-02-01,2021-02,9.387843363151712
Wisconsin,2021-03-01,18674.0,190.0,301.0,31,31,3,43.712786614597164,False,cold,E2020,72999,2602.7753804846643,255811.72344826642,0.010174574274392204,3.635483870967742,35.40967741935484,2021-03-01,2021-03,9.387843363151712
Wisconsin,2021-04-01,24409.0,315.0,235.0,30,30,4,43.712786614597164,False,transition,E2020,72999,4315.127604487733,334374.4434855272,0.012905075996558647,8.610000000000001,35.40967741935484,2021-04-01,2021-04,9.387843363151712
Wisconsin,2021-05-01,13970.0,319.0,306.0,31,31,5,43.712786614597164,False,warm,E2020,72999,4369.9228756558305,191372.48455458294,0.02283464566929134,14.174193548387096,35.40967741935484,2021-05-01,2021-05,9.387843363151712
Wisconsin,2021-06-01,3202.0,120.0,272.0,30,30,6,43.712786614597164,False,warm,E2020,72999,1643.8581350429458,43863.6145700626,0.037476577139287946,22.78666666666667,35.40967741935484,2021-06-01,2021-06,9.387843363151712
Wisconsin,2021-07-01,9576.0,184.0,162.0,31,31,7,43.712786614597164,False,warm,E2020,72999,2520.582473732517,131179.8791764271,0.01921470342522974,22.36774193548387,35.40967741935484,2021-07-01,2021-07,9.387843363151712
Wisconsin,2021-08-01,46742.0,363.0,172.0,31,31,8,43.712786614597164,False,warm,E2020,72999,4972.670858504911,640310.1412348114,0.0077660348294895385,22.725806451612904,35.40967741935484,2021-08-01,2021-08,9.387843363151712
Wisconsin,2021-09-01,76224.0,495.0,426.0,30,30,9,43.712786614597164,False,warm,E2021,72999,6780.914807052151,1044178.6873792792,0.006494017632241814,18.19,35.40967741935484,2021-09-01,2021-09,9.387843363151712
Wisconsin,2021-10-01,72293.0,590.0,528.0,31,31,10,43.712786614597164,False,transition,E2021,72999,8082.302497294483,990328.6346388307,0.008161232761124867,13.667741935483871,35.40967741935484,2021-10-01,2021-10,9.387843363151712
Wisconsin,2021-11-01,98326.0,1035.0,589.0,30,30,11,43.712786614597164,False,cold,E2021,72999,14178.276414745407,1346949.9582186057,0.010526208734210687,2.7333333333333334,35.40967741935484,2021-11-01,2021-11,9.387843363151712
Wisconsin,2021-12-01,139880.0,1095.0,1168.0,31,31,12,43.712786614597164,False,cold,E2021,72999,15000.20548226688,1916190.6327483938,0.007828138404346582,-1.0516129032258066,35.40967741935484,2021-12-01,2021-12,9.387843363151712
Wisconsin,2022-01-01,395965.0,1140.0,1201.0,31,31,1,43.712786614597164,False,cold,E2021,72999,15616.652282907986,5424252.387019,0.002879042339600722,-11.30967741935484,35.40967741935484,2022-01-01,2022-01,9.387843363151712
Wisconsin,2022-02-01,55369.0,908.0,923.0,28,28,2,43.712786614597164,False,cold,E2021,72999,12438.52655515829,758489.8423266072,0.016399068070581013,-7.171428571428572,35.40967741935484,2022-02-01,2022-02,9.387843363151712
Wisconsin,2022-03-01,13263.0,408.0,1005.0,31,31,3,43.712786614597164,False,cold,E2021,72999,5589.117659146015,181687.4203756216,0.03076227097941642,0.5612903225806453,35.40967741935484,2022-03-01,2022-03,9.387843363151712
Wisconsin,2022-04-01,25341.0,125.0,111.0,30,30,4,43.712786614597164,False,transition,E2021,72999,1712.3522240030686,347141.74166769406,0.00493271773016061,5.543333333333334,35.40967741935484,2022-04-01,2022-04,9.387843363151712
Wisconsin,2022-05-01,64980.0,213.0,187.0,31,31,5,43.712786614597164,False,warm,E2021,72999,2917.848189701229,890149.1801257551,0.003277931671283472,16.019354838709678,35.40967741935484,2022-05-01,2022-05,9.387843363151712
Wisconsin,2022-06-01,51059.0,136.0,197.0,30,30,6,43.712786614597164,False,warm,E2021,72999,1863.0392197153385,699447.9376429814,0.00266358526410623,20.576666666666664,35.40967741935484,2022-06-01,2022-06,9.387843363151712
Wisconsin,2022-07-01,51067.0,132.0,125.0,31,31,7,43.712786614597164,False,warm,E2021,72999,1808.2439485472403,699557.5281853176,0.0025848395245461845,22.51290322580645,35.40967741935484,2022-07-01,2022-07,9.387843363151712
Wisconsin,2022-08-01,54684.0,207.0,150.0,31,31,8,43.712786614597164,False,warm,E2021,72999,2835.6552829490815,749106.1521390704,0.003785385121790652,21.561290322580643,35.40967741935484,2022-08-01,2022-08,9.387843363151712
Wisconsin,2022-09-01,34243.0,183.0,191.0,30,30,9,43.712786614597164,False,warm,E2022,72999,2506.883655940492,469088.6176522966,0.005344157930087901,17.373333333333335,35.40967741935484,2022-09-01,2022-09,9.387843363151712
Wisconsin,2022-10-01,31052.0,179.0,198.0,31,31,10,43.712786614597164,False,transition,E2022,72999,2452.088384772394,425375.6900779463,0.0057645240242174415,9.86774193548387,35.40967741935484,2022-10-01,2022-10,9.387843363151712
Wisconsin,2022-11-01,28751.0,174.0,147.0,30,30,11,43.712786614597164,False,cold,E2022,72999,2383.5942958122714,393854.71033849777,0.006051963409968349,3.6300000000000003,35.40967741935484,2022-11-01,2022-11,9.387843363151712
Wisconsin,2022-12-01,34441.0,255.0,194.0,31,31,12,43.712786614597164,False,cold,E2022,72999,3493.19853696626,471800.9835751175,0.00740396620307192,-5.058064516129033,35.40967741935484,2022-12-01,2022-12,9.387843363151712
Wyoming,2020-06-01,584.0,5.0,4.0,30,30,6,42.7794419243857,False,warm,E2019,6927,721.8131947451999,84307.78114623936,0.008561643835616438,16.906666666666666,33.00910138248848,2020-06-01,2020-06,6.922668202764977
Wyoming,2020-07-01,1239.0,12.0,6.0,31,31,7,42.7794419243857,False,warm,E2019,6927,1732.3516673884799,178865.30965786055,0.009685230024213076,20.990322580645163,33.00910138248848,2020-07-01,2020-07,6.922668202764977
Wyoming,2020-08-01,1124.0,12.0,11.0,31,31,8,42.7794419243857,False,warm,E2019,6927,1732.3516673884799,162263.60617872095,0.010676156583629894,22.10967741935484,33.00910138248848,2020-08-01,2020-08,6.922668202764977
Wyoming,2020-09-01,2098.0,12.0,13.0,30,30,9,42.7794419243857,False,warm,E2020,6927,1732.3516673884799,302872.81651508587,0.005719733079122974,13.943333333333333,33.00910138248848,2020-09-01,2020-09,6.922668202764977
Wyoming,2020-10-01,7350.0,115.0,37.0,31,31,10,42.7794419243857,False,transition,E2020,6927,16601.7034791396,1061065.396275444,0.015646258503401362,5.758064516129032,33.00910138248848,2020-10-01,2020-10,6.922668202764977
Wyoming,2020-11-01,20007.0,175.0,128.0,30,30,11,42.7794419243857,False,cold,E2020,6927,25263.461816082,2888263.317453443,0.008746938571499975,1.0733333333333335,33.00910138248848,2020-11-01,2020-11,6.922668202764977
Wyoming,2020-12-01,11104.0,199.0,223.0,31,31,12,42.7794419243857,False,cold,E2020,6927,28728.165150858957,1603002.74289014,0.017921469740634004,-5.058064516129033,33.00910138248848,2020-12-01,2020-12,6.922668202764977
Wyoming,2021-01-01,7503.0,112.0,158.0,31,31,1,42.7794419243857,False,cold,E2020,6927,16168.615562292478,1083152.880034647,0.014927362388377982,-7.080645161290323,33.00910138248848,2021-01-01,2021-01,6.922668202764977
Wyoming,2021-02-01,2482.0,31.0,75.0,28,28,2,42.7794419243857,False,cold,E2020,6927,4475.24180742024,358308.06987151725,0.01248992747784045,-10.360714285714286,33.00910138248848,2021-02-01,2021-02,6.922668202764977
Wyoming,2021-03-01,1916.0,12.0,29.0,31,31,3,42.7794419243857,False,cold,E2020,6927,1732.3516673884799,276598.8162263606,0.006263048016701462,-3.2612903225806456,33.00910138248848,2021-03-01,2021-03,6.922668202764977
Wyoming,2021-04-01,1832.0,8.0,7.0,30,30,4,42.7794419243857,False,transition,E2020,6927,1154.90111159232,264472.35455464124,0.004366812227074236,0.4666666666666667,33.00910138248848,2021-04-01,2021-04,6.922668202764977
Wyoming,2021-05-01,2002.0,21.0,12.0,31,31,5,42.7794419243857,False,warm,E2020,6927,3031.6154179298396,289014.0031759781,0.01048951048951049,8.719354838709679,33.00910138248848,2021-05-01,2021-05,6.922668202764977
Wyoming,2021-06-01,2146.0,32.0,28.0,30,30,6,42.7794419243857,False,warm,E2020,6927,4619.60444636928,309802.2231846398,0.014911463187325256,19.64333333333333,33.00910138248848,2021-06-01,2021-06,6.922668202764977
Wyoming,2021-07-01,2837.0,43.0,29.0,31,31,7,42.7794419243857,False,warm,E2020,6927,6207.593474808719,409556.80669842643,0.01515685583362707,22.648387096774194,33.00910138248848,2021-07-01,2021-07,6.922668202764977
Wyoming,2021-08-01,10009.0,146.0,82.0,31,31,8,42.7794419243857,False,warm,E2020,6927,21076.94528655984,1444925.6532409412,0.01458687181536617,19.429032258064513,33.00910138248848,2021-08-01,2021-08,6.922668202764977
Wyoming,2021-09-01,15466.0,194.0,138.0,30,30,9,42.7794419243857,False,warm,E2021,6927,28006.35195611376,2232712.5739858523,0.01254364412259149,16.12333333333333,33.00910138248848,2021-09-01,2021-09,6.922668202764977
Wyoming,2021-10-01,12324.0,198.0,178.0,31,31,10,42.7794419243857,False,transition,E2021,6927,28583.80251190992,1779125.162407969,0.016066212268743916,5.229032258064516,33.00910138248848,2021-10-01,2021-10,6.922668202764977
Wyoming,2021-11-01,8163.0,179.0,254.0,30,30,11,42.7794419243857,False,cold,E2021,6927,25840.91237187816,1178432.2217410135,0.021928212666911674,2.32,33.00910138248848,2021-11-01,2021-11,6.922668202764977
Wyoming,2021-12-01,4549.0,75.0,98.0,31,31,12,42.7794419243857,False,cold,E2021,6927,10827.197921178,656705.644579183,0.016487140030775994,-3.103225806451613,33.00910138248848,2021-12-01,2021-12,6.922668202764977
Wyoming,2022-01-01,30867.0,88.0,99.0,31,31,1,42.7794419243857,False,cold,E2021,6927,12703.912227515519,4456041.576440018,0.0028509411345449833,-5.6,33.00910138248848,2022-01-01,2022-01,6.922668202764977
Wyoming,2022-02-01,8596.0,80.0,111.0,28,28,2,42.7794419243857,False,cold,E2021,6927,11549.011115923198,1240941.2444059476,0.009306654257794323,-8.132142857142856,33.00910138248848,2022-02-01,2022-02,6.922668202764977
Wyoming,2022-03-01,1011.0,38.0,55.0,31,31,3,42.7794419243857,False,cold,E2021,6927,5485.78028006352,145950.62797747942,0.03758654797230465,-2.1806451612903226,33.00910138248848,2022-03-01,2022-03,6.922668202764977
Wyoming,2022-05-01,1922.0,9.0,8.0,31,31,5,42.7794419243857,False,warm,E2021,6927,1299.26375054136,277464.99206005485,0.004682622268470343,7.632258064516129,33.00910138248848,2022-05-01,2022-05,6.922668202764977
Wyoming,2022-06-01,5984.0,21.0,14.0,30,30,6,42.7794419243857,False,warm,E2021,6927,3031.6154179298396,863866.0314710552,0.0035093582887700536,16.176666666666666,33.00910138248848,2022-06-01,2022-06,6.922668202764977
Wyoming,2022-07-01,5575.0,21.0,22.0,31,31,7,42.7794419243857,False,warm,E2021,6927,3031.6154179298396,804821.712140898,0.003766816143497758,22.458064516129035,33.00910138248848,2022-07-01,2022-07,6.922668202764977
Wyoming,2022-08-01,4797.0,20.0,25.0,31,31,8,42.7794419243857,False,warm,E2021,6927,2887.2527789807996,692507.5790385448,0.004169272461955389,20.793548387096774,33.00910138248848,2022-08-01,2022-08,6.922668202764977
Wyoming,2022-09-01,1900.0,15.0,13.0,30,30,9,42.7794419243857,False,warm,E2022,6927,2165.4395842356,274289.01400317595,0.007894736842105263,16.18,33.00910138248848,2022-09-01,2022-09,6.922668202764977
Wyoming,2022-10-01,1716.0,18.0,14.0,31,31,10,42.7794419243857,False,transition,E2022,6927,2598.52750108272,247726.28843655263,0.01048951048951049,6.690322580645161,33.00910138248848,2022-10-01,2022-10,6.922668202764977
Wyoming,2022-11-01,2481.0,34.0,30.0,30,30,11,42.7794419243857,False,cold,E2022,6927,4908.32972426736,358163.70723256824,0.013704151551793631,-4.473333333333333,33.00910138248848,2022-11-01,2022-11,6.922668202764977
Wyoming,2022-12-01,1922.0,12.0,20.0,31,31,12,42.7794419243857,False,cold,E2022,6927,1732.3516673884799,277464.99206005485,0.006243496357960458,-8.361290322580645,33.00910138248848,2022-12-01,2022-12,6.922668202764977
